citation_id,document_id,cited_document_id,citation_type,citation_context,citation_date
CIT-00001,DOC-0005,DOC-0058,References,DOC-0005 references architectural principles defined in DOC-0058.,2021-11-15
CIT-00002,DOC-0007,DOC-0191,References,DOC-0007 references architectural principles defined in DOC-0191.,2024-07-25
CIT-00003,DOC-0008,DOC-0004,References,DOC-0008 references architectural principles defined in DOC-0004.,2022-03-26
CIT-00004,DOC-0011,DOC-0397,References,DOC-0011 references architectural principles defined in DOC-0397.,2025-10-29
CIT-00005,DOC-0012,DOC-0488,References,DOC-0012 references architectural principles defined in DOC-0488.,2025-09-20
CIT-00006,DOC-0012,DOC-0838,References,DOC-0012 references architectural principles defined in DOC-0838.,2025-09-20
CIT-00007,DOC-0013,DOC-0620,References,DOC-0013 references architectural principles defined in DOC-0620.,2025-12-04
CIT-00008,DOC-0013,DOC-0724,References,DOC-0013 references architectural principles defined in DOC-0724.,2025-12-04
CIT-00009,DOC-0013,DOC-0191,References,DOC-0013 references architectural principles defined in DOC-0191.,2025-12-04
CIT-00010,DOC-0013,DOC-0481,References,DOC-0013 references architectural principles defined in DOC-0481.,2025-12-04
CIT-00011,DOC-0014,DOC-0454,References,DOC-0014 references architectural principles defined in DOC-0454.,2024-12-31
CIT-00012,DOC-0015,DOC-0082,References,DOC-0015 references architectural principles defined in DOC-0082.,2022-04-17
CIT-00013,DOC-0016,DOC-0270,References,DOC-0016 references architectural principles defined in DOC-0270.,2022-03-15
CIT-00014,DOC-0016,DOC-0148,References,DOC-0016 references architectural principles defined in DOC-0148.,2022-03-15
CIT-00015,DOC-0019,DOC-0720,References,DOC-0019 references architectural principles defined in DOC-0720.,2023-09-13
CIT-00016,ADR-021,DOC-0775,References,ADR-021 references architectural principles defined in DOC-0775.,2025-11-10
CIT-00017,ADR-021,DOC-0234,References,ADR-021 references architectural principles defined in DOC-0234.,2025-11-10
CIT-00018,ADR-021,DOC-0167,References,ADR-021 references architectural principles defined in DOC-0167.,2025-11-10
CIT-00019,DOC-0022,DOC-0616,References,DOC-0022 references architectural principles defined in DOC-0616.,2023-04-07
CIT-00020,DOC-0022,DOC-0423,References,DOC-0022 references architectural principles defined in DOC-0423.,2023-04-07
CIT-00021,DOC-0022,DOC-0519,References,DOC-0022 references architectural principles defined in DOC-0519.,2023-04-07
CIT-00022,DOC-0024,DOC-0845,References,DOC-0024 references architectural principles defined in DOC-0845.,2021-11-20
CIT-00023,DOC-0024,DOC-0354,References,DOC-0024 references architectural principles defined in DOC-0354.,2021-11-20
CIT-00024,DOC-0024,DOC-0754,References,DOC-0024 references architectural principles defined in DOC-0754.,2021-11-20
CIT-00025,DOC-0025,DOC-0671,References,DOC-0025 references architectural principles defined in DOC-0671.,2021-11-15
CIT-00026,DOC-0028,DOC-0067,References,DOC-0028 references architectural principles defined in DOC-0067.,2025-12-16
CIT-00027,DOC-0028,DOC-0064,References,DOC-0028 references architectural principles defined in DOC-0064.,2025-12-16
CIT-00028,DOC-0029,DOC-0925,References,DOC-0029 references architectural principles defined in DOC-0925.,2025-07-01
CIT-00029,DOC-0029,DOC-0751,References,DOC-0029 references architectural principles defined in DOC-0751.,2025-07-01
CIT-00030,DOC-0029,DOC-0062,References,DOC-0029 references architectural principles defined in DOC-0062.,2025-07-01
CIT-00031,DOC-0032,DOC-0013,References,DOC-0032 references architectural principles defined in DOC-0013.,2024-12-22
CIT-00032,DOC-0032,DOC-0763,References,DOC-0032 references architectural principles defined in DOC-0763.,2024-12-22
CIT-00033,DOC-0032,DOC-0691,References,DOC-0032 references architectural principles defined in DOC-0691.,2024-12-22
CIT-00034,DOC-0032,DOC-0091,References,DOC-0032 references architectural principles defined in DOC-0091.,2024-12-22
CIT-00035,DOC-0033,DOC-0715,References,DOC-0033 references architectural principles defined in DOC-0715.,2023-11-05
CIT-00036,DOC-0033,DOC-0698,References,DOC-0033 references architectural principles defined in DOC-0698.,2023-11-05
CIT-00037,DOC-0033,DOC-0621,References,DOC-0033 references architectural principles defined in DOC-0621.,2023-11-05
CIT-00038,DOC-0035,DOC-0745,References,DOC-0035 references architectural principles defined in DOC-0745.,2024-09-21
CIT-00039,DOC-0035,DOC-0860,References,DOC-0035 references architectural principles defined in DOC-0860.,2024-09-21
CIT-00040,DOC-0035,DOC-0327,References,DOC-0035 references architectural principles defined in DOC-0327.,2024-09-21
CIT-00041,DOC-0041,DOC-0234,References,DOC-0041 references architectural principles defined in DOC-0234.,10/14/2025
CIT-00042,DOC-0041,DOC-0602,References,DOC-0041 references architectural principles defined in DOC-0602.,10/14/2025
CIT-00043,DOC-0042,DOC-0420,References,DOC-0042 references architectural principles defined in DOC-0420.,2023-12-30
CIT-00044,DOC-0042,DOC-0477,References,DOC-0042 references architectural principles defined in DOC-0477.,2023-12-30
CIT-00045,DOC-0042,DOC-0902,References,DOC-0042 references architectural principles defined in DOC-0902.,2023-12-30
CIT-00046,DOC-0050,DOC-0430,References,DOC-0050 references architectural principles defined in DOC-0430.,2025-12-08
CIT-00047,DOC-0050,DOC-0973,References,DOC-0050 references architectural principles defined in DOC-0973.,2025-12-08
CIT-00048,DOC-0050,DOC-0026,References,DOC-0050 references architectural principles defined in DOC-0026.,2025-12-08
CIT-00049,DOC-0050,DOC-0895,References,DOC-0050 references architectural principles defined in DOC-0895.,2025-12-08
CIT-00050,DOC-0051,DOC-0391,References,DOC-0051 references architectural principles defined in DOC-0391.,2021-07-10
CIT-00051,DOC-0051,DOC-0892,References,DOC-0051 references architectural principles defined in DOC-0892.,2021-07-10
CIT-00052,DOC-0051,DOC-0648,References,DOC-0051 references architectural principles defined in DOC-0648.,2021-07-10
CIT-00053,DOC-0052,DOC-0015,References,DOC-0052 references architectural principles defined in DOC-0015.,2022-07-09
CIT-00054,DOC-0052,DOC-0445,References,DOC-0052 references architectural principles defined in DOC-0445.,2022-07-09
CIT-00055,DOC-0052,DOC-0811,References,DOC-0052 references architectural principles defined in DOC-0811.,2022-07-09
CIT-00056,DOC-0055,DOC-0223,References,DOC-0055 references architectural principles defined in DOC-0223.,2023-04-01
CIT-00057,DOC-0055,DOC-0098,References,DOC-0055 references architectural principles defined in DOC-0098.,2023-04-01
CIT-00058,DOC-0056,DOC-0154,References,DOC-0056 references architectural principles defined in DOC-0154.,2024-05-26
CIT-00059,DOC-0056,DOC-0278,References,DOC-0056 references architectural principles defined in DOC-0278.,2024-05-26
CIT-00060,DOC-0056,DOC-0346,References,DOC-0056 references architectural principles defined in DOC-0346.,2024-05-26
CIT-00061,DOC-0056,DOC-0203,References,DOC-0056 references architectural principles defined in DOC-0203.,2024-05-26
CIT-00062,DOC-0057,DOC-0163,References,DOC-0057 references architectural principles defined in DOC-0163.,2024-07-05
CIT-00063,DOC-0057,DOC-0311,References,DOC-0057 references architectural principles defined in DOC-0311.,2024-07-05
CIT-00064,DOC-0057,DOC-0850,References,DOC-0057 references architectural principles defined in DOC-0850.,2024-07-05
CIT-00065,DOC-0057,DOC-0979,References,DOC-0057 references architectural principles defined in DOC-0979.,2024-07-05
CIT-00066,DOC-0059,DOC-0499,References,DOC-0059 references architectural principles defined in DOC-0499.,2022-04-06
CIT-00067,DOC-0059,DOC-0622,References,DOC-0059 references architectural principles defined in DOC-0622.,2022-04-06
CIT-00068,DOC-0063,DOC-0362,References,DOC-0063 references architectural principles defined in DOC-0362.,2022-06-01
CIT-00069,DOC-0065,DOC-0723,References,DOC-0065 references architectural principles defined in DOC-0723.,2021-01-29
CIT-00070,DOC-0065,DOC-0489,References,DOC-0065 references architectural principles defined in DOC-0489.,2021-01-29
CIT-00071,DOC-0065,DOC-0623,References,DOC-0065 references architectural principles defined in DOC-0623.,2021-01-29
CIT-00072,DOC-0066,DOC-0532,References,DOC-0066 references architectural principles defined in DOC-0532.,2026-07-01
CIT-00073,DOC-0066,DOC-0966,References,DOC-0066 references architectural principles defined in DOC-0966.,2026-07-01
CIT-00074,DOC-0068,DOC-0014,References,DOC-0068 references architectural principles defined in DOC-0014.,2026-07-02
CIT-00075,DOC-0068,DOC-0980,References,DOC-0068 references architectural principles defined in DOC-0980.,2026-07-02
CIT-00076,DOC-0068,DOC-0316,References,DOC-0068 references architectural principles defined in DOC-0316.,2026-07-02
CIT-00077,DOC-0068,DOC-0647,References,DOC-0068 references architectural principles defined in DOC-0647.,2026-07-02
CIT-00078,DOC-0069,DOC-0701,References,DOC-0069 references architectural principles defined in DOC-0701.,10/26/2023
CIT-00079,DOC-0069,DOC-0634,References,DOC-0069 references architectural principles defined in DOC-0634.,10/26/2023
CIT-00080,DOC-0069,DOC-0440,References,DOC-0069 references architectural principles defined in DOC-0440.,10/26/2023
CIT-00081,DOC-0073,DOC-0827,References,DOC-0073 references architectural principles defined in DOC-0827.,2024-07-30
CIT-00082,DOC-0073,DOC-0706,References,DOC-0073 references architectural principles defined in DOC-0706.,2024-07-30
CIT-00083,DOC-0073,DOC-0885,References,DOC-0073 references architectural principles defined in DOC-0885.,2024-07-30
CIT-00084,DOC-0074,DOC-0065,References,DOC-0074 references architectural principles defined in DOC-0065.,2023-07-25
CIT-00085,DOC-0074,DOC-0019,References,DOC-0074 references architectural principles defined in DOC-0019.,2023-07-25
CIT-00086,DOC-0074,DOC-0458,References,DOC-0074 references architectural principles defined in DOC-0458.,2023-07-25
CIT-00087,DOC-0074,DOC-0379,References,DOC-0074 references architectural principles defined in DOC-0379.,2023-07-25
CIT-00088,DOC-0076,DOC-0705,References,DOC-0076 references architectural principles defined in DOC-0705.,2024-07-10
CIT-00089,DOC-0076,DOC-0240,References,DOC-0076 references architectural principles defined in DOC-0240.,2024-07-10
CIT-00090,DOC-0076,DOC-0932,References,DOC-0076 references architectural principles defined in DOC-0932.,2024-07-10
CIT-00091,DOC-0078,DOC-0806,References,DOC-0078 references architectural principles defined in DOC-0806.,2021-10-16
CIT-00092,DOC-0078,DOC-0288,References,DOC-0078 references architectural principles defined in DOC-0288.,2021-10-16
CIT-00093,DOC-0078,DOC-0569,References,DOC-0078 references architectural principles defined in DOC-0569.,2021-10-16
CIT-00094,DOC-0078,DOC-0349,References,DOC-0078 references architectural principles defined in DOC-0349.,2021-10-16
CIT-00095,DOC-0080,DOC-0924,References,DOC-0080 references architectural principles defined in DOC-0924.,2022-11-03
CIT-00096,DOC-0080,DOC-0131,References,DOC-0080 references architectural principles defined in DOC-0131.,2022-11-03
CIT-00097,DOC-0088,DOC-0912,References,DOC-0088 references architectural principles defined in DOC-0912.,2024-01-29
CIT-00098,DOC-0088,DOC-0020,References,DOC-0088 references architectural principles defined in DOC-0020.,2024-01-29
CIT-00099,DOC-0088,DOC-0321,References,DOC-0088 references architectural principles defined in DOC-0321.,2024-01-29
CIT-00100,DOC-0088,DOC-0524,References,DOC-0088 references architectural principles defined in DOC-0524.,2024-01-29
CIT-00101,DOC-0090,DOC-0639,References,DOC-0090 references architectural principles defined in DOC-0639.,2021-05-18
CIT-00102,DOC-0090,DOC-0330,References,DOC-0090 references architectural principles defined in DOC-0330.,2021-05-18
CIT-00103,DOC-0091,DOC-0474,References,DOC-0091 references architectural principles defined in DOC-0474.,2025-11-25
CIT-00104,DOC-0091,DOC-0618,References,DOC-0091 references architectural principles defined in DOC-0618.,2025-11-25
CIT-00105,DOC-0091,DOC-0923,References,DOC-0091 references architectural principles defined in DOC-0923.,2025-11-25
CIT-00106,DOC-0091,DOC-0913,References,DOC-0091 references architectural principles defined in DOC-0913.,2025-11-25
CIT-00107,DOC-0094,DOC-0797,References,DOC-0094 references architectural principles defined in DOC-0797.,2022-03-17
CIT-00108,DOC-0094,DOC-0198,References,DOC-0094 references architectural principles defined in DOC-0198.,2022-03-17
CIT-00109,DOC-0094,DOC-0811,References,DOC-0094 references architectural principles defined in DOC-0811.,2022-03-17
CIT-00110,DOC-0094,DOC-0789,References,DOC-0094 references architectural principles defined in DOC-0789.,2022-03-17
CIT-00111,DOC-0095,DOC-0373,References,DOC-0095 references architectural principles defined in DOC-0373.,2021-04-12
CIT-00112,DOC-0095,DOC-0869,References,DOC-0095 references architectural principles defined in DOC-0869.,2021-04-12
CIT-00113,DOC-0098,DOC-0336,References,DOC-0098 references architectural principles defined in DOC-0336.,2023-06-13
CIT-00114,DOC-0099,DOC-0576,References,DOC-0099 references architectural principles defined in DOC-0576.,2025-06-30
CIT-00115,DOC-0099,DOC-0150,References,DOC-0099 references architectural principles defined in DOC-0150.,2025-06-30
CIT-00116,DOC-0099,DOC-0803,References,DOC-0099 references architectural principles defined in DOC-0803.,2025-06-30
CIT-00117,DOC-0099,DOC-0280,References,DOC-0099 references architectural principles defined in DOC-0280.,2025-06-30
CIT-00118,DOC-0102,DOC-0844,References,DOC-0102 references architectural principles defined in DOC-0844.,2021-11-06
CIT-00119,DOC-0102,DOC-0831,References,DOC-0102 references architectural principles defined in DOC-0831.,2021-11-06
CIT-00120,DOC-0106,DOC-0754,References,DOC-0106 references architectural principles defined in DOC-0754.,2024-10-21
CIT-00121,DOC-0110,DOC-0434,References,DOC-0110 references architectural principles defined in DOC-0434.,2025-03-21
CIT-00122,DOC-0110,DOC-0718,References,DOC-0110 references architectural principles defined in DOC-0718.,2025-03-21
CIT-00123,DOC-0110,DOC-0839,References,DOC-0110 references architectural principles defined in DOC-0839.,2025-03-21
CIT-00124,DOC-0110,DOC-0874,References,DOC-0110 references architectural principles defined in DOC-0874.,2025-03-21
CIT-00125,DOC-0111,DOC-0210,References,DOC-0111 references architectural principles defined in DOC-0210.,2023-10-27
CIT-00126,DOC-0111,DOC-0148,References,DOC-0111 references architectural principles defined in DOC-0148.,2023-10-27
CIT-00127,DOC-0111,DOC-0304,References,DOC-0111 references architectural principles defined in DOC-0304.,2023-10-27
CIT-00128,DOC-0112,DOC-0081,References,DOC-0112 references architectural principles defined in DOC-0081.,2022-08-07
CIT-00129,DOC-0112,DOC-0378,References,DOC-0112 references architectural principles defined in DOC-0378.,2022-08-07
CIT-00130,DOC-0112,DOC-0477,References,DOC-0112 references architectural principles defined in DOC-0477.,2022-08-07
CIT-00131,DOC-0112,DOC-0795,References,DOC-0112 references architectural principles defined in DOC-0795.,2022-08-07
CIT-00132,DOC-0114,DOC-0569,References,DOC-0114 references architectural principles defined in DOC-0569.,2026-02-22
CIT-00133,DOC-0114,DOC-0161,References,DOC-0114 references architectural principles defined in DOC-0161.,2026-02-22
CIT-00134,DOC-0114,DOC-0609,References,DOC-0114 references architectural principles defined in DOC-0609.,2026-02-22
CIT-00135,DOC-0114,DOC-0455,References,DOC-0114 references architectural principles defined in DOC-0455.,2026-02-22
CIT-00136,DOC-0116,DOC-0467,References,DOC-0116 references architectural principles defined in DOC-0467.,2025-01-11
CIT-00137,DOC-0116,DOC-0283,References,DOC-0116 references architectural principles defined in DOC-0283.,2025-01-11
CIT-00138,DOC-0116,DOC-0203,References,DOC-0116 references architectural principles defined in DOC-0203.,2025-01-11
CIT-00139,DOC-0119,DOC-0331,References,DOC-0119 references architectural principles defined in DOC-0331.,2021-03-17
CIT-00140,DOC-0119,DOC-0980,References,DOC-0119 references architectural principles defined in DOC-0980.,2021-03-17
CIT-00141,DOC-0120,DOC-0889,References,DOC-0120 references architectural principles defined in DOC-0889.,2025-11-01
CIT-00142,DOC-0121,DOC-0378,References,DOC-0121 references architectural principles defined in DOC-0378.,2022-07-01
CIT-00143,DOC-0121,DOC-0146,References,DOC-0121 references architectural principles defined in DOC-0146.,2022-07-01
CIT-00144,DOC-0121,DOC-0323,References,DOC-0121 references architectural principles defined in DOC-0323.,2022-07-01
CIT-00145,DOC-0121,DOC-0852,References,DOC-0121 references architectural principles defined in DOC-0852.,2022-07-01
CIT-00146,DOC-0126,DOC-0628,References,DOC-0126 references architectural principles defined in DOC-0628.,2025-10-13
CIT-00147,DOC-0126,DOC-0857,References,DOC-0126 references architectural principles defined in DOC-0857.,2025-10-13
CIT-00148,DOC-0126,DOC-0779,References,DOC-0126 references architectural principles defined in DOC-0779.,2025-10-13
CIT-00149,DOC-0127,DOC-0332,References,DOC-0127 references architectural principles defined in DOC-0332.,2025-12-31
CIT-00150,DOC-0127,DOC-0580,References,DOC-0127 references architectural principles defined in DOC-0580.,2025-12-31
CIT-00151,DOC-0127,DOC-0775,References,DOC-0127 references architectural principles defined in DOC-0775.,2025-12-31
CIT-00152,DOC-0130,DOC-0509,References,DOC-0130 references architectural principles defined in DOC-0509.,2025-08-30
CIT-00153,DOC-0130,DOC-0066,References,DOC-0130 references architectural principles defined in DOC-0066.,2025-08-30
CIT-00154,DOC-0132,DOC-0536,References,DOC-0132 references architectural principles defined in DOC-0536.,2021-06-16
CIT-00155,DOC-0133,DOC-0095,References,DOC-0133 references architectural principles defined in DOC-0095.,2022-09-02
CIT-00156,DOC-0133,DOC-0773,References,DOC-0133 references architectural principles defined in DOC-0773.,2022-09-02
CIT-00157,DOC-0134,DOC-0347,References,DOC-0134 references architectural principles defined in DOC-0347.,2025-04-07
CIT-00158,DOC-0134,DOC-0084,References,DOC-0134 references architectural principles defined in DOC-0084.,2025-04-07
CIT-00159,DOC-0134,DOC-0423,References,DOC-0134 references architectural principles defined in DOC-0423.,2025-04-07
CIT-00160,DOC-0135,DOC-0505,References,DOC-0135 references architectural principles defined in DOC-0505.,2025-07-25
CIT-00161,DOC-0137,DOC-0658,References,DOC-0137 references architectural principles defined in DOC-0658.,2023-01-20
CIT-00162,DOC-0137,DOC-0809,References,DOC-0137 references architectural principles defined in DOC-0809.,2023-01-20
CIT-00163,DOC-0137,DOC-0406,References,DOC-0137 references architectural principles defined in DOC-0406.,2023-01-20
CIT-00164,DOC-0137,DOC-0712,References,DOC-0137 references architectural principles defined in DOC-0712.,2023-01-20
CIT-00165,DOC-0138,DOC-0834,References,DOC-0138 references architectural principles defined in DOC-0834.,2023-03-18
CIT-00166,DOC-0139,DOC-0119,References,DOC-0139 references architectural principles defined in DOC-0119.,2023-11-30
CIT-00167,DOC-0139,DOC-0782,References,DOC-0139 references architectural principles defined in DOC-0782.,2023-11-30
CIT-00168,DOC-0141,DOC-0058,References,DOC-0141 references architectural principles defined in DOC-0058.,2024-03-28
CIT-00169,DOC-0141,DOC-0661,References,DOC-0141 references architectural principles defined in DOC-0661.,2024-03-28
CIT-00170,DOC-0143,DOC-0491,References,DOC-0143 references architectural principles defined in DOC-0491.,2023-12-13
CIT-00171,DOC-0143,DOC-0044,References,DOC-0143 references architectural principles defined in DOC-0044.,2023-12-13
CIT-00172,DOC-0144,DOC-0973,References,DOC-0144 references architectural principles defined in DOC-0973.,2022-07-26
CIT-00173,DOC-0144,DOC-0157,References,DOC-0144 references architectural principles defined in DOC-0157.,2022-07-26
CIT-00174,DOC-0146,DOC-0331,References,DOC-0146 references architectural principles defined in DOC-0331.,2025-08-23
CIT-00175,DOC-0146,DOC-0397,References,DOC-0146 references architectural principles defined in DOC-0397.,2025-08-23
CIT-00176,DOC-0146,DOC-0775,References,DOC-0146 references architectural principles defined in DOC-0775.,2025-08-23
CIT-00177,DOC-0148,DOC-0505,References,DOC-0148 references architectural principles defined in DOC-0505.,2024-08-15
CIT-00178,DOC-0148,DOC-0025,References,DOC-0148 references architectural principles defined in DOC-0025.,2024-08-15
CIT-00179,DOC-0148,DOC-0686,References,DOC-0148 references architectural principles defined in DOC-0686.,2024-08-15
CIT-00180,DOC-0151,DOC-0604,References,DOC-0151 references architectural principles defined in DOC-0604.,2025-08-21
CIT-00181,DOC-0151,DOC-0037,References,DOC-0151 references architectural principles defined in DOC-0037.,2025-08-21
CIT-00182,DOC-0152,DOC-0008,References,DOC-0152 references architectural principles defined in DOC-0008.,2026-05-08
CIT-00183,DOC-0152,DOC-0358,References,DOC-0152 references architectural principles defined in DOC-0358.,2026-05-08
CIT-00184,DOC-0152,DOC-0719,References,DOC-0152 references architectural principles defined in DOC-0719.,2026-05-08
CIT-00185,DOC-0152,DOC-0083,References,DOC-0152 references architectural principles defined in DOC-0083.,2026-05-08
CIT-00186,DOC-0154,DOC-0407,References,DOC-0154 references architectural principles defined in DOC-0407.,2026-02-13
CIT-00187,DOC-0154,DOC-0218,References,DOC-0154 references architectural principles defined in DOC-0218.,2026-02-13
CIT-00188,DOC-0155,DOC-0938,References,DOC-0155 references architectural principles defined in DOC-0938.,2026-01-24
CIT-00189,DOC-0158,DOC-0524,References,DOC-0158 references architectural principles defined in DOC-0524.,2025-04-18
CIT-00190,DOC-0158,DOC-0398,References,DOC-0158 references architectural principles defined in DOC-0398.,2025-04-18
CIT-00191,DOC-0158,DOC-0164,References,DOC-0158 references architectural principles defined in DOC-0164.,2025-04-18
CIT-00192,DOC-0161,DOC-0335,References,DOC-0161 references architectural principles defined in DOC-0335.,2024-05-01
CIT-00193,DOC-0161,DOC-0920,References,DOC-0161 references architectural principles defined in DOC-0920.,2024-05-01
CIT-00194,DOC-0162,DOC-0667,References,DOC-0162 references architectural principles defined in DOC-0667.,2022-04-25
CIT-00195,DOC-0163,DOC-0457,References,DOC-0163 references architectural principles defined in DOC-0457.,02/15/2024
CIT-00196,DOC-0168,DOC-0397,References,DOC-0168 references architectural principles defined in DOC-0397.,2022-09-24
CIT-00197,DOC-0172,DOC-0853,References,DOC-0172 references architectural principles defined in DOC-0853.,02/13/2026
CIT-00198,DOC-0172,DOC-0707,References,DOC-0172 references architectural principles defined in DOC-0707.,02/13/2026
CIT-00199,DOC-0172,DOC-0691,References,DOC-0172 references architectural principles defined in DOC-0691.,02/13/2026
CIT-00200,DOC-0173,DOC-0370,References,DOC-0173 references architectural principles defined in DOC-0370.,2025-07-10
CIT-00201,DOC-0173,DOC-0475,References,DOC-0173 references architectural principles defined in DOC-0475.,2025-07-10
CIT-00202,DOC-0173,DOC-0056,References,DOC-0173 references architectural principles defined in DOC-0056.,2025-07-10
CIT-00203,DOC-0175,DOC-0223,References,DOC-0175 references architectural principles defined in DOC-0223.,2025-09-28
CIT-00204,DOC-0175,DOC-0524,References,DOC-0175 references architectural principles defined in DOC-0524.,2025-09-28
CIT-00205,DOC-0175,DOC-0025,References,DOC-0175 references architectural principles defined in DOC-0025.,2025-09-28
CIT-00206,DOC-0176,DOC-0850,References,DOC-0176 references architectural principles defined in DOC-0850.,2026-01-16
CIT-00207,DOC-0176,DOC-0186,References,DOC-0176 references architectural principles defined in DOC-0186.,2026-01-16
CIT-00208,DOC-0178,DOC-0738,References,DOC-0178 references architectural principles defined in DOC-0738.,2025-04-24
CIT-00209,DOC-0178,DOC-0336,References,DOC-0178 references architectural principles defined in DOC-0336.,2025-04-24
CIT-00210,DOC-0178,DOC-0469,References,DOC-0178 references architectural principles defined in DOC-0469.,2025-04-24
CIT-00211,DOC-0178,DOC-0401,References,DOC-0178 references architectural principles defined in DOC-0401.,2025-04-24
CIT-00212,DOC-0180,DOC-0492,References,DOC-0180 references architectural principles defined in DOC-0492.,2021-07-07
CIT-00213,DOC-0180,DOC-0575,References,DOC-0180 references architectural principles defined in DOC-0575.,2021-07-07
CIT-00214,DOC-0180,DOC-0612,References,DOC-0180 references architectural principles defined in DOC-0612.,2021-07-07
CIT-00215,DOC-0180,DOC-0293,References,DOC-0180 references architectural principles defined in DOC-0293.,2021-07-07
CIT-00216,DOC-0184,DOC-0906,References,DOC-0184 references architectural principles defined in DOC-0906.,2025-07-29
CIT-00217,DOC-0185,DOC-0635,References,DOC-0185 references architectural principles defined in DOC-0635.,2022-07-29
CIT-00218,DOC-0186,DOC-0970,References,DOC-0186 references architectural principles defined in DOC-0970.,2025-08-05
CIT-00219,DOC-0187,DOC-0311,References,DOC-0187 references architectural principles defined in DOC-0311.,2026-03-07
CIT-00220,DOC-0191,DOC-0221,References,DOC-0191 references architectural principles defined in DOC-0221.,2026-03-20
CIT-00221,DOC-0191,DOC-0662,References,DOC-0191 references architectural principles defined in DOC-0662.,2026-03-20
CIT-00222,DOC-0191,DOC-0196,References,DOC-0191 references architectural principles defined in DOC-0196.,2026-03-20
CIT-00223,DOC-0194,DOC-0428,References,DOC-0194 references architectural principles defined in DOC-0428.,2026-02-25
CIT-00224,DOC-0194,DOC-0670,References,DOC-0194 references architectural principles defined in DOC-0670.,2026-02-25
CIT-00225,DOC-0194,DOC-0023,References,DOC-0194 references architectural principles defined in DOC-0023.,2026-02-25
CIT-00226,DOC-0195,DOC-0921,References,DOC-0195 references architectural principles defined in DOC-0921.,2023-05-17
CIT-00227,DOC-0196,DOC-0270,References,DOC-0196 references architectural principles defined in DOC-0270.,2026-05-04
CIT-00228,DOC-0196,DOC-0468,References,DOC-0196 references architectural principles defined in DOC-0468.,2026-05-04
CIT-00229,DOC-0200,DOC-0902,References,DOC-0200 references architectural principles defined in DOC-0902.,2025-05-27
CIT-00230,DOC-0203,DOC-0743,References,DOC-0203 references architectural principles defined in DOC-0743.,2022-11-02
CIT-00231,DOC-0204,DOC-0277,References,DOC-0204 references architectural principles defined in DOC-0277.,2025-08-24
CIT-00232,DOC-0204,DOC-0024,References,DOC-0204 references architectural principles defined in DOC-0024.,2025-08-24
CIT-00233,DOC-0204,DOC-0720,References,DOC-0204 references architectural principles defined in DOC-0720.,2025-08-24
CIT-00234,DOC-0206,DOC-0221,References,DOC-0206 references architectural principles defined in DOC-0221.,2024-09-22
CIT-00235,DOC-0206,DOC-0067,References,DOC-0206 references architectural principles defined in DOC-0067.,2024-09-22
CIT-00236,DOC-0207,DOC-0031,References,DOC-0207 references architectural principles defined in DOC-0031.,2022-04-09
CIT-00237,DOC-0207,DOC-0039,References,DOC-0207 references architectural principles defined in DOC-0039.,2022-04-09
CIT-00238,DOC-0207,DOC-0510,References,DOC-0207 references architectural principles defined in DOC-0510.,2022-04-09
CIT-00239,DOC-0207,DOC-0443,References,DOC-0207 references architectural principles defined in DOC-0443.,2022-04-09
CIT-00240,DOC-0212,DOC-0983,References,DOC-0212 references architectural principles defined in DOC-0983.,05/12/2023
CIT-00241,DOC-0214,DOC-0737,References,DOC-0214 references architectural principles defined in DOC-0737.,2024-04-16
CIT-00242,DOC-0214,DOC-0491,References,DOC-0214 references architectural principles defined in DOC-0491.,2024-04-16
CIT-00243,DOC-0214,DOC-0208,References,DOC-0214 references architectural principles defined in DOC-0208.,2024-04-16
CIT-00244,DOC-0216,DOC-0987,References,DOC-0216 references architectural principles defined in DOC-0987.,2025-04-29
CIT-00245,DOC-0216,DOC-0893,References,DOC-0216 references architectural principles defined in DOC-0893.,2025-04-29
CIT-00246,DOC-0216,DOC-0193,References,DOC-0216 references architectural principles defined in DOC-0193.,2025-04-29
CIT-00247,DOC-0217,DOC-0830,References,DOC-0217 references architectural principles defined in DOC-0830.,2023-10-21
CIT-00248,DOC-0217,ADR-002,References,DOC-0217 references architectural principles defined in ADR-002.,2023-10-21
CIT-00249,DOC-0217,DOC-0666,References,DOC-0217 references architectural principles defined in DOC-0666.,2023-10-21
CIT-00250,DOC-0217,DOC-0046,References,DOC-0217 references architectural principles defined in DOC-0046.,2023-10-21
CIT-00251,DOC-0223,DOC-0294,References,DOC-0223 references architectural principles defined in DOC-0294.,2024-04-04
CIT-00252,DOC-0224,DOC-0468,References,DOC-0224 references architectural principles defined in DOC-0468.,2022-10-14
CIT-00253,DOC-0224,DOC-0841,References,DOC-0224 references architectural principles defined in DOC-0841.,2022-10-14
CIT-00254,DOC-0224,DOC-0484,References,DOC-0224 references architectural principles defined in DOC-0484.,2022-10-14
CIT-00255,DOC-0226,DOC-0744,References,DOC-0226 references architectural principles defined in DOC-0744.,2026-06-07
CIT-00256,DOC-0226,DOC-0565,References,DOC-0226 references architectural principles defined in DOC-0565.,2026-06-07
CIT-00257,DOC-0226,DOC-0554,References,DOC-0226 references architectural principles defined in DOC-0554.,2026-06-07
CIT-00258,DOC-0227,DOC-0417,References,DOC-0227 references architectural principles defined in DOC-0417.,2025-07-05
CIT-00259,DOC-0227,DOC-0179,References,DOC-0227 references architectural principles defined in DOC-0179.,2025-07-05
CIT-00260,DOC-0227,DOC-0595,References,DOC-0227 references architectural principles defined in DOC-0595.,2025-07-05
CIT-00261,DOC-0230,DOC-0152,References,DOC-0230 references architectural principles defined in DOC-0152.,2025-12-13
CIT-00262,DOC-0230,DOC-0834,References,DOC-0230 references architectural principles defined in DOC-0834.,2025-12-13
CIT-00263,DOC-0230,DOC-0689,References,DOC-0230 references architectural principles defined in DOC-0689.,2025-12-13
CIT-00264,DOC-0234,DOC-0089,References,DOC-0234 references architectural principles defined in DOC-0089.,12/26/2021
CIT-00265,DOC-0234,DOC-0617,References,DOC-0234 references architectural principles defined in DOC-0617.,12/26/2021
CIT-00266,DOC-0234,DOC-0260,References,DOC-0234 references architectural principles defined in DOC-0260.,12/26/2021
CIT-00267,DOC-0234,DOC-0907,References,DOC-0234 references architectural principles defined in DOC-0907.,12/26/2021
CIT-00268,DOC-0235,DOC-0661,References,DOC-0235 references architectural principles defined in DOC-0661.,2026-02-25
CIT-00269,DOC-0235,DOC-0478,References,DOC-0235 references architectural principles defined in DOC-0478.,2026-02-25
CIT-00270,DOC-0235,DOC-0462,References,DOC-0235 references architectural principles defined in DOC-0462.,2026-02-25
CIT-00271,DOC-0238,DOC-0352,References,DOC-0238 references architectural principles defined in DOC-0352.,2026-03-02
CIT-00272,DOC-0245,DOC-0836,References,DOC-0245 references architectural principles defined in DOC-0836.,2023-06-20
CIT-00273,DOC-0245,DOC-0812,References,DOC-0245 references architectural principles defined in DOC-0812.,2023-06-20
CIT-00274,DOC-0246,DOC-0084,References,DOC-0246 references architectural principles defined in DOC-0084.,2022-04-11
CIT-00275,DOC-0246,DOC-0844,References,DOC-0246 references architectural principles defined in DOC-0844.,2022-04-11
CIT-00276,DOC-0246,DOC-0430,References,DOC-0246 references architectural principles defined in DOC-0430.,2022-04-11
CIT-00277,DOC-0246,DOC-0902,References,DOC-0246 references architectural principles defined in DOC-0902.,2022-04-11
CIT-00278,DOC-0247,DOC-0533,References,DOC-0247 references architectural principles defined in DOC-0533.,2025-06-28
CIT-00279,DOC-0248,DOC-0261,References,DOC-0248 references architectural principles defined in DOC-0261.,2025-09-05
CIT-00280,DOC-0251,DOC-0701,References,DOC-0251 references architectural principles defined in DOC-0701.,2026-03-01
CIT-00281,DOC-0251,DOC-0727,References,DOC-0251 references architectural principles defined in DOC-0727.,2026-03-01
CIT-00282,DOC-0254,DOC-0562,References,DOC-0254 references architectural principles defined in DOC-0562.,2026-02-24
CIT-00283,DOC-0254,DOC-0960,References,DOC-0254 references architectural principles defined in DOC-0960.,2026-02-24
CIT-00284,DOC-0254,DOC-0405,References,DOC-0254 references architectural principles defined in DOC-0405.,2026-02-24
CIT-00285,DOC-0257,DOC-0768,References,DOC-0257 references architectural principles defined in DOC-0768.,2025-07-07
CIT-00286,DOC-0257,DOC-0418,References,DOC-0257 references architectural principles defined in DOC-0418.,2025-07-07
CIT-00287,DOC-0257,DOC-0705,References,DOC-0257 references architectural principles defined in DOC-0705.,2025-07-07
CIT-00288,DOC-0259,DOC-0160,References,DOC-0259 references architectural principles defined in DOC-0160.,2023-11-26
CIT-00289,DOC-0259,DOC-0855,References,DOC-0259 references architectural principles defined in DOC-0855.,2023-11-26
CIT-00290,DOC-0259,DOC-0711,References,DOC-0259 references architectural principles defined in DOC-0711.,2023-11-26
CIT-00291,DOC-0259,DOC-0917,References,DOC-0259 references architectural principles defined in DOC-0917.,2023-11-26
CIT-00292,DOC-0268,DOC-0311,References,DOC-0268 references architectural principles defined in DOC-0311.,2021-02-09
CIT-00293,DOC-0268,DOC-0846,References,DOC-0268 references architectural principles defined in DOC-0846.,2021-02-09
CIT-00294,DOC-0268,DOC-0215,References,DOC-0268 references architectural principles defined in DOC-0215.,2021-02-09
CIT-00295,DOC-0268,DOC-0555,References,DOC-0268 references architectural principles defined in DOC-0555.,2021-02-09
CIT-00296,DOC-0271,DOC-0032,References,DOC-0271 references architectural principles defined in DOC-0032.,2023-11-14
CIT-00297,DOC-0272,DOC-0191,References,DOC-0272 references architectural principles defined in DOC-0191.,01/28/2024
CIT-00298,DOC-0272,DOC-0848,References,DOC-0272 references architectural principles defined in DOC-0848.,01/28/2024
CIT-00299,DOC-0274,DOC-0464,References,DOC-0274 references architectural principles defined in DOC-0464.,2023-01-08
CIT-00300,DOC-0274,DOC-0974,References,DOC-0274 references architectural principles defined in DOC-0974.,2023-01-08
CIT-00301,DOC-0274,DOC-0122,References,DOC-0274 references architectural principles defined in DOC-0122.,2023-01-08
CIT-00302,DOC-0276,DOC-0011,References,DOC-0276 references architectural principles defined in DOC-0011.,2026-07-04
CIT-00303,DOC-0276,DOC-0715,References,DOC-0276 references architectural principles defined in DOC-0715.,2026-07-04
CIT-00304,DOC-0276,DOC-0612,References,DOC-0276 references architectural principles defined in DOC-0612.,2026-07-04
CIT-00305,DOC-0276,DOC-0308,References,DOC-0276 references architectural principles defined in DOC-0308.,2026-07-04
CIT-00306,DOC-0277,DOC-0214,References,DOC-0277 references architectural principles defined in DOC-0214.,12/23/2025
CIT-00307,DOC-0277,DOC-0312,References,DOC-0277 references architectural principles defined in DOC-0312.,12/23/2025
CIT-00308,DOC-0277,DOC-0439,References,DOC-0277 references architectural principles defined in DOC-0439.,12/23/2025
CIT-00309,DOC-0285,DOC-0718,References,DOC-0285 references architectural principles defined in DOC-0718.,2021-09-10
CIT-00310,DOC-0285,DOC-0485,References,DOC-0285 references architectural principles defined in DOC-0485.,2021-09-10
CIT-00311,DOC-0285,DOC-0882,References,DOC-0285 references architectural principles defined in DOC-0882.,2021-09-10
CIT-00312,DOC-0295,DOC-0778,References,DOC-0295 references architectural principles defined in DOC-0778.,2023-12-13
CIT-00313,DOC-0295,DOC-0928,References,DOC-0295 references architectural principles defined in DOC-0928.,2023-12-13
CIT-00314,DOC-0295,DOC-0089,References,DOC-0295 references architectural principles defined in DOC-0089.,2023-12-13
CIT-00315,DOC-0295,DOC-0487,References,DOC-0295 references architectural principles defined in DOC-0487.,2023-12-13
CIT-00316,DOC-0296,DOC-0085,References,DOC-0296 references architectural principles defined in DOC-0085.,2022-03-24
CIT-00317,DOC-0297,DOC-0466,References,DOC-0297 references architectural principles defined in DOC-0466.,2023-02-21
CIT-00318,DOC-0298,DOC-0248,References,DOC-0298 references architectural principles defined in DOC-0248.,2026-01-14
CIT-00319,DOC-0298,DOC-0619,References,DOC-0298 references architectural principles defined in DOC-0619.,2026-01-14
CIT-00320,DOC-0298,DOC-0481,References,DOC-0298 references architectural principles defined in DOC-0481.,2026-01-14
CIT-00321,DOC-0299,DOC-0566,References,DOC-0299 references architectural principles defined in DOC-0566.,2025-11-07
CIT-00322,DOC-0299,DOC-0796,References,DOC-0299 references architectural principles defined in DOC-0796.,2025-11-07
CIT-00323,DOC-0299,DOC-0721,References,DOC-0299 references architectural principles defined in DOC-0721.,2025-11-07
CIT-00324,DOC-0301,DOC-0098,References,DOC-0301 references architectural principles defined in DOC-0098.,2024-10-10
CIT-00325,DOC-0301,DOC-0011,References,DOC-0301 references architectural principles defined in DOC-0011.,2024-10-10
CIT-00326,DOC-0301,DOC-0701,References,DOC-0301 references architectural principles defined in DOC-0701.,2024-10-10
CIT-00327,DOC-0301,DOC-0132,References,DOC-0301 references architectural principles defined in DOC-0132.,2024-10-10
CIT-00328,DOC-0304,DOC-0071,References,DOC-0304 references architectural principles defined in DOC-0071.,2021-10-19
CIT-00329,DOC-0304,DOC-0515,References,DOC-0304 references architectural principles defined in DOC-0515.,2021-10-19
CIT-00330,DOC-0304,DOC-0186,References,DOC-0304 references architectural principles defined in DOC-0186.,2021-10-19
CIT-00331,DOC-0304,DOC-0475,References,DOC-0304 references architectural principles defined in DOC-0475.,2021-10-19
CIT-00332,DOC-0305,DOC-0821,References,DOC-0305 references architectural principles defined in DOC-0821.,2024-10-07
CIT-00333,DOC-0305,DOC-0948,References,DOC-0305 references architectural principles defined in DOC-0948.,2024-10-07
CIT-00334,DOC-0305,DOC-0549,References,DOC-0305 references architectural principles defined in DOC-0549.,2024-10-07
CIT-00335,DOC-0305,DOC-0670,References,DOC-0305 references architectural principles defined in DOC-0670.,2024-10-07
CIT-00336,DOC-0307,DOC-0715,References,DOC-0307 references architectural principles defined in DOC-0715.,2022-10-04
CIT-00337,DOC-0309,DOC-0301,References,DOC-0309 references architectural principles defined in DOC-0301.,2024-07-17
CIT-00338,DOC-0309,DOC-0875,References,DOC-0309 references architectural principles defined in DOC-0875.,2024-07-17
CIT-00339,DOC-0309,DOC-0167,References,DOC-0309 references architectural principles defined in DOC-0167.,2024-07-17
CIT-00340,DOC-0309,DOC-0041,References,DOC-0309 references architectural principles defined in DOC-0041.,2024-07-17
CIT-00341,DOC-0310,DOC-0437,References,DOC-0310 references architectural principles defined in DOC-0437.,2025-12-31
CIT-00342,DOC-0310,DOC-0113,References,DOC-0310 references architectural principles defined in DOC-0113.,2025-12-31
CIT-00343,DOC-0310,DOC-0704,References,DOC-0310 references architectural principles defined in DOC-0704.,2025-12-31
CIT-00344,DOC-0311,DOC-0204,References,DOC-0311 references architectural principles defined in DOC-0204.,2021-11-23
CIT-00345,DOC-0313,DOC-0795,References,DOC-0313 references architectural principles defined in DOC-0795.,2024-03-13
CIT-00346,DOC-0313,DOC-0763,References,DOC-0313 references architectural principles defined in DOC-0763.,2024-03-13
CIT-00347,DOC-0313,DOC-0827,References,DOC-0313 references architectural principles defined in DOC-0827.,2024-03-13
CIT-00348,DOC-0313,DOC-0670,References,DOC-0313 references architectural principles defined in DOC-0670.,2024-03-13
CIT-00349,DOC-0316,DOC-0229,References,DOC-0316 references architectural principles defined in DOC-0229.,2021-09-19
CIT-00350,DOC-0316,DOC-0349,References,DOC-0316 references architectural principles defined in DOC-0349.,2021-09-19
CIT-00351,DOC-0323,DOC-0143,References,DOC-0323 references architectural principles defined in DOC-0143.,2023-04-27
CIT-00352,DOC-0323,DOC-0136,References,DOC-0323 references architectural principles defined in DOC-0136.,2023-04-27
CIT-00353,DOC-0328,DOC-0022,References,DOC-0328 references architectural principles defined in DOC-0022.,2023-11-27
CIT-00354,DOC-0328,DOC-0726,References,DOC-0328 references architectural principles defined in DOC-0726.,2023-11-27
CIT-00355,DOC-0328,DOC-0538,References,DOC-0328 references architectural principles defined in DOC-0538.,2023-11-27
CIT-00356,DOC-0328,DOC-0920,References,DOC-0328 references architectural principles defined in DOC-0920.,2023-11-27
CIT-00357,DOC-0331,DOC-0035,References,DOC-0331 references architectural principles defined in DOC-0035.,2024-10-18
CIT-00358,DOC-0331,DOC-0286,References,DOC-0331 references architectural principles defined in DOC-0286.,2024-10-18
CIT-00359,DOC-0331,DOC-0447,References,DOC-0331 references architectural principles defined in DOC-0447.,2024-10-18
CIT-00360,DOC-0331,DOC-0571,References,DOC-0331 references architectural principles defined in DOC-0571.,2024-10-18
CIT-00361,DOC-0333,DOC-0270,References,DOC-0333 references architectural principles defined in DOC-0270.,2025-11-23
CIT-00362,DOC-0338,DOC-0124,References,DOC-0338 references architectural principles defined in DOC-0124.,2025-01-16
CIT-00363,DOC-0338,DOC-0025,References,DOC-0338 references architectural principles defined in DOC-0025.,2025-01-16
CIT-00364,DOC-0339,DOC-0681,References,DOC-0339 references architectural principles defined in DOC-0681.,2026-08-01
CIT-00365,DOC-0339,DOC-0202,References,DOC-0339 references architectural principles defined in DOC-0202.,2026-08-01
CIT-00366,DOC-0342,DOC-0490,References,DOC-0342 references architectural principles defined in DOC-0490.,2024-03-16
CIT-00367,DOC-0342,DOC-0069,References,DOC-0342 references architectural principles defined in DOC-0069.,2024-03-16
CIT-00368,DOC-0342,DOC-0995,References,DOC-0342 references architectural principles defined in DOC-0995.,2024-03-16
CIT-00369,DOC-0344,DOC-0119,References,DOC-0344 references architectural principles defined in DOC-0119.,2026-04-03
CIT-00370,DOC-0344,DOC-0574,References,DOC-0344 references architectural principles defined in DOC-0574.,2026-04-03
CIT-00371,DOC-0344,DOC-0041,References,DOC-0344 references architectural principles defined in DOC-0041.,2026-04-03
CIT-00372,DOC-0344,DOC-0238,References,DOC-0344 references architectural principles defined in DOC-0238.,2026-04-03
CIT-00373,DOC-0345,DOC-0137,References,DOC-0345 references architectural principles defined in DOC-0137.,2023-06-27
CIT-00374,DOC-0345,DOC-0765,References,DOC-0345 references architectural principles defined in DOC-0765.,2023-06-27
CIT-00375,DOC-0345,DOC-0719,References,DOC-0345 references architectural principles defined in DOC-0719.,2023-06-27
CIT-00376,DOC-0346,DOC-0062,References,DOC-0346 references architectural principles defined in DOC-0062.,2021-12-29
CIT-00377,DOC-0346,DOC-0523,References,DOC-0346 references architectural principles defined in DOC-0523.,2021-12-29
CIT-00378,DOC-0346,DOC-0808,References,DOC-0346 references architectural principles defined in DOC-0808.,2021-12-29
CIT-00379,DOC-0347,DOC-0600,References,DOC-0347 references architectural principles defined in DOC-0600.,2023-01-20
CIT-00380,DOC-0347,DOC-0544,References,DOC-0347 references architectural principles defined in DOC-0544.,2023-01-20
CIT-00381,DOC-0347,DOC-0010,References,DOC-0347 references architectural principles defined in DOC-0010.,2023-01-20
CIT-00382,DOC-0348,DOC-0328,References,DOC-0348 references architectural principles defined in DOC-0328.,2025-06-23
CIT-00383,DOC-0348,DOC-0943,References,DOC-0348 references architectural principles defined in DOC-0943.,2025-06-23
CIT-00384,DOC-0349,DOC-0821,References,DOC-0349 references architectural principles defined in DOC-0821.,2021-06-12
CIT-00385,DOC-0349,DOC-0219,References,DOC-0349 references architectural principles defined in DOC-0219.,2021-06-12
CIT-00386,DOC-0349,DOC-0194,References,DOC-0349 references architectural principles defined in DOC-0194.,2021-06-12
CIT-00387,DOC-0349,DOC-0680,References,DOC-0349 references architectural principles defined in DOC-0680.,2021-06-12
CIT-00388,DOC-0352,DOC-0567,References,DOC-0352 references architectural principles defined in DOC-0567.,2022-11-08
CIT-00389,DOC-0352,DOC-0649,References,DOC-0352 references architectural principles defined in DOC-0649.,2022-11-08
CIT-00390,DOC-0352,DOC-0643,References,DOC-0352 references architectural principles defined in DOC-0643.,2022-11-08
CIT-00391,DOC-0352,DOC-0555,References,DOC-0352 references architectural principles defined in DOC-0555.,2022-11-08
CIT-00392,DOC-0354,DOC-0879,References,DOC-0354 references architectural principles defined in DOC-0879.,2024-07-12
CIT-00393,DOC-0354,DOC-0523,References,DOC-0354 references architectural principles defined in DOC-0523.,2024-07-12
CIT-00394,DOC-0355,DOC-0490,References,DOC-0355 references architectural principles defined in DOC-0490.,2022-10-27
CIT-00395,DOC-0359,DOC-0860,References,DOC-0359 references architectural principles defined in DOC-0860.,2023-07-10
CIT-00396,DOC-0359,DOC-0641,References,DOC-0359 references architectural principles defined in DOC-0641.,2023-07-10
CIT-00397,DOC-0359,DOC-0371,References,DOC-0359 references architectural principles defined in DOC-0371.,2023-07-10
CIT-00398,DOC-0359,DOC-0961,References,DOC-0359 references architectural principles defined in DOC-0961.,2023-07-10
CIT-00399,DOC-0360,DOC-0417,References,DOC-0360 references architectural principles defined in DOC-0417.,2024-09-10
CIT-00400,DOC-0360,DOC-0062,References,DOC-0360 references architectural principles defined in DOC-0062.,2024-09-10
CIT-00401,DOC-0360,DOC-0771,References,DOC-0360 references architectural principles defined in DOC-0771.,2024-09-10
CIT-00402,DOC-0364,DOC-0401,References,DOC-0364 references architectural principles defined in DOC-0401.,2023-12-25
CIT-00403,DOC-0364,DOC-0461,References,DOC-0364 references architectural principles defined in DOC-0461.,2023-12-25
CIT-00404,DOC-0364,DOC-0621,References,DOC-0364 references architectural principles defined in DOC-0621.,2023-12-25
CIT-00405,DOC-0366,DOC-0491,References,DOC-0366 references architectural principles defined in DOC-0491.,2023-04-25
CIT-00406,DOC-0366,DOC-0630,References,DOC-0366 references architectural principles defined in DOC-0630.,2023-04-25
CIT-00407,DOC-0372,DOC-0510,References,DOC-0372 references architectural principles defined in DOC-0510.,2025-05-30
CIT-00408,DOC-0372,DOC-0792,References,DOC-0372 references architectural principles defined in DOC-0792.,2025-05-30
CIT-00409,DOC-0372,DOC-0077,References,DOC-0372 references architectural principles defined in DOC-0077.,2025-05-30
CIT-00410,DOC-0374,DOC-0576,References,DOC-0374 references architectural principles defined in DOC-0576.,2023-05-18
CIT-00411,DOC-0375,DOC-0792,References,DOC-0375 references architectural principles defined in DOC-0792.,2026-03-08
CIT-00412,DOC-0375,DOC-0657,References,DOC-0375 references architectural principles defined in DOC-0657.,2026-03-08
CIT-00413,DOC-0376,DOC-0403,References,DOC-0376 references architectural principles defined in DOC-0403.,2022-09-17
CIT-00414,DOC-0376,DOC-0288,References,DOC-0376 references architectural principles defined in DOC-0288.,2022-09-17
CIT-00415,DOC-0376,DOC-0476,References,DOC-0376 references architectural principles defined in DOC-0476.,2022-09-17
CIT-00416,DOC-0379,DOC-0942,References,DOC-0379 references architectural principles defined in DOC-0942.,2026-06-03
CIT-00417,DOC-0379,DOC-0316,References,DOC-0379 references architectural principles defined in DOC-0316.,2026-06-03
CIT-00418,DOC-0379,DOC-0876,References,DOC-0379 references architectural principles defined in DOC-0876.,2026-06-03
CIT-00419,DOC-0382,DOC-0481,References,DOC-0382 references architectural principles defined in DOC-0481.,2024-04-04
CIT-00420,DOC-0382,DOC-0346,References,DOC-0382 references architectural principles defined in DOC-0346.,2024-04-04
CIT-00421,DOC-0383,DOC-0999,References,DOC-0383 references architectural principles defined in DOC-0999.,2023-12-28
CIT-00422,DOC-0383,DOC-0351,References,DOC-0383 references architectural principles defined in DOC-0351.,2023-12-28
CIT-00423,DOC-0383,DOC-0546,References,DOC-0383 references architectural principles defined in DOC-0546.,2023-12-28
CIT-00424,DOC-0383,DOC-0530,References,DOC-0383 references architectural principles defined in DOC-0530.,2023-12-28
CIT-00425,DOC-0385,DOC-0957,References,DOC-0385 references architectural principles defined in DOC-0957.,2021-10-02
CIT-00426,DOC-0385,DOC-0278,References,DOC-0385 references architectural principles defined in DOC-0278.,2021-10-02
CIT-00427,DOC-0385,DOC-0896,References,DOC-0385 references architectural principles defined in DOC-0896.,2021-10-02
CIT-00428,DOC-0386,DOC-0321,References,DOC-0386 references architectural principles defined in DOC-0321.,2022-04-01
CIT-00429,DOC-0386,DOC-0950,References,DOC-0386 references architectural principles defined in DOC-0950.,2022-04-01
CIT-00430,DOC-0390,DOC-0197,References,DOC-0390 references architectural principles defined in DOC-0197.,2022-01-02
CIT-00431,DOC-0390,DOC-0846,References,DOC-0390 references architectural principles defined in DOC-0846.,2022-01-02
CIT-00432,DOC-0390,DOC-0344,References,DOC-0390 references architectural principles defined in DOC-0344.,2022-01-02
CIT-00433,DOC-0393,DOC-0686,References,DOC-0393 references architectural principles defined in DOC-0686.,2025-10-18
CIT-00434,DOC-0393,DOC-0675,References,DOC-0393 references architectural principles defined in DOC-0675.,2025-10-18
CIT-00435,DOC-0393,DOC-0193,References,DOC-0393 references architectural principles defined in DOC-0193.,2025-10-18
CIT-00436,DOC-0393,DOC-0787,References,DOC-0393 references architectural principles defined in DOC-0787.,2025-10-18
CIT-00437,DOC-0398,DOC-0730,References,DOC-0398 references architectural principles defined in DOC-0730.,2026-07-31
CIT-00438,DOC-0398,DOC-0556,References,DOC-0398 references architectural principles defined in DOC-0556.,2026-07-31
CIT-00439,DOC-0398,DOC-0567,References,DOC-0398 references architectural principles defined in DOC-0567.,2026-07-31
CIT-00440,DOC-0399,DOC-0596,References,DOC-0399 references architectural principles defined in DOC-0596.,2021-02-19
CIT-00441,DOC-0399,DOC-0533,References,DOC-0399 references architectural principles defined in DOC-0533.,2021-02-19
CIT-00442,DOC-0399,DOC-0178,References,DOC-0399 references architectural principles defined in DOC-0178.,2021-02-19
CIT-00443,DOC-0399,DOC-0121,References,DOC-0399 references architectural principles defined in DOC-0121.,2021-02-19
CIT-00444,DOC-0403,DOC-0188,References,DOC-0403 references architectural principles defined in DOC-0188.,2024-07-07
CIT-00445,DOC-0403,DOC-0909,References,DOC-0403 references architectural principles defined in DOC-0909.,2024-07-07
CIT-00446,DOC-0403,DOC-0664,References,DOC-0403 references architectural principles defined in DOC-0664.,2024-07-07
CIT-00447,DOC-0405,DOC-0496,References,DOC-0405 references architectural principles defined in DOC-0496.,2025-06-25
CIT-00448,DOC-0405,DOC-0735,References,DOC-0405 references architectural principles defined in DOC-0735.,2025-06-25
CIT-00449,DOC-0405,DOC-0278,References,DOC-0405 references architectural principles defined in DOC-0278.,2025-06-25
CIT-00450,DOC-0405,DOC-0955,References,DOC-0405 references architectural principles defined in DOC-0955.,2025-06-25
CIT-00451,DOC-0408,DOC-0259,References,DOC-0408 references architectural principles defined in DOC-0259.,2024-02-21
CIT-00452,DOC-0409,DOC-0833,References,DOC-0409 references architectural principles defined in DOC-0833.,2026-01-02
CIT-00453,DOC-0409,DOC-0564,References,DOC-0409 references architectural principles defined in DOC-0564.,2026-01-02
CIT-00454,DOC-0409,DOC-0403,References,DOC-0409 references architectural principles defined in DOC-0403.,2026-01-02
CIT-00455,DOC-0409,DOC-0004,References,DOC-0409 references architectural principles defined in DOC-0004.,2026-01-02
CIT-00456,DOC-0410,DOC-0951,References,DOC-0410 references architectural principles defined in DOC-0951.,2025-08-02
CIT-00457,DOC-0410,DOC-0507,References,DOC-0410 references architectural principles defined in DOC-0507.,2025-08-02
CIT-00458,DOC-0410,DOC-0466,References,DOC-0410 references architectural principles defined in DOC-0466.,2025-08-02
CIT-00459,DOC-0416,DOC-0644,References,DOC-0416 references architectural principles defined in DOC-0644.,2025-12-23
CIT-00460,DOC-0416,DOC-0502,References,DOC-0416 references architectural principles defined in DOC-0502.,2025-12-23
CIT-00461,DOC-0416,DOC-0610,References,DOC-0416 references architectural principles defined in DOC-0610.,2025-12-23
CIT-00462,DOC-0416,DOC-0111,References,DOC-0416 references architectural principles defined in DOC-0111.,2025-12-23
CIT-00463,DOC-0418,DOC-0144,References,DOC-0418 references architectural principles defined in DOC-0144.,2026-01-20
CIT-00464,DOC-0419,DOC-0779,References,DOC-0419 references architectural principles defined in DOC-0779.,2023-04-12
CIT-00465,DOC-0419,DOC-0821,References,DOC-0419 references architectural principles defined in DOC-0821.,2023-04-12
CIT-00466,DOC-0419,DOC-0056,References,DOC-0419 references architectural principles defined in DOC-0056.,2023-04-12
CIT-00467,DOC-0420,DOC-0285,References,DOC-0420 references architectural principles defined in DOC-0285.,2021-10-03
CIT-00468,DOC-0421,DOC-0131,References,DOC-0421 references architectural principles defined in DOC-0131.,2026-03-21
CIT-00469,DOC-0421,DOC-0803,References,DOC-0421 references architectural principles defined in DOC-0803.,2026-03-21
CIT-00470,DOC-0421,DOC-0099,References,DOC-0421 references architectural principles defined in DOC-0099.,2026-03-21
CIT-00471,DOC-0424,DOC-0011,References,DOC-0424 references architectural principles defined in DOC-0011.,2025-05-14
CIT-00472,DOC-0425,DOC-0292,References,DOC-0425 references architectural principles defined in DOC-0292.,2022-06-18
CIT-00473,DOC-0425,DOC-0441,References,DOC-0425 references architectural principles defined in DOC-0441.,2022-06-18
CIT-00474,DOC-0425,DOC-0247,References,DOC-0425 references architectural principles defined in DOC-0247.,2022-06-18
CIT-00475,DOC-0426,DOC-0951,References,DOC-0426 references architectural principles defined in DOC-0951.,2022-06-01
CIT-00476,DOC-0426,DOC-0566,References,DOC-0426 references architectural principles defined in DOC-0566.,2022-06-01
CIT-00477,DOC-0426,DOC-0363,References,DOC-0426 references architectural principles defined in DOC-0363.,2022-06-01
CIT-00478,DOC-0428,DOC-0781,References,DOC-0428 references architectural principles defined in DOC-0781.,2022-03-08
CIT-00479,DOC-0428,DOC-0226,References,DOC-0428 references architectural principles defined in DOC-0226.,2022-03-08
CIT-00480,DOC-0428,DOC-0176,References,DOC-0428 references architectural principles defined in DOC-0176.,2022-03-08
CIT-00481,DOC-0431,DOC-0978,References,DOC-0431 references architectural principles defined in DOC-0978.,2022-10-04
CIT-00482,DOC-0432,DOC-0829,References,DOC-0432 references architectural principles defined in DOC-0829.,2021-02-18
CIT-00483,DOC-0432,DOC-0498,References,DOC-0432 references architectural principles defined in DOC-0498.,2021-02-18
CIT-00484,DOC-0432,DOC-0128,References,DOC-0432 references architectural principles defined in DOC-0128.,2021-02-18
CIT-00485,DOC-0433,DOC-0227,References,DOC-0433 references architectural principles defined in DOC-0227.,2025-07-03
CIT-00486,DOC-0433,DOC-0248,References,DOC-0433 references architectural principles defined in DOC-0248.,2025-07-03
CIT-00487,DOC-0433,DOC-0471,References,DOC-0433 references architectural principles defined in DOC-0471.,2025-07-03
CIT-00488,DOC-0433,DOC-0625,References,DOC-0433 references architectural principles defined in DOC-0625.,2025-07-03
CIT-00489,DOC-0434,DOC-0940,References,DOC-0434 references architectural principles defined in DOC-0940.,2025-05-18
CIT-00490,DOC-0434,DOC-0226,References,DOC-0434 references architectural principles defined in DOC-0226.,2025-05-18
CIT-00491,DOC-0435,DOC-0245,References,DOC-0435 references architectural principles defined in DOC-0245.,2023-03-16
CIT-00492,DOC-0441,DOC-0419,References,DOC-0441 references architectural principles defined in DOC-0419.,2026-06-03
CIT-00493,DOC-0445,DOC-0024,References,DOC-0445 references architectural principles defined in DOC-0024.,2022-07-15
CIT-00494,DOC-0445,DOC-0555,References,DOC-0445 references architectural principles defined in DOC-0555.,2022-07-15
CIT-00495,DOC-0445,DOC-0784,References,DOC-0445 references architectural principles defined in DOC-0784.,2022-07-15
CIT-00496,DOC-0445,DOC-0279,References,DOC-0445 references architectural principles defined in DOC-0279.,2022-07-15
CIT-00497,DOC-0446,DOC-0448,References,DOC-0446 references architectural principles defined in DOC-0448.,2021-06-15
CIT-00498,DOC-0446,DOC-0809,References,DOC-0446 references architectural principles defined in DOC-0809.,2021-06-15
CIT-00499,DOC-0446,DOC-0897,References,DOC-0446 references architectural principles defined in DOC-0897.,2021-06-15
CIT-00500,DOC-0446,DOC-0537,References,DOC-0446 references architectural principles defined in DOC-0537.,2021-06-15
CIT-00501,DOC-0447,DOC-0512,References,DOC-0447 references architectural principles defined in DOC-0512.,2023-12-08
CIT-00502,DOC-0449,DOC-0622,References,DOC-0449 references architectural principles defined in DOC-0622.,2021-08-19
CIT-00503,DOC-0449,DOC-0211,References,DOC-0449 references architectural principles defined in DOC-0211.,2021-08-19
CIT-00504,DOC-0449,DOC-0382,References,DOC-0449 references architectural principles defined in DOC-0382.,2021-08-19
CIT-00505,DOC-0449,DOC-0148,References,DOC-0449 references architectural principles defined in DOC-0148.,2021-08-19
CIT-00506,DOC-0453,DOC-0213,References,DOC-0453 references architectural principles defined in DOC-0213.,2021-09-18
CIT-00507,DOC-0453,DOC-0224,References,DOC-0453 references architectural principles defined in DOC-0224.,2021-09-18
CIT-00508,DOC-0453,DOC-0322,References,DOC-0453 references architectural principles defined in DOC-0322.,2021-09-18
CIT-00509,DOC-0453,DOC-0362,References,DOC-0453 references architectural principles defined in DOC-0362.,2021-09-18
CIT-00510,DOC-0455,DOC-0921,References,DOC-0455 references architectural principles defined in DOC-0921.,06/09/2023
CIT-00511,DOC-0455,DOC-0237,References,DOC-0455 references architectural principles defined in DOC-0237.,06/09/2023
CIT-00512,DOC-0455,DOC-0389,References,DOC-0455 references architectural principles defined in DOC-0389.,06/09/2023
CIT-00513,DOC-0458,DOC-0661,References,DOC-0458 references architectural principles defined in DOC-0661.,2024-07-07
CIT-00514,DOC-0458,DOC-0715,References,DOC-0458 references architectural principles defined in DOC-0715.,2024-07-07
CIT-00515,DOC-0459,DOC-0399,References,DOC-0459 references architectural principles defined in DOC-0399.,2025-02-15
CIT-00516,DOC-0461,DOC-0503,References,DOC-0461 references architectural principles defined in DOC-0503.,2023-02-03
CIT-00517,DOC-0466,DOC-0376,References,DOC-0466 references architectural principles defined in DOC-0376.,2021-08-28
CIT-00518,DOC-0466,DOC-0934,References,DOC-0466 references architectural principles defined in DOC-0934.,2021-08-28
CIT-00519,DOC-0466,DOC-0267,References,DOC-0466 references architectural principles defined in DOC-0267.,2021-08-28
CIT-00520,DOC-0468,DOC-0867,References,DOC-0468 references architectural principles defined in DOC-0867.,2026-06-09
CIT-00521,DOC-0468,DOC-0038,References,DOC-0468 references architectural principles defined in DOC-0038.,2026-06-09
CIT-00522,DOC-0470,DOC-0093,References,DOC-0470 references architectural principles defined in DOC-0093.,2024-10-18
CIT-00523,DOC-0470,DOC-0725,References,DOC-0470 references architectural principles defined in DOC-0725.,2024-10-18
CIT-00524,DOC-0472,DOC-0257,References,DOC-0472 references architectural principles defined in DOC-0257.,2025-02-01
CIT-00525,DOC-0473,DOC-0464,References,DOC-0473 references architectural principles defined in DOC-0464.,2024-08-01
CIT-00526,DOC-0473,DOC-0153,References,DOC-0473 references architectural principles defined in DOC-0153.,2024-08-01
CIT-00527,DOC-0473,DOC-0301,References,DOC-0473 references architectural principles defined in DOC-0301.,2024-08-01
CIT-00528,DOC-0474,DOC-0286,References,DOC-0474 references architectural principles defined in DOC-0286.,2022-09-15
CIT-00529,DOC-0474,DOC-0892,References,DOC-0474 references architectural principles defined in DOC-0892.,2022-09-15
CIT-00530,DOC-0474,DOC-0938,References,DOC-0474 references architectural principles defined in DOC-0938.,2022-09-15
CIT-00531,DOC-0474,DOC-0191,References,DOC-0474 references architectural principles defined in DOC-0191.,2022-09-15
CIT-00532,DOC-0475,DOC-0171,References,DOC-0475 references architectural principles defined in DOC-0171.,2026-02-01
CIT-00533,DOC-0475,DOC-0534,References,DOC-0475 references architectural principles defined in DOC-0534.,2026-02-01
CIT-00534,DOC-0475,DOC-0069,References,DOC-0475 references architectural principles defined in DOC-0069.,2026-02-01
CIT-00535,DOC-0476,DOC-0636,References,DOC-0476 references architectural principles defined in DOC-0636.,2023-02-04
CIT-00536,DOC-0477,DOC-0296,References,DOC-0477 references architectural principles defined in DOC-0296.,2024-07-27
CIT-00537,DOC-0477,DOC-0562,References,DOC-0477 references architectural principles defined in DOC-0562.,2024-07-27
CIT-00538,DOC-0480,DOC-0828,References,DOC-0480 references architectural principles defined in DOC-0828.,2021-08-27
CIT-00539,DOC-0483,DOC-0276,References,DOC-0483 references architectural principles defined in DOC-0276.,02/28/2026
CIT-00540,DOC-0485,DOC-0798,References,DOC-0485 references architectural principles defined in DOC-0798.,2025-10-10
CIT-00541,DOC-0489,DOC-0252,References,DOC-0489 references architectural principles defined in DOC-0252.,2022-11-25
CIT-00542,DOC-0489,DOC-0806,References,DOC-0489 references architectural principles defined in DOC-0806.,2022-11-25
CIT-00543,DOC-0490,DOC-0785,References,DOC-0490 references architectural principles defined in DOC-0785.,2026-04-30
CIT-00544,DOC-0490,DOC-0279,References,DOC-0490 references architectural principles defined in DOC-0279.,2026-04-30
CIT-00545,DOC-0492,DOC-0404,References,DOC-0492 references architectural principles defined in DOC-0404.,2024-09-17
CIT-00546,DOC-0493,DOC-0481,References,DOC-0493 references architectural principles defined in DOC-0481.,2023-06-26
CIT-00547,DOC-0494,DOC-0248,References,DOC-0494 references architectural principles defined in DOC-0248.,2024-03-11
CIT-00548,DOC-0494,DOC-0883,References,DOC-0494 references architectural principles defined in DOC-0883.,2024-03-11
CIT-00549,DOC-0496,DOC-0474,References,DOC-0496 references architectural principles defined in DOC-0474.,2023-05-27
CIT-00550,DOC-0496,DOC-0252,References,DOC-0496 references architectural principles defined in DOC-0252.,2023-05-27
CIT-00551,DOC-0496,DOC-0466,References,DOC-0496 references architectural principles defined in DOC-0466.,2023-05-27
CIT-00552,DOC-0497,DOC-0731,References,DOC-0497 references architectural principles defined in DOC-0731.,2021-12-14
CIT-00553,DOC-0498,DOC-0069,References,DOC-0498 references architectural principles defined in DOC-0069.,2021-07-20
CIT-00554,DOC-0500,DOC-0472,References,DOC-0500 references architectural principles defined in DOC-0472.,2021-07-14
CIT-00555,DOC-0500,DOC-0542,References,DOC-0500 references architectural principles defined in DOC-0542.,2021-07-14
CIT-00556,DOC-0500,DOC-0819,References,DOC-0500 references architectural principles defined in DOC-0819.,2021-07-14
CIT-00557,DOC-0513,DOC-0171,References,DOC-0513 references architectural principles defined in DOC-0171.,2021-01-07
CIT-00558,DOC-0513,DOC-0516,References,DOC-0513 references architectural principles defined in DOC-0516.,2021-01-07
CIT-00559,DOC-0513,DOC-0879,References,DOC-0513 references architectural principles defined in DOC-0879.,2021-01-07
CIT-00560,DOC-0513,DOC-0512,References,DOC-0513 references architectural principles defined in DOC-0512.,2021-01-07
CIT-00561,DOC-0514,DOC-0212,References,DOC-0514 references architectural principles defined in DOC-0212.,2025-11-24
CIT-00562,DOC-0515,DOC-0863,References,DOC-0515 references architectural principles defined in DOC-0863.,2022-04-05
CIT-00563,DOC-0515,DOC-0306,References,DOC-0515 references architectural principles defined in DOC-0306.,2022-04-05
CIT-00564,DOC-0515,DOC-0119,References,DOC-0515 references architectural principles defined in DOC-0119.,2022-04-05
CIT-00565,DOC-0518,DOC-0025,References,DOC-0518 references architectural principles defined in DOC-0025.,2025-06-11
CIT-00566,DOC-0518,DOC-0323,References,DOC-0518 references architectural principles defined in DOC-0323.,2025-06-11
CIT-00567,DOC-0518,DOC-0499,References,DOC-0518 references architectural principles defined in DOC-0499.,2025-06-11
CIT-00568,DOC-0519,DOC-0221,References,DOC-0519 references architectural principles defined in DOC-0221.,2025-11-20
CIT-00569,DOC-0522,DOC-0665,References,DOC-0522 references architectural principles defined in DOC-0665.,2025-03-12
CIT-00570,DOC-0522,DOC-0813,References,DOC-0522 references architectural principles defined in DOC-0813.,2025-03-12
CIT-00571,DOC-0523,DOC-0146,References,DOC-0523 references architectural principles defined in DOC-0146.,2021-04-19
CIT-00572,DOC-0523,DOC-0017,References,DOC-0523 references architectural principles defined in DOC-0017.,2021-04-19
CIT-00573,DOC-0526,DOC-0478,References,DOC-0526 references architectural principles defined in DOC-0478.,2023-03-19
CIT-00574,DOC-0526,DOC-0730,References,DOC-0526 references architectural principles defined in DOC-0730.,2023-03-19
CIT-00575,DOC-0526,DOC-0477,References,DOC-0526 references architectural principles defined in DOC-0477.,2023-03-19
CIT-00576,DOC-0526,DOC-0381,References,DOC-0526 references architectural principles defined in DOC-0381.,2023-03-19
CIT-00577,DOC-0530,DOC-0919,References,DOC-0530 references architectural principles defined in DOC-0919.,2024-02-28
CIT-00578,DOC-0530,DOC-0656,References,DOC-0530 references architectural principles defined in DOC-0656.,2024-02-28
CIT-00579,DOC-0532,DOC-0359,References,DOC-0532 references architectural principles defined in DOC-0359.,2024-03-10
CIT-00580,DOC-0534,DOC-0080,References,DOC-0534 references architectural principles defined in DOC-0080.,2025-04-01
CIT-00581,DOC-0534,DOC-0613,References,DOC-0534 references architectural principles defined in DOC-0613.,2025-04-01
CIT-00582,DOC-0534,DOC-0302,References,DOC-0534 references architectural principles defined in DOC-0302.,2025-04-01
CIT-00583,DOC-0534,DOC-0364,References,DOC-0534 references architectural principles defined in DOC-0364.,2025-04-01
CIT-00584,DOC-0537,DOC-0070,References,DOC-0537 references architectural principles defined in DOC-0070.,2024-08-23
CIT-00585,DOC-0537,DOC-0361,References,DOC-0537 references architectural principles defined in DOC-0361.,2024-08-23
CIT-00586,DOC-0537,DOC-0340,References,DOC-0537 references architectural principles defined in DOC-0340.,2024-08-23
CIT-00587,DOC-0537,DOC-0199,References,DOC-0537 references architectural principles defined in DOC-0199.,2024-08-23
CIT-00588,DOC-0538,DOC-0012,References,DOC-0538 references architectural principles defined in DOC-0012.,2026-05-28
CIT-00589,DOC-0538,DOC-0104,References,DOC-0538 references architectural principles defined in DOC-0104.,2026-05-28
CIT-00590,DOC-0539,DOC-0062,References,DOC-0539 references architectural principles defined in DOC-0062.,06/29/2026
CIT-00591,DOC-0539,DOC-0026,References,DOC-0539 references architectural principles defined in DOC-0026.,06/29/2026
CIT-00592,DOC-0539,DOC-0522,References,DOC-0539 references architectural principles defined in DOC-0522.,06/29/2026
CIT-00593,DOC-0540,DOC-0025,References,DOC-0540 references architectural principles defined in DOC-0025.,2023-12-18
CIT-00594,DOC-0540,DOC-0460,References,DOC-0540 references architectural principles defined in DOC-0460.,2023-12-18
CIT-00595,DOC-0540,DOC-0414,References,DOC-0540 references architectural principles defined in DOC-0414.,2023-12-18
CIT-00596,DOC-0541,DOC-0356,References,DOC-0541 references architectural principles defined in DOC-0356.,2021-02-12
CIT-00597,DOC-0541,DOC-0637,References,DOC-0541 references architectural principles defined in DOC-0637.,2021-02-12
CIT-00598,DOC-0541,DOC-0335,References,DOC-0541 references architectural principles defined in DOC-0335.,2021-02-12
CIT-00599,DOC-0541,DOC-0292,References,DOC-0541 references architectural principles defined in DOC-0292.,2021-02-12
CIT-00600,DOC-0542,DOC-0905,References,DOC-0542 references architectural principles defined in DOC-0905.,2026-05-20
CIT-00601,DOC-0546,DOC-0992,References,DOC-0546 references architectural principles defined in DOC-0992.,2021-08-04
CIT-00602,DOC-0547,DOC-0339,References,DOC-0547 references architectural principles defined in DOC-0339.,2022-11-17
CIT-00603,DOC-0547,DOC-0677,References,DOC-0547 references architectural principles defined in DOC-0677.,2022-11-17
CIT-00604,DOC-0547,DOC-0732,References,DOC-0547 references architectural principles defined in DOC-0732.,2022-11-17
CIT-00605,DOC-0547,DOC-0451,References,DOC-0547 references architectural principles defined in DOC-0451.,2022-11-17
CIT-00606,DOC-0550,DOC-0096,References,DOC-0550 references architectural principles defined in DOC-0096.,2026-01-23
CIT-00607,DOC-0550,DOC-0632,References,DOC-0550 references architectural principles defined in DOC-0632.,2026-01-23
CIT-00608,DOC-0551,DOC-0226,References,DOC-0551 references architectural principles defined in DOC-0226.,2026-01-18
CIT-00609,DOC-0551,DOC-0043,References,DOC-0551 references architectural principles defined in DOC-0043.,2026-01-18
CIT-00610,DOC-0551,DOC-0046,References,DOC-0551 references architectural principles defined in DOC-0046.,2026-01-18
CIT-00611,DOC-0551,DOC-0311,References,DOC-0551 references architectural principles defined in DOC-0311.,2026-01-18
CIT-00612,DOC-0552,DOC-0200,References,DOC-0552 references architectural principles defined in DOC-0200.,2025-12-10
CIT-00613,DOC-0552,DOC-0429,References,DOC-0552 references architectural principles defined in DOC-0429.,2025-12-10
CIT-00614,DOC-0556,DOC-0939,References,DOC-0556 references architectural principles defined in DOC-0939.,2024-12-28
CIT-00615,DOC-0556,DOC-0216,References,DOC-0556 references architectural principles defined in DOC-0216.,2024-12-28
CIT-00616,DOC-0556,ADR-001,References,DOC-0556 references architectural principles defined in ADR-001.,2024-12-28
CIT-00617,DOC-0558,DOC-0272,References,DOC-0558 references architectural principles defined in DOC-0272.,2021-09-22
CIT-00618,DOC-0561,DOC-0948,References,DOC-0561 references architectural principles defined in DOC-0948.,2024-03-04
CIT-00619,DOC-0561,DOC-0689,References,DOC-0561 references architectural principles defined in DOC-0689.,2024-03-04
CIT-00620,DOC-0563,DOC-0832,References,DOC-0563 references architectural principles defined in DOC-0832.,2024-02-24
CIT-00621,DOC-0563,DOC-0921,References,DOC-0563 references architectural principles defined in DOC-0921.,2024-02-24
CIT-00622,DOC-0563,DOC-0351,References,DOC-0563 references architectural principles defined in DOC-0351.,2024-02-24
CIT-00623,DOC-0563,DOC-0632,References,DOC-0563 references architectural principles defined in DOC-0632.,2024-02-24
CIT-00624,DOC-0565,DOC-0979,References,DOC-0565 references architectural principles defined in DOC-0979.,2022-01-05
CIT-00625,DOC-0565,DOC-0980,References,DOC-0565 references architectural principles defined in DOC-0980.,2022-01-05
CIT-00626,DOC-0565,DOC-0265,References,DOC-0565 references architectural principles defined in DOC-0265.,2022-01-05
CIT-00627,DOC-0565,DOC-0591,References,DOC-0565 references architectural principles defined in DOC-0591.,2022-01-05
CIT-00628,DOC-0569,DOC-0540,References,DOC-0569 references architectural principles defined in DOC-0540.,2023-07-03
CIT-00629,DOC-0569,DOC-0160,References,DOC-0569 references architectural principles defined in DOC-0160.,2023-07-03
CIT-00630,DOC-0569,DOC-0684,References,DOC-0569 references architectural principles defined in DOC-0684.,2023-07-03
CIT-00631,DOC-0573,DOC-0232,References,DOC-0573 references architectural principles defined in DOC-0232.,2024-10-09
CIT-00632,DOC-0573,DOC-0835,References,DOC-0573 references architectural principles defined in DOC-0835.,2024-10-09
CIT-00633,DOC-0574,DOC-0279,References,DOC-0574 references architectural principles defined in DOC-0279.,2025-08-22
CIT-00634,DOC-0574,DOC-0337,References,DOC-0574 references architectural principles defined in DOC-0337.,2025-08-22
CIT-00635,DOC-0574,DOC-0963,References,DOC-0574 references architectural principles defined in DOC-0963.,2025-08-22
CIT-00636,DOC-0574,DOC-0522,References,DOC-0574 references architectural principles defined in DOC-0522.,2025-08-22
CIT-00637,DOC-0575,DOC-0053,References,DOC-0575 references architectural principles defined in DOC-0053.,2022-01-28
CIT-00638,DOC-0575,DOC-0975,References,DOC-0575 references architectural principles defined in DOC-0975.,2022-01-28
CIT-00639,DOC-0575,DOC-0606,References,DOC-0575 references architectural principles defined in DOC-0606.,2022-01-28
CIT-00640,DOC-0575,DOC-0308,References,DOC-0575 references architectural principles defined in DOC-0308.,2022-01-28
CIT-00641,DOC-0577,DOC-0569,References,DOC-0577 references architectural principles defined in DOC-0569.,2025-03-08
CIT-00642,DOC-0577,DOC-0229,References,DOC-0577 references architectural principles defined in DOC-0229.,2025-03-08
CIT-00643,DOC-0579,DOC-0476,References,DOC-0579 references architectural principles defined in DOC-0476.,2026-02-24
CIT-00644,DOC-0579,DOC-0927,References,DOC-0579 references architectural principles defined in DOC-0927.,2026-02-24
CIT-00645,DOC-0580,DOC-0715,References,DOC-0580 references architectural principles defined in DOC-0715.,2021-12-03
CIT-00646,DOC-0582,DOC-0430,References,DOC-0582 references architectural principles defined in DOC-0430.,2023-02-12
CIT-00647,DOC-0582,DOC-0581,References,DOC-0582 references architectural principles defined in DOC-0581.,2023-02-12
CIT-00648,DOC-0582,DOC-0340,References,DOC-0582 references architectural principles defined in DOC-0340.,2023-02-12
CIT-00649,DOC-0582,DOC-0307,References,DOC-0582 references architectural principles defined in DOC-0307.,2023-02-12
CIT-00650,DOC-0583,DOC-0639,References,DOC-0583 references architectural principles defined in DOC-0639.,2025-10-07
CIT-00651,DOC-0583,DOC-0493,References,DOC-0583 references architectural principles defined in DOC-0493.,2025-10-07
CIT-00652,DOC-0588,DOC-0835,References,DOC-0588 references architectural principles defined in DOC-0835.,2021-11-29
CIT-00653,DOC-0588,DOC-0443,References,DOC-0588 references architectural principles defined in DOC-0443.,2021-11-29
CIT-00654,DOC-0588,DOC-0158,References,DOC-0588 references architectural principles defined in DOC-0158.,2021-11-29
CIT-00655,DOC-0588,DOC-0425,References,DOC-0588 references architectural principles defined in DOC-0425.,2021-11-29
CIT-00656,DOC-0590,DOC-0122,References,DOC-0590 references architectural principles defined in DOC-0122.,2026-02-13
CIT-00657,DOC-0590,DOC-0316,References,DOC-0590 references architectural principles defined in DOC-0316.,2026-02-13
CIT-00658,DOC-0590,DOC-0242,References,DOC-0590 references architectural principles defined in DOC-0242.,2026-02-13
CIT-00659,DOC-0594,DOC-0416,References,DOC-0594 references architectural principles defined in DOC-0416.,2026-06-07
CIT-00660,DOC-0594,DOC-0441,References,DOC-0594 references architectural principles defined in DOC-0441.,2026-06-07
CIT-00661,DOC-0596,DOC-0345,References,DOC-0596 references architectural principles defined in DOC-0345.,2023-07-15
CIT-00662,DOC-0596,DOC-0164,References,DOC-0596 references architectural principles defined in DOC-0164.,2023-07-15
CIT-00663,DOC-0600,DOC-0816,References,DOC-0600 references architectural principles defined in DOC-0816.,2026-02-12
CIT-00664,DOC-0602,DOC-0505,References,DOC-0602 references architectural principles defined in DOC-0505.,2022-03-06
CIT-00665,DOC-0602,DOC-0919,References,DOC-0602 references architectural principles defined in DOC-0919.,2022-03-06
CIT-00666,DOC-0602,DOC-0095,References,DOC-0602 references architectural principles defined in DOC-0095.,2022-03-06
CIT-00667,DOC-0602,DOC-0957,References,DOC-0602 references architectural principles defined in DOC-0957.,2022-03-06
CIT-00668,DOC-0607,DOC-0034,References,DOC-0607 references architectural principles defined in DOC-0034.,2021-11-22
CIT-00669,DOC-0607,DOC-0137,References,DOC-0607 references architectural principles defined in DOC-0137.,2021-11-22
CIT-00670,DOC-0608,DOC-0696,References,DOC-0608 references architectural principles defined in DOC-0696.,2026-02-08
CIT-00671,DOC-0608,DOC-0703,References,DOC-0608 references architectural principles defined in DOC-0703.,2026-02-08
CIT-00672,DOC-0608,DOC-0941,References,DOC-0608 references architectural principles defined in DOC-0941.,2026-02-08
CIT-00673,DOC-0610,DOC-0042,References,DOC-0610 references architectural principles defined in DOC-0042.,2022-07-15
CIT-00674,DOC-0611,DOC-0339,References,DOC-0611 references architectural principles defined in DOC-0339.,04/20/2023
CIT-00675,DOC-0611,DOC-0103,References,DOC-0611 references architectural principles defined in DOC-0103.,04/20/2023
CIT-00676,DOC-0611,DOC-0040,References,DOC-0611 references architectural principles defined in DOC-0040.,04/20/2023
CIT-00677,DOC-0613,DOC-0630,References,DOC-0613 references architectural principles defined in DOC-0630.,2025-01-01
CIT-00678,DOC-0614,DOC-0809,References,DOC-0614 references architectural principles defined in DOC-0809.,2024-10-19
CIT-00679,DOC-0614,DOC-0175,References,DOC-0614 references architectural principles defined in DOC-0175.,2024-10-19
CIT-00680,DOC-0618,DOC-0631,References,DOC-0618 references architectural principles defined in DOC-0631.,2024-09-09
CIT-00681,DOC-0618,DOC-0857,References,DOC-0618 references architectural principles defined in DOC-0857.,2024-09-09
CIT-00682,DOC-0618,DOC-0539,References,DOC-0618 references architectural principles defined in DOC-0539.,2024-09-09
CIT-00683,DOC-0619,DOC-0142,References,DOC-0619 references architectural principles defined in DOC-0142.,2022-10-27
CIT-00684,DOC-0619,DOC-0067,References,DOC-0619 references architectural principles defined in DOC-0067.,2022-10-27
CIT-00685,DOC-0619,DOC-0474,References,DOC-0619 references architectural principles defined in DOC-0474.,2022-10-27
CIT-00686,DOC-0621,DOC-0509,References,DOC-0621 references architectural principles defined in DOC-0509.,2025-03-31
CIT-00687,DOC-0624,DOC-0681,References,DOC-0624 references architectural principles defined in DOC-0681.,2026-04-06
CIT-00688,DOC-0624,DOC-0167,References,DOC-0624 references architectural principles defined in DOC-0167.,2026-04-06
CIT-00689,DOC-0624,DOC-0712,References,DOC-0624 references architectural principles defined in DOC-0712.,2026-04-06
CIT-00690,DOC-0628,DOC-0429,References,DOC-0628 references architectural principles defined in DOC-0429.,2025-02-04
CIT-00691,DOC-0628,DOC-0827,References,DOC-0628 references architectural principles defined in DOC-0827.,2025-02-04
CIT-00692,DOC-0628,DOC-0953,References,DOC-0628 references architectural principles defined in DOC-0953.,2025-02-04
CIT-00693,DOC-0628,DOC-0241,References,DOC-0628 references architectural principles defined in DOC-0241.,2025-02-04
CIT-00694,DOC-0632,DOC-0153,References,DOC-0632 references architectural principles defined in DOC-0153.,2024-04-15
CIT-00695,DOC-0632,DOC-0721,References,DOC-0632 references architectural principles defined in DOC-0721.,2024-04-15
CIT-00696,DOC-0632,DOC-0159,References,DOC-0632 references architectural principles defined in DOC-0159.,2024-04-15
CIT-00697,DOC-0632,DOC-0038,References,DOC-0632 references architectural principles defined in DOC-0038.,2024-04-15
CIT-00698,DOC-0633,DOC-0152,References,DOC-0633 references architectural principles defined in DOC-0152.,2024-12-02
CIT-00699,DOC-0634,DOC-0130,References,DOC-0634 references architectural principles defined in DOC-0130.,2023-02-07
CIT-00700,DOC-0634,DOC-0153,References,DOC-0634 references architectural principles defined in DOC-0153.,2023-02-07
CIT-00701,DOC-0634,DOC-0741,References,DOC-0634 references architectural principles defined in DOC-0741.,2023-02-07
CIT-00702,DOC-0634,DOC-0076,References,DOC-0634 references architectural principles defined in DOC-0076.,2023-02-07
CIT-00703,DOC-0635,DOC-0705,References,DOC-0635 references architectural principles defined in DOC-0705.,2023-06-22
CIT-00704,DOC-0635,DOC-0328,References,DOC-0635 references architectural principles defined in DOC-0328.,2023-06-22
CIT-00705,DOC-0635,DOC-0594,References,DOC-0635 references architectural principles defined in DOC-0594.,2023-06-22
CIT-00706,DOC-0636,DOC-0446,References,DOC-0636 references architectural principles defined in DOC-0446.,2022-06-29
CIT-00707,DOC-0636,DOC-0420,References,DOC-0636 references architectural principles defined in DOC-0420.,2022-06-29
CIT-00708,DOC-0636,DOC-0126,References,DOC-0636 references architectural principles defined in DOC-0126.,2022-06-29
CIT-00709,DOC-0636,DOC-0953,References,DOC-0636 references architectural principles defined in DOC-0953.,2022-06-29
CIT-00710,DOC-0642,DOC-0672,References,DOC-0642 references architectural principles defined in DOC-0672.,2024-09-25
CIT-00711,DOC-0642,DOC-0035,References,DOC-0642 references architectural principles defined in DOC-0035.,2024-09-25
CIT-00712,DOC-0642,DOC-0373,References,DOC-0642 references architectural principles defined in DOC-0373.,2024-09-25
CIT-00713,DOC-0642,DOC-0161,References,DOC-0642 references architectural principles defined in DOC-0161.,2024-09-25
CIT-00714,DOC-0643,DOC-0068,References,DOC-0643 references architectural principles defined in DOC-0068.,2024-09-01
CIT-00715,DOC-0643,DOC-0051,References,DOC-0643 references architectural principles defined in DOC-0051.,2024-09-01
CIT-00716,DOC-0643,DOC-0033,References,DOC-0643 references architectural principles defined in DOC-0033.,2024-09-01
CIT-00717,DOC-0646,DOC-0475,References,DOC-0646 references architectural principles defined in DOC-0475.,2021-10-29
CIT-00718,DOC-0646,DOC-0675,References,DOC-0646 references architectural principles defined in DOC-0675.,2021-10-29
CIT-00719,DOC-0646,DOC-0990,References,DOC-0646 references architectural principles defined in DOC-0990.,2021-10-29
CIT-00720,DOC-0646,DOC-0408,References,DOC-0646 references architectural principles defined in DOC-0408.,2021-10-29
CIT-00721,DOC-0657,DOC-0978,References,DOC-0657 references architectural principles defined in DOC-0978.,2023-05-17
CIT-00722,DOC-0657,DOC-0257,References,DOC-0657 references architectural principles defined in DOC-0257.,2023-05-17
CIT-00723,DOC-0661,DOC-0246,References,DOC-0661 references architectural principles defined in DOC-0246.,2022-11-06
CIT-00724,DOC-0661,DOC-0526,References,DOC-0661 references architectural principles defined in DOC-0526.,2022-11-06
CIT-00725,DOC-0671,DOC-0108,References,DOC-0671 references architectural principles defined in DOC-0108.,2021-07-27
CIT-00726,DOC-0675,DOC-0697,References,DOC-0675 references architectural principles defined in DOC-0697.,2025-06-12
CIT-00727,DOC-0675,DOC-0879,References,DOC-0675 references architectural principles defined in DOC-0879.,2025-06-12
CIT-00728,DOC-0691,DOC-0019,References,DOC-0691 references architectural principles defined in DOC-0019.,2022-01-22
CIT-00729,DOC-0691,DOC-0418,References,DOC-0691 references architectural principles defined in DOC-0418.,2022-01-22
CIT-00730,DOC-0691,DOC-0604,References,DOC-0691 references architectural principles defined in DOC-0604.,2022-01-22
CIT-00731,DOC-0699,DOC-0855,References,DOC-0699 references architectural principles defined in DOC-0855.,2025-07-27
CIT-00732,DOC-0699,DOC-0606,References,DOC-0699 references architectural principles defined in DOC-0606.,2025-07-27
CIT-00733,DOC-0699,DOC-0229,References,DOC-0699 references architectural principles defined in DOC-0229.,2025-07-27
CIT-00734,DOC-0701,DOC-0837,References,DOC-0701 references architectural principles defined in DOC-0837.,2025-01-04
CIT-00735,DOC-0702,DOC-0405,References,DOC-0702 references architectural principles defined in DOC-0405.,2023-01-10
CIT-00736,DOC-0702,DOC-0272,References,DOC-0702 references architectural principles defined in DOC-0272.,2023-01-10
CIT-00737,DOC-0702,DOC-0005,References,DOC-0702 references architectural principles defined in DOC-0005.,2023-01-10
CIT-00738,DOC-0704,DOC-0245,References,DOC-0704 references architectural principles defined in DOC-0245.,2021-06-07
CIT-00739,DOC-0704,DOC-0407,References,DOC-0704 references architectural principles defined in DOC-0407.,2021-06-07
CIT-00740,DOC-0704,DOC-0003,References,DOC-0704 references architectural principles defined in DOC-0003.,2021-06-07
CIT-00741,DOC-0704,DOC-0441,References,DOC-0704 references architectural principles defined in DOC-0441.,2021-06-07
CIT-00742,DOC-0705,DOC-0822,References,DOC-0705 references architectural principles defined in DOC-0822.,2022-08-11
CIT-00743,DOC-0710,DOC-0788,References,DOC-0710 references architectural principles defined in DOC-0788.,2022-10-07
CIT-00744,DOC-0710,DOC-0615,References,DOC-0710 references architectural principles defined in DOC-0615.,2022-10-07
CIT-00745,DOC-0710,DOC-0680,References,DOC-0710 references architectural principles defined in DOC-0680.,2022-10-07
CIT-00746,DOC-0711,DOC-0547,References,DOC-0711 references architectural principles defined in DOC-0547.,2023-09-04
CIT-00747,DOC-0711,DOC-0678,References,DOC-0711 references architectural principles defined in DOC-0678.,2023-09-04
CIT-00748,DOC-0716,DOC-0182,References,DOC-0716 references architectural principles defined in DOC-0182.,2023-11-03
CIT-00749,DOC-0716,DOC-0559,References,DOC-0716 references architectural principles defined in DOC-0559.,2023-11-03
CIT-00750,DOC-0716,DOC-0672,References,DOC-0716 references architectural principles defined in DOC-0672.,2023-11-03
CIT-00751,DOC-0717,DOC-0082,References,DOC-0717 references architectural principles defined in DOC-0082.,2024-03-13
CIT-00752,DOC-0717,DOC-0337,References,DOC-0717 references architectural principles defined in DOC-0337.,2024-03-13
CIT-00753,DOC-0717,DOC-0663,References,DOC-0717 references architectural principles defined in DOC-0663.,2024-03-13
CIT-00754,DOC-0717,DOC-0252,References,DOC-0717 references architectural principles defined in DOC-0252.,2024-03-13
CIT-00755,DOC-0719,DOC-0954,References,DOC-0719 references architectural principles defined in DOC-0954.,2021-03-20
CIT-00756,DOC-0719,DOC-0768,References,DOC-0719 references architectural principles defined in DOC-0768.,2021-03-20
CIT-00757,DOC-0721,DOC-0688,References,DOC-0721 references architectural principles defined in DOC-0688.,2025-11-25
CIT-00758,DOC-0721,DOC-0264,References,DOC-0721 references architectural principles defined in DOC-0264.,2025-11-25
CIT-00759,DOC-0721,DOC-0426,References,DOC-0721 references architectural principles defined in DOC-0426.,2025-11-25
CIT-00760,DOC-0722,DOC-0209,References,DOC-0722 references architectural principles defined in DOC-0209.,2026-04-14
CIT-00761,DOC-0722,DOC-0747,References,DOC-0722 references architectural principles defined in DOC-0747.,2026-04-14
CIT-00762,DOC-0722,DOC-0168,References,DOC-0722 references architectural principles defined in DOC-0168.,2026-04-14
CIT-00763,DOC-0722,DOC-0371,References,DOC-0722 references architectural principles defined in DOC-0371.,2026-04-14
CIT-00764,DOC-0723,DOC-0317,References,DOC-0723 references architectural principles defined in DOC-0317.,06/16/2024
CIT-00765,DOC-0723,DOC-0556,References,DOC-0723 references architectural principles defined in DOC-0556.,06/16/2024
CIT-00766,DOC-0723,DOC-0709,References,DOC-0723 references architectural principles defined in DOC-0709.,06/16/2024
CIT-00767,DOC-0725,DOC-0895,References,DOC-0725 references architectural principles defined in DOC-0895.,2025-05-05
CIT-00768,DOC-0725,DOC-0125,References,DOC-0725 references architectural principles defined in DOC-0125.,2025-05-05
CIT-00769,DOC-0727,DOC-0068,References,DOC-0727 references architectural principles defined in DOC-0068.,2022-08-07
CIT-00770,DOC-0727,DOC-0798,References,DOC-0727 references architectural principles defined in DOC-0798.,2022-08-07
CIT-00771,DOC-0730,DOC-0117,References,DOC-0730 references architectural principles defined in DOC-0117.,10/10/2024
CIT-00772,DOC-0730,DOC-0784,References,DOC-0730 references architectural principles defined in DOC-0784.,10/10/2024
CIT-00773,DOC-0732,DOC-0524,References,DOC-0732 references architectural principles defined in DOC-0524.,2023-11-26
CIT-00774,DOC-0732,DOC-0126,References,DOC-0732 references architectural principles defined in DOC-0126.,2023-11-26
CIT-00775,DOC-0732,DOC-0493,References,DOC-0732 references architectural principles defined in DOC-0493.,2023-11-26
CIT-00776,DOC-0732,DOC-0685,References,DOC-0732 references architectural principles defined in DOC-0685.,2023-11-26
CIT-00777,DOC-0735,DOC-0362,References,DOC-0735 references architectural principles defined in DOC-0362.,2026-03-14
CIT-00778,DOC-0736,DOC-0559,References,DOC-0736 references architectural principles defined in DOC-0559.,2023-09-24
CIT-00779,DOC-0736,DOC-0968,References,DOC-0736 references architectural principles defined in DOC-0968.,2023-09-24
CIT-00780,DOC-0737,DOC-0933,References,DOC-0737 references architectural principles defined in DOC-0933.,2023-09-19
CIT-00781,DOC-0741,DOC-0167,References,DOC-0741 references architectural principles defined in DOC-0167.,2022-06-03
CIT-00782,DOC-0742,DOC-0535,References,DOC-0742 references architectural principles defined in DOC-0535.,2022-03-17
CIT-00783,DOC-0742,DOC-0835,References,DOC-0742 references architectural principles defined in DOC-0835.,2022-03-17
CIT-00784,DOC-0744,DOC-0031,References,DOC-0744 references architectural principles defined in DOC-0031.,2022-02-10
CIT-00785,DOC-0744,DOC-0349,References,DOC-0744 references architectural principles defined in DOC-0349.,2022-02-10
CIT-00786,DOC-0744,DOC-0874,References,DOC-0744 references architectural principles defined in DOC-0874.,2022-02-10
CIT-00787,DOC-0745,DOC-0107,References,DOC-0745 references architectural principles defined in DOC-0107.,08/07/2022
CIT-00788,DOC-0745,DOC-0827,References,DOC-0745 references architectural principles defined in DOC-0827.,08/07/2022
CIT-00789,DOC-0745,DOC-0525,References,DOC-0745 references architectural principles defined in DOC-0525.,08/07/2022
CIT-00790,DOC-0745,DOC-0795,References,DOC-0745 references architectural principles defined in DOC-0795.,08/07/2022
CIT-00791,DOC-0747,DOC-0636,References,DOC-0747 references architectural principles defined in DOC-0636.,2025-09-23
CIT-00792,DOC-0747,DOC-0653,References,DOC-0747 references architectural principles defined in DOC-0653.,2025-09-23
CIT-00793,DOC-0758,DOC-0204,References,DOC-0758 references architectural principles defined in DOC-0204.,2021-07-13
CIT-00794,DOC-0758,DOC-0922,References,DOC-0758 references architectural principles defined in DOC-0922.,2021-07-13
CIT-00795,DOC-0758,DOC-0043,References,DOC-0758 references architectural principles defined in DOC-0043.,2021-07-13
CIT-00796,DOC-0759,DOC-0004,References,DOC-0759 references architectural principles defined in DOC-0004.,2023-05-27
CIT-00797,DOC-0759,DOC-0585,References,DOC-0759 references architectural principles defined in DOC-0585.,2023-05-27
CIT-00798,DOC-0760,DOC-0665,References,DOC-0760 references architectural principles defined in DOC-0665.,2023-08-26
CIT-00799,DOC-0760,DOC-0347,References,DOC-0760 references architectural principles defined in DOC-0347.,2023-08-26
CIT-00800,DOC-0760,DOC-0426,References,DOC-0760 references architectural principles defined in DOC-0426.,2023-08-26
CIT-00801,DOC-0762,DOC-0883,References,DOC-0762 references architectural principles defined in DOC-0883.,2023-09-19
CIT-00802,DOC-0762,DOC-0475,References,DOC-0762 references architectural principles defined in DOC-0475.,2023-09-19
CIT-00803,DOC-0762,DOC-0088,References,DOC-0762 references architectural principles defined in DOC-0088.,2023-09-19
CIT-00804,DOC-0763,DOC-0609,References,DOC-0763 references architectural principles defined in DOC-0609.,2024-03-28
CIT-00805,DOC-0771,DOC-0806,References,DOC-0771 references architectural principles defined in DOC-0806.,2023-08-03
CIT-00806,DOC-0773,DOC-0550,References,DOC-0773 references architectural principles defined in DOC-0550.,2025-08-27
CIT-00807,DOC-0773,DOC-0842,References,DOC-0773 references architectural principles defined in DOC-0842.,2025-08-27
CIT-00808,DOC-0773,DOC-0436,References,DOC-0773 references architectural principles defined in DOC-0436.,2025-08-27
CIT-00809,DOC-0774,DOC-0057,References,DOC-0774 references architectural principles defined in DOC-0057.,2024-02-26
CIT-00810,DOC-0781,DOC-0077,References,DOC-0781 references architectural principles defined in DOC-0077.,2022-06-15
CIT-00811,DOC-0781,DOC-0999,References,DOC-0781 references architectural principles defined in DOC-0999.,2022-06-15
CIT-00812,DOC-0781,DOC-0544,References,DOC-0781 references architectural principles defined in DOC-0544.,2022-06-15
CIT-00813,DOC-0781,DOC-0373,References,DOC-0781 references architectural principles defined in DOC-0373.,2022-06-15
CIT-00814,DOC-0782,DOC-0757,References,DOC-0782 references architectural principles defined in DOC-0757.,2022-10-25
CIT-00815,DOC-0782,DOC-0308,References,DOC-0782 references architectural principles defined in DOC-0308.,2022-10-25
CIT-00816,DOC-0782,DOC-0417,References,DOC-0782 references architectural principles defined in DOC-0417.,2022-10-25
CIT-00817,DOC-0783,DOC-0336,References,DOC-0783 references architectural principles defined in DOC-0336.,2023-06-24
CIT-00818,DOC-0783,DOC-0190,References,DOC-0783 references architectural principles defined in DOC-0190.,2023-06-24
CIT-00819,DOC-0783,DOC-0729,References,DOC-0783 references architectural principles defined in DOC-0729.,2023-06-24
CIT-00820,DOC-0784,DOC-0954,References,DOC-0784 references architectural principles defined in DOC-0954.,2022-04-07
CIT-00821,DOC-0784,DOC-0538,References,DOC-0784 references architectural principles defined in DOC-0538.,2022-04-07
CIT-00822,DOC-0787,DOC-0999,References,DOC-0787 references architectural principles defined in DOC-0999.,2022-11-09
CIT-00823,DOC-0788,DOC-0326,References,DOC-0788 references architectural principles defined in DOC-0326.,2022-10-02
CIT-00824,DOC-0788,DOC-0910,References,DOC-0788 references architectural principles defined in DOC-0910.,2022-10-02
CIT-00825,DOC-0788,DOC-0127,References,DOC-0788 references architectural principles defined in DOC-0127.,2022-10-02
CIT-00826,DOC-0789,DOC-0597,References,DOC-0789 references architectural principles defined in DOC-0597.,2022-11-17
CIT-00827,DOC-0789,DOC-0820,References,DOC-0789 references architectural principles defined in DOC-0820.,2022-11-17
CIT-00828,DOC-0790,DOC-0284,References,DOC-0790 references architectural principles defined in DOC-0284.,2024-05-10
CIT-00829,DOC-0791,DOC-0832,References,DOC-0791 references architectural principles defined in DOC-0832.,2025-05-20
CIT-00830,DOC-0798,DOC-0771,References,DOC-0798 references architectural principles defined in DOC-0771.,2024-04-19
CIT-00831,DOC-0798,DOC-0954,References,DOC-0798 references architectural principles defined in DOC-0954.,2024-04-19
CIT-00832,DOC-0798,DOC-0042,References,DOC-0798 references architectural principles defined in DOC-0042.,2024-04-19
CIT-00833,DOC-0798,DOC-0320,References,DOC-0798 references architectural principles defined in DOC-0320.,2024-04-19
CIT-00834,DOC-0802,DOC-0141,References,DOC-0802 references architectural principles defined in DOC-0141.,2024-03-15
CIT-00835,DOC-0803,DOC-0110,References,DOC-0803 references architectural principles defined in DOC-0110.,10/02/2025
CIT-00836,DOC-0805,DOC-0416,References,DOC-0805 references architectural principles defined in DOC-0416.,2021-10-28
CIT-00837,DOC-0805,DOC-0555,References,DOC-0805 references architectural principles defined in DOC-0555.,2021-10-28
CIT-00838,DOC-0805,DOC-0110,References,DOC-0805 references architectural principles defined in DOC-0110.,2021-10-28
CIT-00839,DOC-0806,DOC-0084,References,DOC-0806 references architectural principles defined in DOC-0084.,2026-06-21
CIT-00840,DOC-0806,DOC-0343,References,DOC-0806 references architectural principles defined in DOC-0343.,2026-06-21
CIT-00841,DOC-0807,DOC-0646,References,DOC-0807 references architectural principles defined in DOC-0646.,02/22/2022
CIT-00842,DOC-0811,DOC-0418,References,DOC-0811 references architectural principles defined in DOC-0418.,2022-04-18
CIT-00843,DOC-0811,DOC-0006,References,DOC-0811 references architectural principles defined in DOC-0006.,2022-04-18
CIT-00844,DOC-0818,DOC-0217,References,DOC-0818 references architectural principles defined in DOC-0217.,2022-11-30
CIT-00845,DOC-0818,DOC-0628,References,DOC-0818 references architectural principles defined in DOC-0628.,2022-11-30
CIT-00846,DOC-0818,DOC-0683,References,DOC-0818 references architectural principles defined in DOC-0683.,2022-11-30
CIT-00847,DOC-0818,DOC-0398,References,DOC-0818 references architectural principles defined in DOC-0398.,2022-11-30
CIT-00848,DOC-0819,DOC-0353,References,DOC-0819 references architectural principles defined in DOC-0353.,2022-08-07
CIT-00849,DOC-0819,DOC-0140,References,DOC-0819 references architectural principles defined in DOC-0140.,2022-08-07
CIT-00850,DOC-0819,DOC-0415,References,DOC-0819 references architectural principles defined in DOC-0415.,2022-08-07
CIT-00851,DOC-0823,DOC-0724,References,DOC-0823 references architectural principles defined in DOC-0724.,2022-07-20
CIT-00852,DOC-0829,DOC-0708,References,DOC-0829 references architectural principles defined in DOC-0708.,2022-06-20
CIT-00853,DOC-0829,DOC-0132,References,DOC-0829 references architectural principles defined in DOC-0132.,2022-06-20
CIT-00854,DOC-0829,DOC-0591,References,DOC-0829 references architectural principles defined in DOC-0591.,2022-06-20
CIT-00855,DOC-0830,DOC-0991,References,DOC-0830 references architectural principles defined in DOC-0991.,2023-04-20
CIT-00856,DOC-0832,DOC-0237,References,DOC-0832 references architectural principles defined in DOC-0237.,2026-04-10
CIT-00857,DOC-0837,DOC-0284,References,DOC-0837 references architectural principles defined in DOC-0284.,2021-08-12
CIT-00858,DOC-0837,DOC-0983,References,DOC-0837 references architectural principles defined in DOC-0983.,2021-08-12
CIT-00859,DOC-0838,DOC-0668,References,DOC-0838 references architectural principles defined in DOC-0668.,2025-09-13
CIT-00860,DOC-0839,DOC-0850,References,DOC-0839 references architectural principles defined in DOC-0850.,2025-03-27
CIT-00861,DOC-0842,DOC-0148,References,DOC-0842 references architectural principles defined in DOC-0148.,2021-10-17
CIT-00862,DOC-0842,DOC-0151,References,DOC-0842 references architectural principles defined in DOC-0151.,2021-10-17
CIT-00863,DOC-0842,DOC-0742,References,DOC-0842 references architectural principles defined in DOC-0742.,2021-10-17
CIT-00864,DOC-0842,DOC-0664,References,DOC-0842 references architectural principles defined in DOC-0664.,2021-10-17
CIT-00865,DOC-0845,DOC-0388,References,DOC-0845 references architectural principles defined in DOC-0388.,2025-04-20
CIT-00866,DOC-0845,DOC-0676,References,DOC-0845 references architectural principles defined in DOC-0676.,2025-04-20
CIT-00867,DOC-0845,DOC-0532,References,DOC-0845 references architectural principles defined in DOC-0532.,2025-04-20
CIT-00868,DOC-0845,DOC-0697,References,DOC-0845 references architectural principles defined in DOC-0697.,2025-04-20
CIT-00869,DOC-0846,DOC-0879,References,DOC-0846 references architectural principles defined in DOC-0879.,2024-04-17
CIT-00870,DOC-0846,DOC-0651,References,DOC-0846 references architectural principles defined in DOC-0651.,2024-04-17
CIT-00871,DOC-0847,DOC-0362,References,DOC-0847 references architectural principles defined in DOC-0362.,2026-07-19
CIT-00872,DOC-0847,DOC-0193,References,DOC-0847 references architectural principles defined in DOC-0193.,2026-07-19
CIT-00873,DOC-0847,DOC-0891,References,DOC-0847 references architectural principles defined in DOC-0891.,2026-07-19
CIT-00874,DOC-0847,DOC-0682,References,DOC-0847 references architectural principles defined in DOC-0682.,2026-07-19
CIT-00875,DOC-0853,DOC-0475,References,DOC-0853 references architectural principles defined in DOC-0475.,2023-08-28
CIT-00876,DOC-0853,DOC-0163,References,DOC-0853 references architectural principles defined in DOC-0163.,2023-08-28
CIT-00877,DOC-0853,DOC-0063,References,DOC-0853 references architectural principles defined in DOC-0063.,2023-08-28
CIT-00878,DOC-0853,DOC-0801,References,DOC-0853 references architectural principles defined in DOC-0801.,2023-08-28
CIT-00879,DOC-0855,DOC-0537,References,DOC-0855 references architectural principles defined in DOC-0537.,2023-05-03
CIT-00880,DOC-0855,DOC-0297,References,DOC-0855 references architectural principles defined in DOC-0297.,2023-05-03
CIT-00881,DOC-0855,DOC-0209,References,DOC-0855 references architectural principles defined in DOC-0209.,2023-05-03
CIT-00882,DOC-0855,DOC-0424,References,DOC-0855 references architectural principles defined in DOC-0424.,2023-05-03
CIT-00883,DOC-0856,DOC-0145,References,DOC-0856 references architectural principles defined in DOC-0145.,2022-09-30
CIT-00884,DOC-0856,DOC-0291,References,DOC-0856 references architectural principles defined in DOC-0291.,2022-09-30
CIT-00885,DOC-0856,DOC-0287,References,DOC-0856 references architectural principles defined in DOC-0287.,2022-09-30
CIT-00886,DOC-0857,DOC-0485,References,DOC-0857 references architectural principles defined in DOC-0485.,2024-07-07
CIT-00887,DOC-0861,DOC-0461,References,DOC-0861 references architectural principles defined in DOC-0461.,2022-06-13
CIT-00888,DOC-0861,DOC-0206,References,DOC-0861 references architectural principles defined in DOC-0206.,2022-06-13
CIT-00889,DOC-0863,DOC-0987,References,DOC-0863 references architectural principles defined in DOC-0987.,2023-06-19
CIT-00890,DOC-0863,DOC-0400,References,DOC-0863 references architectural principles defined in DOC-0400.,2023-06-19
CIT-00891,DOC-0863,DOC-0277,References,DOC-0863 references architectural principles defined in DOC-0277.,2023-06-19
CIT-00892,DOC-0863,DOC-0165,References,DOC-0863 references architectural principles defined in DOC-0165.,2023-06-19
CIT-00893,DOC-0866,DOC-0661,References,DOC-0866 references architectural principles defined in DOC-0661.,2022-01-14
CIT-00894,DOC-0866,DOC-0498,References,DOC-0866 references architectural principles defined in DOC-0498.,2022-01-14
CIT-00895,DOC-0867,DOC-0113,References,DOC-0867 references architectural principles defined in DOC-0113.,2024-02-01
CIT-00896,DOC-0867,DOC-0275,References,DOC-0867 references architectural principles defined in DOC-0275.,2024-02-01
CIT-00897,DOC-0871,DOC-0765,References,DOC-0871 references architectural principles defined in DOC-0765.,2022-12-11
CIT-00898,DOC-0871,DOC-0414,References,DOC-0871 references architectural principles defined in DOC-0414.,2022-12-11
CIT-00899,DOC-0871,ADR-021,References,DOC-0871 references architectural principles defined in ADR-021.,2022-12-11
CIT-00900,DOC-0872,DOC-0248,References,DOC-0872 references architectural principles defined in DOC-0248.,2022-09-13
CIT-00901,DOC-0874,DOC-0776,References,DOC-0874 references architectural principles defined in DOC-0776.,2022-07-31
CIT-00902,DOC-0874,DOC-0981,References,DOC-0874 references architectural principles defined in DOC-0981.,2022-07-31
CIT-00903,DOC-0880,DOC-0542,References,DOC-0880 references architectural principles defined in DOC-0542.,2022-03-01
CIT-00904,DOC-0880,DOC-0004,References,DOC-0880 references architectural principles defined in DOC-0004.,2022-03-01
CIT-00905,DOC-0880,DOC-0153,References,DOC-0880 references architectural principles defined in DOC-0153.,2022-03-01
CIT-00906,DOC-0880,DOC-0982,References,DOC-0880 references architectural principles defined in DOC-0982.,2022-03-01
CIT-00907,DOC-0881,DOC-0582,References,DOC-0881 references architectural principles defined in DOC-0582.,2022-03-29
CIT-00908,DOC-0881,DOC-0350,References,DOC-0881 references architectural principles defined in DOC-0350.,2022-03-29
CIT-00909,DOC-0881,ADR-002,References,DOC-0881 references architectural principles defined in ADR-002.,2022-03-29
CIT-00910,DOC-0881,DOC-0493,References,DOC-0881 references architectural principles defined in DOC-0493.,2022-03-29
CIT-00911,DOC-0882,DOC-0751,References,DOC-0882 references architectural principles defined in DOC-0751.,2022-12-11
CIT-00912,DOC-0883,DOC-0258,References,DOC-0883 references architectural principles defined in DOC-0258.,2024-02-24
CIT-00913,DOC-0883,DOC-0713,References,DOC-0883 references architectural principles defined in DOC-0713.,2024-02-24
CIT-00914,DOC-0883,DOC-0824,References,DOC-0883 references architectural principles defined in DOC-0824.,2024-02-24
CIT-00915,DOC-0883,DOC-0279,References,DOC-0883 references architectural principles defined in DOC-0279.,2024-02-24
CIT-00916,DOC-0889,DOC-0484,References,DOC-0889 references architectural principles defined in DOC-0484.,2025-03-02
CIT-00917,DOC-0889,DOC-0640,References,DOC-0889 references architectural principles defined in DOC-0640.,2025-03-02
CIT-00918,DOC-0889,DOC-0201,References,DOC-0889 references architectural principles defined in DOC-0201.,2025-03-02
CIT-00919,DOC-0889,DOC-0912,References,DOC-0889 references architectural principles defined in DOC-0912.,2025-03-02
CIT-00920,DOC-0890,DOC-0879,References,DOC-0890 references architectural principles defined in DOC-0879.,2026-01-06
CIT-00921,DOC-0891,DOC-0778,References,DOC-0891 references architectural principles defined in DOC-0778.,2022-05-17
CIT-00922,DOC-0891,DOC-0247,References,DOC-0891 references architectural principles defined in DOC-0247.,2022-05-17
CIT-00923,DOC-0891,DOC-0546,References,DOC-0891 references architectural principles defined in DOC-0546.,2022-05-17
CIT-00924,DOC-0891,DOC-0342,References,DOC-0891 references architectural principles defined in DOC-0342.,2022-05-17
CIT-00925,DOC-0896,DOC-0237,References,DOC-0896 references architectural principles defined in DOC-0237.,2024-10-10
CIT-00926,DOC-0896,DOC-0421,References,DOC-0896 references architectural principles defined in DOC-0421.,2024-10-10
CIT-00927,DOC-0898,DOC-0548,References,DOC-0898 references architectural principles defined in DOC-0548.,2025-11-08
CIT-00928,DOC-0898,DOC-0757,References,DOC-0898 references architectural principles defined in DOC-0757.,2025-11-08
CIT-00929,DOC-0898,DOC-0075,References,DOC-0898 references architectural principles defined in DOC-0075.,2025-11-08
CIT-00930,DOC-0898,DOC-0106,References,DOC-0898 references architectural principles defined in DOC-0106.,2025-11-08
CIT-00931,DOC-0902,DOC-0224,References,DOC-0902 references architectural principles defined in DOC-0224.,2022-09-13
CIT-00932,DOC-0902,DOC-0380,References,DOC-0902 references architectural principles defined in DOC-0380.,2022-09-13
CIT-00933,DOC-0903,DOC-0012,References,DOC-0903 references architectural principles defined in DOC-0012.,2023-06-25
CIT-00934,DOC-0903,DOC-0941,References,DOC-0903 references architectural principles defined in DOC-0941.,2023-06-25
CIT-00935,DOC-0903,DOC-0602,References,DOC-0903 references architectural principles defined in DOC-0602.,2023-06-25
CIT-00936,DOC-0909,DOC-0627,References,DOC-0909 references architectural principles defined in DOC-0627.,2023-08-25
CIT-00937,DOC-0909,DOC-0122,References,DOC-0909 references architectural principles defined in DOC-0122.,2023-08-25
CIT-00938,DOC-0910,DOC-0811,References,DOC-0910 references architectural principles defined in DOC-0811.,04/24/2021
CIT-00939,DOC-0910,DOC-0613,References,DOC-0910 references architectural principles defined in DOC-0613.,04/24/2021
CIT-00940,DOC-0910,DOC-0550,References,DOC-0910 references architectural principles defined in DOC-0550.,04/24/2021
CIT-00941,DOC-0913,DOC-0706,References,DOC-0913 references architectural principles defined in DOC-0706.,2024-08-02
CIT-00942,DOC-0913,DOC-0284,References,DOC-0913 references architectural principles defined in DOC-0284.,2024-08-02
CIT-00943,DOC-0913,DOC-0555,References,DOC-0913 references architectural principles defined in DOC-0555.,2024-08-02
CIT-00944,DOC-0913,DOC-0172,References,DOC-0913 references architectural principles defined in DOC-0172.,2024-08-02
CIT-00945,DOC-0916,DOC-0837,References,DOC-0916 references architectural principles defined in DOC-0837.,05/26/2023
CIT-00946,DOC-0916,DOC-0222,References,DOC-0916 references architectural principles defined in DOC-0222.,05/26/2023
CIT-00947,DOC-0916,DOC-0815,References,DOC-0916 references architectural principles defined in DOC-0815.,05/26/2023
CIT-00948,DOC-0916,DOC-0422,References,DOC-0916 references architectural principles defined in DOC-0422.,05/26/2023
CIT-00949,DOC-0918,DOC-0948,References,DOC-0918 references architectural principles defined in DOC-0948.,2025-08-02
CIT-00950,DOC-0918,DOC-0590,References,DOC-0918 references architectural principles defined in DOC-0590.,2025-08-02
CIT-00951,DOC-0919,DOC-0714,References,DOC-0919 references architectural principles defined in DOC-0714.,2022-08-25
CIT-00952,DOC-0919,DOC-0358,References,DOC-0919 references architectural principles defined in DOC-0358.,2022-08-25
CIT-00953,DOC-0919,DOC-0958,References,DOC-0919 references architectural principles defined in DOC-0958.,2022-08-25
CIT-00954,DOC-0919,DOC-0366,References,DOC-0919 references architectural principles defined in DOC-0366.,2022-08-25
CIT-00955,DOC-0922,DOC-0643,References,DOC-0922 references architectural principles defined in DOC-0643.,2021-02-25
CIT-00956,DOC-0925,DOC-0240,References,DOC-0925 references architectural principles defined in DOC-0240.,2022-12-28
CIT-00957,DOC-0925,DOC-0756,References,DOC-0925 references architectural principles defined in DOC-0756.,2022-12-28
CIT-00958,DOC-0926,DOC-0201,References,DOC-0926 references architectural principles defined in DOC-0201.,2025-02-03
CIT-00959,DOC-0926,DOC-0848,References,DOC-0926 references architectural principles defined in DOC-0848.,2025-02-03
CIT-00960,DOC-0927,DOC-0303,References,DOC-0927 references architectural principles defined in DOC-0303.,2023-02-01
CIT-00961,DOC-0927,DOC-0472,References,DOC-0927 references architectural principles defined in DOC-0472.,2023-02-01
CIT-00962,DOC-0928,DOC-0232,References,DOC-0928 references architectural principles defined in DOC-0232.,02/22/2022
CIT-00963,DOC-0928,DOC-0634,References,DOC-0928 references architectural principles defined in DOC-0634.,02/22/2022
CIT-00964,DOC-0928,DOC-0138,References,DOC-0928 references architectural principles defined in DOC-0138.,02/22/2022
CIT-00965,DOC-0928,DOC-0033,References,DOC-0928 references architectural principles defined in DOC-0033.,02/22/2022
CIT-00966,DOC-0929,DOC-0376,References,DOC-0929 references architectural principles defined in DOC-0376.,2023-02-12
CIT-00967,DOC-0929,DOC-0643,References,DOC-0929 references architectural principles defined in DOC-0643.,2023-02-12
CIT-00968,DOC-0936,DOC-0008,References,DOC-0936 references architectural principles defined in DOC-0008.,2025-08-27
CIT-00969,DOC-0936,DOC-0176,References,DOC-0936 references architectural principles defined in DOC-0176.,2025-08-27
CIT-00970,DOC-0936,DOC-0384,References,DOC-0936 references architectural principles defined in DOC-0384.,2025-08-27
CIT-00971,DOC-0936,DOC-0036,References,DOC-0936 references architectural principles defined in DOC-0036.,2025-08-27
CIT-00972,DOC-0940,DOC-0217,References,DOC-0940 references architectural principles defined in DOC-0217.,2022-03-04
CIT-00973,DOC-0940,DOC-0075,References,DOC-0940 references architectural principles defined in DOC-0075.,2022-03-04
CIT-00974,DOC-0941,DOC-0446,References,DOC-0941 references architectural principles defined in DOC-0446.,2022-02-01
CIT-00975,DOC-0942,DOC-0273,References,DOC-0942 references architectural principles defined in DOC-0273.,2025-04-07
CIT-00976,DOC-0942,DOC-0731,References,DOC-0942 references architectural principles defined in DOC-0731.,2025-04-07
CIT-00977,DOC-0952,DOC-0977,References,DOC-0952 references architectural principles defined in DOC-0977.,12/20/2022
CIT-00978,DOC-0952,DOC-0460,References,DOC-0952 references architectural principles defined in DOC-0460.,12/20/2022
CIT-00979,DOC-0956,DOC-0621,References,DOC-0956 references architectural principles defined in DOC-0621.,2024-04-04
CIT-00980,DOC-0956,DOC-0220,References,DOC-0956 references architectural principles defined in DOC-0220.,2024-04-04
CIT-00981,DOC-0956,DOC-0949,References,DOC-0956 references architectural principles defined in DOC-0949.,2024-04-04
CIT-00982,DOC-0959,DOC-0303,References,DOC-0959 references architectural principles defined in DOC-0303.,2021-05-11
CIT-00983,DOC-0959,DOC-0385,References,DOC-0959 references architectural principles defined in DOC-0385.,2021-05-11
CIT-00984,DOC-0959,DOC-0792,References,DOC-0959 references architectural principles defined in DOC-0792.,2021-05-11
CIT-00985,DOC-0959,DOC-0549,References,DOC-0959 references architectural principles defined in DOC-0549.,2021-05-11
CIT-00986,DOC-0961,DOC-0816,References,DOC-0961 references architectural principles defined in DOC-0816.,2024-04-18
CIT-00987,DOC-0964,DOC-0574,References,DOC-0964 references architectural principles defined in DOC-0574.,2023-12-09
CIT-00988,DOC-0969,DOC-0552,References,DOC-0969 references architectural principles defined in DOC-0552.,2026-02-11
CIT-00989,DOC-0969,DOC-0897,References,DOC-0969 references architectural principles defined in DOC-0897.,2026-02-11
CIT-00990,DOC-0970,DOC-0247,References,DOC-0970 references architectural principles defined in DOC-0247.,2021-06-18
CIT-00991,DOC-0970,DOC-0930,References,DOC-0970 references architectural principles defined in DOC-0930.,2021-06-18
CIT-00992,DOC-0971,DOC-0248,References,DOC-0971 references architectural principles defined in DOC-0248.,2022-01-21
CIT-00993,DOC-0973,DOC-0266,References,DOC-0973 references architectural principles defined in DOC-0266.,05/30/2021
CIT-00994,DOC-0974,DOC-0848,References,DOC-0974 references architectural principles defined in DOC-0848.,2025-08-20
CIT-00995,DOC-0974,DOC-0183,References,DOC-0974 references architectural principles defined in DOC-0183.,2025-08-20
CIT-00996,DOC-0975,DOC-0871,References,DOC-0975 references architectural principles defined in DOC-0871.,2023-04-19
CIT-00997,DOC-0975,DOC-0859,References,DOC-0975 references architectural principles defined in DOC-0859.,2023-04-19
CIT-00998,DOC-0975,DOC-0211,References,DOC-0975 references architectural principles defined in DOC-0211.,2023-04-19
CIT-00999,DOC-0975,DOC-0144,References,DOC-0975 references architectural principles defined in DOC-0144.,2023-04-19
CIT-01000,DOC-0977,DOC-0531,References,DOC-0977 references architectural principles defined in DOC-0531.,2022-08-07
CIT-01001,DOC-0978,DOC-0074,References,DOC-0978 references architectural principles defined in DOC-0074.,2026-08-01
CIT-01002,DOC-0978,DOC-0433,References,DOC-0978 references architectural principles defined in DOC-0433.,2026-08-01
CIT-01003,DOC-0978,DOC-0739,References,DOC-0978 references architectural principles defined in DOC-0739.,2026-08-01
CIT-01004,DOC-0978,DOC-0650,References,DOC-0978 references architectural principles defined in DOC-0650.,2026-08-01
CIT-01005,DOC-0981,DOC-0698,References,DOC-0981 references architectural principles defined in DOC-0698.,2024-05-17
CIT-01006,DOC-0981,DOC-0283,References,DOC-0981 references architectural principles defined in DOC-0283.,2024-05-17
CIT-01007,DOC-0983,DOC-0784,References,DOC-0983 references architectural principles defined in DOC-0784.,2024-02-29
CIT-01008,DOC-0984,DOC-0794,References,DOC-0984 references architectural principles defined in DOC-0794.,2023-09-09
CIT-01009,DOC-0986,DOC-0086,References,DOC-0986 references architectural principles defined in DOC-0086.,2023-06-29
CIT-01010,DOC-0987,DOC-0085,References,DOC-0987 references architectural principles defined in DOC-0085.,2023-01-15
CIT-01011,DOC-0994,DOC-0737,References,DOC-0994 references architectural principles defined in DOC-0737.,2025-12-21
CIT-01012,DOC-0995,DOC-0321,References,DOC-0995 references architectural principles defined in DOC-0321.,2022-12-28
CIT-01013,DOC-0995,DOC-0389,References,DOC-0995 references architectural principles defined in DOC-0389.,2022-12-28
CIT-01014,DOC-0995,DOC-0689,References,DOC-0995 references architectural principles defined in DOC-0689.,2022-12-28
CIT-01015,DOC-0996,DOC-0771,References,DOC-0996 references architectural principles defined in DOC-0771.,2021-04-17
CIT-01016,DOC-0996,DOC-0300,References,DOC-0996 references architectural principles defined in DOC-0300.,2021-04-17
CIT-01017,DOC-0996,DOC-0268,References,DOC-0996 references architectural principles defined in DOC-0268.,2021-04-17
CIT-01018,DOC-0997,DOC-0615,References,DOC-0997 references architectural principles defined in DOC-0615.,2021-09-25
CIT-01019,DOC-0997,DOC-0685,References,DOC-0997 references architectural principles defined in DOC-0685.,2021-09-25
CIT-EXPLICIT-001,ADR-021,ADR-001,Supersedes,ADR-021 explicitly supersedes legacy database decision ADR-001.,2025-11-10
