document_id,title,document_type,topic,content,summary,department,project,system,technology,author_id,author_role,created_date,updated_date,status,approval_status,version,is_current,is_superseded,supersedes_document_id,authority_level,confidentiality_level,owner_team,source_type,url_or_reference,language
ADR-001,ADR-001: Database Choice and Selection for Project Alpha (Legacy MySQL),Architecture Decision Record,databases,Decision: Use MySQL 5.7 for Project Alpha core database data storage due to team familiarity. Status: Superseded by ADR-021.,Legacy decision selecting MySQL database for Project Alpha.,Engineering,Project Alpha,Payment Gateway,MySQL,emp_102,Senior Engineer,2021-03-15,2021-03-15,Superseded,Approved,1.0,False,True,,Senior Engineer,Internal,Engineering Core Team,Git Markdown,https://wiki.org/docs/ADR-001,en
ADR-002,ADR-002: User Authentication Protocol Standard for Project Beta,Architecture Decision Record,authentication,Decision: OAuth 2.0 with OpenID Connect (OIDC) via Okta is mandatory for all user authentication in Project Beta.,Mandatory OAuth2/OIDC authentication standard.,Security,Project Beta,Auth Service,OAuth2/OIDC,emp_003,Architecture Board,2025-09-01,2025-09-01,Active,Approved,1.0,True,False,,Architecture Board,Internal,Security Core Team,Confluence,https://wiki.org/docs/ADR-002,en
DOC-0003,SEC-101: Restricted Infrastructure Encryption Keys Policy,Policy,security,Restricted security specification detailing AES-256 KMS key rotation protocols for confidential customer data.,Restricted encryption policy for sensitive infrastructure.,Security,Project Restricted,Auth Service,KMS AES-256,emp_004,Security Engineer,2025-05-10,2025-05-10,Active,Approved,1.0,True,False,,Senior Architect,Restricted,Security Core Team,Git Markdown,https://wiki.org/docs/DOC-0003,en
DOC-0004,Technical Design Document: Deployment Guidelines for Project Alpha,Technical Design Document,deployment,Technical assessment and standard guidelines regarding deployment implementation for Project Alpha system Metrics Engine.,Comprehensive architecture guidelines covering deployment within Project Alpha.,Data Engineering,Project Alpha,Metrics Engine,Deployment,emp_130,Architecture Board,2022-03-24,2023-07-13,Active,Approved,3.2,True,False,,Architecture Board,Confidential,Data Engineering Core Team,Confluence,https://wiki.org/docs/DOC-0004,en
DOC-0005,Meeting Decision: Databases Guidelines for Enterprise Gateway,Meeting Decision,databases,"Title: Meeting Decision for Enterprise Gateway
Department: Product

MySQL version 5.7 is recommended for legacy data handling in Enterprise Gateway. Note: This is being evaluated for migration.",Comprehensive architecture guidelines covering databases within Enterprise Gateway.,Product,Enterprise Gateway,Data Pipeline,MySQL,emp_448,Engineer,2021-11-15,2023-01-29,Superseded,Approved,1.1,False,True,,Engineer,Restricted,Product Core Team,Git Markdown,https://wiki.org/docs/DOC-0005,en
DOC-0006,Meeting Decision: Caching Guidelines for Project Omega,Meeting Decision,caching,Technical assessment and standard guidelines regarding caching implementation for Project Omega system Metrics Engine.,Comprehensive architecture guidelines covering caching within Project Omega.,Engineering,Project Omega,Metrics Engine,Caching,emp_665,Chief Architect,2025-08-26,2026-07-13,Draft,Draft,3.0,True,False,,Chief Architect,Public,Engineering Core Team,Confluence,https://wiki.org/docs/DOC-0006,en
DOC-0007,Policy: Authentication Guidelines for Enterprise Gateway,Policy,authentication,"Title: Policy for Enterprise Gateway
Department: Platform

JWT tokens signed with RS256 algorithm are required for microservice-to-microservice auth in Enterprise Gateway.",Comprehensive architecture guidelines covering authentication within Enterprise Gateway.,Platform,Enterprise Gateway,Payment Gateway,JWT RS256,emp_384,Engineer,2024-07-25,2025-08-02,Draft,Draft,3.1,True,False,,Engineer,Public,Platform Core Team,Git Markdown,https://wiki.org/docs/DOC-0007,en
DOC-0008,Deprecated Document: Containers Guidelines for Project Beta,Deprecated Document,containers,Technical assessment and standard guidelines regarding containers implementation for Project Beta system Metrics Engine.,Comprehensive architecture guidelines covering containers within Project Beta.,Security,Project Beta,Metrics Engine,Containers,emp_755,Principal Engineer,2022-03-26,2026-01-26,Draft,Draft,1.0,True,False,,Principal Engineer,Public,Security Core Team,Confluence,https://wiki.org/docs/DOC-0008,en
DOC-0009,Policy: Authentication Guidelines for Project Beta,Policy,authentication,"Title: Policy for Project Beta
Department: Data Engineering

JWT tokens signed with RS256 algorithm are required for microservice-to-microservice auth in Project Beta.",Comprehensive architecture guidelines covering authentication within Project Beta.,Data Engineering,Project Beta,Event Bus,JWT RS256,emp_771,Architecture Team,2023-03-22,2025-10-16,Draft,Draft,3.2,True,False,,Architecture Team,Restricted,Data Engineering Core Team,Git Markdown,https://wiki.org/docs/DOC-0009,en
DOC-0010,Policy: Infrastructure Guidelines for Project Delta,Policy,infrastructure,Technical assessment and standard guidelines regarding infrastructure implementation for Project Delta system User Portal.,Comprehensive architecture guidelines covering infrastructure within Project Delta.,Architecture,Project Delta,User Portal,Infrastructure,emp_621,Senior Architect,2021-07-06,2025-09-30,Active,Approved,1.2,True,False,,Senior Architect,Internal,Architecture Core Team,Confluence,https://wiki.org/docs/DOC-0010,en
DOC-0011,Deprecated Document: Authentication Guidelines for Project Delta,Deprecated Document,authentication,"Title: Deprecated Document for Project Delta
Department: Security

OAuth 2.0 with OpenID Connect (OIDC) via Okta is mandatory for all user authentication in Project Delta.",Comprehensive architecture guidelines covering authentication within Project Delta.,Security,Project Delta,Inventory System,OAuth2/OIDC,emp_357,Unverified,2025-10-29,2025-11-03,Draft,Draft,2.0,True,False,,Unverified,Restricted,Security Core Team,Git Markdown,https://wiki.org/docs/DOC-0011,en
DOC-0012,Meeting Decision: Kubernetes Guidelines for Project Omega,Meeting Decision,Kubernetes,Technical assessment and standard guidelines regarding Kubernetes implementation for Project Omega system Data Pipeline.,Comprehensive architecture guidelines covering Kubernetes within Project Omega.,Product,Project Omega,Data Pipeline,Kubernetes,emp_208,Unverified,2025-09-20,2026-06-06,Draft,Under Review,1.2,True,False,,Unverified,Public,Product Core Team,Confluence,https://wiki.org/docs/DOC-0012,en
DOC-0013,Project Documentation: Authorization Guidelines for Project Gamma,Project Documentation,authorization,Technical assessment and standard guidelines regarding authorization implementation for Project Gamma system Search Engine.,Comprehensive architecture guidelines covering authorization within Project Gamma.,Product,Project Gamma,Search Engine,Authorization,emp_159,Architecture Team,2025-12-04,2026-04-28,Superseded,Approved,2.0,False,True,,Architecture Team,Internal,Product Core Team,Git Markdown,https://wiki.org/docs/DOC-0013,en
DOC-0014,Project Documentation: Deployment Guidelines for Project Beta,Project Documentation,deployment,Technical assessment and standard guidelines regarding deployment implementation for Project Beta system Metrics Engine.,Comprehensive architecture guidelines covering deployment within Project Beta.,Architecture,Project Beta,Metrics Engine,Deployment,emp_652,Architecture Team,2024-12-31,2025-11-15,Draft,Rejected,3.1,True,False,,Architecture Team,Confidential,Architecture Core Team,Confluence,https://wiki.org/docs/DOC-0014,en
DOC-0015,Deprecated Document: Containers Guidelines for Project Beta,Deprecated Document,containers,Technical assessment and standard guidelines regarding containers implementation for Project Beta system Event Bus.,Comprehensive architecture guidelines covering containers within Project Beta.,Engineering,Project Beta,Event Bus,Containers,emp_702,Architecture Board,2022-04-17,2025-08-04,Superseded,Under Review,3.2,False,True,,Architecture Board,Public,Engineering Core Team,Git Markdown,https://wiki.org/docs/DOC-0015,en
DOC-0016,Policy: Monitoring Guidelines for Project Alpha,Policy,monitoring,Technical assessment and standard guidelines regarding monitoring implementation for Project Alpha system User Portal.,Comprehensive architecture guidelines covering monitoring within Project Alpha.,Data Engineering,Project Alpha,User Portal,Monitoring,emp_785,Principal Engineer,2022-03-15,2025-03-23,Draft,Under Review,3.2,True,False,,Principal Engineer,Confidential,Data Engineering Core Team,Confluence,https://wiki.org/docs/DOC-0016,en
DOC-0017,Standard: Data Storage Guidelines for Project Beta,Standard,data storage,Technical assessment and standard guidelines regarding data storage implementation for Project Beta system Payment Gateway.,Comprehensive architecture guidelines covering data storage within Project Beta.,Engineering,Project Beta,Payment Gateway,Data Storage,emp_462,Engineer,2023-04-22,2025-12-03,Active,Approved,3.0,True,False,,Engineer,Public,Engineering Core Team,Git Markdown,https://wiki.org/docs/DOC-0017,en
DOC-0018,Engineering Note: Authorization Guidelines for Project Beta,Engineering Note,authorization,Technical assessment and standard guidelines regarding authorization implementation for Project Beta system User Portal.,Comprehensive architecture guidelines covering authorization within Project Beta.,Platform,Project Beta,User Portal,Authorization,emp_559,Unverified,2023-05-15,2024-05-24,Draft,Draft,1.1,True,False,,Unverified,Public,Platform Core Team,Confluence,https://wiki.org/docs/DOC-0018,en
DOC-0019,Policy: Databases Guidelines for Project Alpha,Policy,databases,"Title: Policy for Project Alpha
Department: Product

CockroachDB is selected for multi-region distributed SQL storage for Project Alpha.",Comprehensive architecture guidelines covering databases within Project Alpha.,Product,Project Alpha,User Portal,CockroachDB,emp_516,Senior Architect,2023-09-13,2024-11-23,Active,Approved,1.1,True,False,,Senior Architect,Restricted,Product Core Team,Git Markdown,https://wiki.org/docs/DOC-0019,en
DOC-0020,Meeting Decision: Logging Guidelines for Project Delta,Meeting Decision,logging,Technical assessment and standard guidelines regarding logging implementation for Project Delta system Inventory System.,Comprehensive architecture guidelines covering logging within Project Delta.,DevOps,Project Delta,Inventory System,Logging,emp_294,Senior Architect,2022-03-22,2022-07-19,Active,Approved,1.0,True,False,,Senior Architect,Confidential,DevOps Core Team,Confluence,https://wiki.org/docs/DOC-0020,en
ADR-021,ADR-021: Database Choice and Standardization for Project Alpha,Architecture Decision Record,databases,"Decision: PostgreSQL 15 is the approved database choice and ACID compliant enterprise relational storage platform for Project Alpha. This document supersedes ADR-001 (MySQL). PostgreSQL provides ACID compliance, geospatial extensions, and JSONB document support required for future scaling.",Approved Architecture Decision Record selecting PostgreSQL 15 as the approved database choice and ACID compliant enterprise relational storage platform for Project Alpha.,Architecture,Project Alpha,Payment Gateway,PostgreSQL,emp_001,Chief Architect,2025-11-10,2026-01-20,Active,Approved,3.0,True,False,ADR-001,Chief Architect,Internal,Architecture Core Team,Git Markdown,https://wiki.org/docs/ADR-021,en
DOC-0022,Project Documentation: Authentication Guidelines for Enterprise Gateway,Project Documentation,authentication,"Title: Project Documentation for Enterprise Gateway
Department: Platform

JWT tokens signed with RS256 algorithm are required for microservice-to-microservice auth in Enterprise Gateway.",Comprehensive architecture guidelines covering authentication within Enterprise Gateway.,Platform,Enterprise Gateway,Payment Gateway,JWT RS256,emp_791,Chief Architect,2023-04-07,2023-12-08,Active,Approved,2.2,True,False,,Chief Architect,Restricted,Platform Core Team,Confluence,https://wiki.org/docs/DOC-0022,en
DOC-0023,Meeting Decision: Monitoring Guidelines for Project Beta,Meeting Decision,monitoring,Technical assessment and standard guidelines regarding monitoring implementation for Project Beta system Metrics Engine.,Comprehensive architecture guidelines covering monitoring within Project Beta.,Architecture,Project Beta,Metrics Engine,Monitoring,emp_787,Senior Architect,2023-07-26,2025-05-03,Superseded,Approved,3.2,False,True,,Senior Architect,Public,Architecture Core Team,Git Markdown,https://wiki.org/docs/DOC-0023,en
DOC-0024,Meeting Decision: Kubernetes Guidelines for Project Beta,Meeting Decision,Kubernetes,Technical assessment and standard guidelines regarding Kubernetes implementation for Project Beta system Payment Gateway.,Comprehensive architecture guidelines covering Kubernetes within Project Beta.,Architecture,Project Beta,Payment Gateway,Kubernetes,emp_478,Architecture Team,2021-11-20,2024-05-05,Draft,Draft,3.2,True,False,,Architecture Team,Public,Architecture Core Team,Confluence,https://wiki.org/docs/DOC-0024,en
DOC-0025,Deprecated Document: Backend Architecture Guidelines for Project Alpha,Deprecated Document,backend architecture,Technical assessment and standard guidelines regarding backend architecture implementation for Project Alpha system Search Engine.,Comprehensive architecture guidelines covering backend architecture within Project Alpha.,Platform,Project Alpha,Search Engine,Backend Architecture,emp_209,Chief Architect,2021-11-15,2023-05-26,Draft,Draft,3.1,True,False,,Chief Architect,Internal,Platform Core Team,Git Markdown,https://wiki.org/docs/DOC-0025,en
DOC-0026,Standard: Ci/Cd Guidelines for Project Delta,Standard,CI/CD,Technical assessment and standard guidelines regarding CI/CD implementation for Project Delta system Auth Service.,Comprehensive architecture guidelines covering CI/CD within Project Delta.,Architecture,Project Delta,Auth Service,Ci/Cd,emp_749,Chief Architect,2025-08-26,2026-01-14,Superseded,Approved,1.2,False,True,,Chief Architect,Restricted,Architecture Core Team,Confluence,https://wiki.org/docs/DOC-0026,en
DOC-0027,Engineering Note: Data Storage Guidelines for Project Omega,Engineering Note,data storage,Technical assessment and standard guidelines regarding data storage implementation for Project Omega system Payment Gateway.,Comprehensive architecture guidelines covering data storage within Project Omega.,Engineering,Project Omega,Payment Gateway,Data Storage,emp_807,Chief Architect,2024-01-23,2024-02-28,Draft,Draft,1.1,True,False,,Chief Architect,Internal,Engineering Core Team,Git Markdown,https://wiki.org/docs/DOC-0027,en
DOC-0028,Deprecated Document: Apis Guidelines for Project Gamma,Deprecated Document,APIs,Technical assessment and standard guidelines regarding APIs implementation for Project Gamma system User Portal.,Comprehensive architecture guidelines covering APIs within Project Gamma.,Platform,Project Gamma,User Portal,Apis,emp_462,Chief Architect,2025-12-16,2026-07-27,Draft,Rejected,3.0,True,False,,Chief Architect,Internal,Platform Core Team,Confluence,https://wiki.org/docs/DOC-0028,en
DOC-0029,Standard: Messaging Guidelines for Project Delta,Standard,messaging,Technical assessment and standard guidelines regarding messaging implementation for Project Delta system Data Pipeline.,Comprehensive architecture guidelines covering messaging within Project Delta.,Engineering,Project Delta,Data Pipeline,Messaging,emp_901,Senior Engineer,2025-07-01,2026-06-08,Draft,Under Review,3.0,True,False,,Senior Engineer,Confidential,Engineering Core Team,Git Markdown,https://wiki.org/docs/DOC-0029,en
DOC-0030,Project Documentation: Containers Guidelines for Project Beta,Project Documentation,containers,Technical assessment and standard guidelines regarding containers implementation for Project Beta system Inventory System.,Comprehensive architecture guidelines covering containers within Project Beta.,Product,Project Beta,Inventory System,Containers,emp_412,Senior Engineer,2022-04-02,2022-05-20,Draft,Under Review,2.0,True,False,,Senior Engineer,Restricted,Product Core Team,Confluence,https://wiki.org/docs/DOC-0030,en
DOC-0031,Meeting Decision: Backend Architecture Guidelines for Enterprise Gateway,Meeting Decision,backend architecture,Technical assessment and standard guidelines regarding backend architecture implementation for Enterprise Gateway system Event Bus.,Comprehensive architecture guidelines covering backend architecture within Enterprise Gateway.,Data Engineering,Enterprise Gateway,Event Bus,Backend Architecture,emp_218,Architecture Board,2022-01-01,2025-04-04,Superseded,Draft,3.1,False,True,,Architecture Board,Restricted,Data Engineering Core Team,Git Markdown,https://wiki.org/docs/DOC-0031,en
DOC-0032,Architecture Decision Record: Event Streaming Guidelines for Project Omega,Architecture Decision Record,event streaming,Technical assessment and standard guidelines regarding event streaming implementation for Project Omega system Metrics Engine.,Comprehensive architecture guidelines covering event streaming within Project Omega.,Engineering,Project Omega,Metrics Engine,Event Streaming,emp_360,Architecture Team,2024-12-22,2026-03-13,Active,Approved,3.2,True,False,,Architecture Team,Internal,Engineering Core Team,Confluence,https://wiki.org/docs/DOC-0032,en
DOC-0033,Meeting Decision: Backend Architecture Guidelines for Project Gamma,Meeting Decision,backend architecture,Technical assessment and standard guidelines regarding backend architecture implementation for Project Gamma system Event Bus.,Comprehensive architecture guidelines covering backend architecture within Project Gamma.,Data Engineering,Project Gamma,Event Bus,Backend Architecture,emp_837,Chief Architect,2023-11-05,2024-09-16,Draft,Rejected,3.1,True,False,,Chief Architect,Internal,Data Engineering Core Team,Git Markdown,https://wiki.org/docs/DOC-0033,en
DOC-0034,Deprecated Document: Security Guidelines for Core Infrastructure,Deprecated Document,security,Technical assessment and standard guidelines regarding security implementation for Core Infrastructure system Data Pipeline.,Comprehensive architecture guidelines covering security within Core Infrastructure.,DevOps,Core Infrastructure,Data Pipeline,Security,emp_515,Principal Engineer,2025-09-04,2025-09-04,Draft,Draft,2.2,True,False,,Principal Engineer,Restricted,DevOps Core Team,Confluence,https://wiki.org/docs/DOC-0034,en
DOC-0035,Deprecated Document: Microservices Guidelines for Project Omega,Deprecated Document,microservices,Technical assessment and standard guidelines regarding microservices implementation for Project Omega system Data Pipeline.,Comprehensive architecture guidelines covering microservices within Project Omega.,Security,Project Omega,Data Pipeline,Microservices,emp_390,Chief Architect,2024-09-21,2026-07-01,Superseded,Draft,1.2,False,True,,Chief Architect,Restricted,Security Core Team,Git Markdown,https://wiki.org/docs/DOC-0035,en
DOC-0036,Standard: Databases Guidelines for Project Alpha,Standard,databases,"Title: Standard for Project Alpha
Department: Platform

DynamoDB is chosen as the managed key-value store for high throughput in Project Alpha.",Comprehensive architecture guidelines covering databases within Project Alpha.,Platform,Project Alpha,Inventory System,DynamoDB,emp_566,Chief Architect,2025-12-20,2026-05-30,Draft,Under Review,2.1,True,False,,Chief Architect,Confidential,Platform Core Team,Confluence,https://wiki.org/docs/DOC-0036,en
DOC-0037,Engineering Note: Databases Guidelines for Enterprise Gateway,Engineering Note,databases,"Title: Engineering Note for Enterprise Gateway
Department: Product

DynamoDB is chosen as the managed key-value store for high throughput in Enterprise Gateway.",Comprehensive architecture guidelines covering databases within Enterprise Gateway.,Product,Enterprise Gateway,Payment Gateway,DynamoDB,emp_324,Engineer,2025-07-05,2026-06-26,Superseded,Rejected,1.0,False,True,,Engineer,Confidential,Product Core Team,Git Markdown,https://wiki.org/docs/DOC-0037,en
DOC-0038,Deprecated Document: Ci/Cd Guidelines for Project Omega,Deprecated Document,CI/CD,Technical assessment and standard guidelines regarding CI/CD implementation for Project Omega system Event Bus.,Comprehensive architecture guidelines covering CI/CD within Project Omega.,Data Engineering,Project Omega,Event Bus,Ci/Cd,emp_727,Project Notes,2023-05-24,2026-06-19,Draft,Rejected,3.1,True,False,,Project Notes,Confidential,Data Engineering Core Team,Confluence,https://wiki.org/docs/DOC-0038,en
DOC-0039,Policy: Frontend Architecture Guidelines for Project Gamma,Policy,frontend architecture,Technical assessment and standard guidelines regarding frontend architecture implementation for Project Gamma system Inventory System.,Comprehensive architecture guidelines covering frontend architecture within Project Gamma.,Product,Project Gamma,Inventory System,Frontend Architecture,emp_381,Architecture Team,2021-06-08,2025-06-08,Draft,Draft,2.1,True,False,,Architecture Team,Public,Product Core Team,Git Markdown,https://wiki.org/docs/DOC-0039,en
DOC-0040,Security Recommendation: Cloud Providers Guidelines for Core Infrastructure,Security Recommendation,cloud providers,Technical assessment and standard guidelines regarding cloud providers implementation for Core Infrastructure system Payment Gateway.,Comprehensive architecture guidelines covering cloud providers within Core Infrastructure.,Platform,Core Infrastructure,Payment Gateway,Cloud Providers,emp_517,Engineer,2024-01-17,2025-05-08,Superseded,Rejected,2.1,False,True,,Engineer,Public,Platform Core Team,Confluence,https://wiki.org/docs/DOC-0040,en
DOC-0041,Standard: Security Guidelines for Project Delta,Standard,security,Technical assessment and standard guidelines regarding security implementation for Project Delta system Event Bus.,Comprehensive architecture guidelines covering security within Project Delta.,Engineering,Project Delta,Event Bus,Security,emp_871,Principal Engineer,2025-10-14,2026-05-16,Draft,Under Review,2.1,True,False,,Principal Engineer,Confidential,Engineering Core Team,Git Markdown,https://wiki.org/docs/DOC-0041,en
DOC-0042,Draft Document: Backend Architecture Guidelines for Enterprise Gateway,Draft Document,backend architecture,Technical assessment and standard guidelines regarding backend architecture implementation for Enterprise Gateway system Data Pipeline.,Comprehensive architecture guidelines covering backend architecture within Enterprise Gateway.,Security,Enterprise Gateway,Data Pipeline,Backend Architecture,emp_230,Project Notes,2023-12-30,2024-01-26,Draft,Rejected,3.0,True,False,,Project Notes,Public,Security Core Team,Confluence,https://wiki.org/docs/DOC-0042,en
DOC-0043,Project Documentation: Caching Guidelines for Project Beta,Project Documentation,caching,Technical assessment and standard guidelines regarding caching implementation for Project Beta system Search Engine.,Comprehensive architecture guidelines covering caching within Project Beta.,Engineering,Project Beta,Search Engine,Caching,emp_435,Engineer,2023-07-21,2025-05-20,Draft,Draft,2.1,True,False,,Engineer,Confidential,Engineering Core Team,Git Markdown,https://wiki.org/docs/DOC-0043,en
DOC-0044,Technical Design Document: Databases Guidelines for Core Infrastructure,Technical Design Document,databases,"Title: Technical Design Document for Core Infrastructure
Department: Data Engineering

PostgreSQL 15 is approved as the standard relational database storage platform for Core Infrastructure. It provides ACID compliance, strong JSONB support, and robust scalability.",Comprehensive architecture guidelines covering databases within Core Infrastructure.,Data Engineering,Core Infrastructure,Auth Service,PostgreSQL,emp_329,Senior Engineer,2025-05-19,2026-04-17,Active,Approved,1.0,True,False,,Senior Engineer,Internal,Data Engineering Core Team,Confluence,https://wiki.org/docs/DOC-0044,en
DOC-0045,Security Recommendation: Authorization Guidelines for Project Omega,Security Recommendation,authorization,Technical assessment and standard guidelines regarding authorization implementation for Project Omega system Inventory System.,Comprehensive architecture guidelines covering authorization within Project Omega.,Platform,Project Omega,Inventory System,Authorization,emp_885,Principal Engineer,2021-12-10,2025-05-03,Active,Approved,1.1,True,False,,Principal Engineer,Public,Platform Core Team,Git Markdown,https://wiki.org/docs/DOC-0045,en
DOC-0046,Draft Document: Infrastructure Guidelines for Core Infrastructure,Draft Document,infrastructure,Technical assessment and standard guidelines regarding infrastructure implementation for Core Infrastructure system Metrics Engine.,Comprehensive architecture guidelines covering infrastructure within Core Infrastructure.,Security,Core Infrastructure,Metrics Engine,Infrastructure,emp_177,Architecture Team,2024-11-15,2025-07-21,Active,Approved,2.2,True,False,,Architecture Team,Public,Security Core Team,Confluence,https://wiki.org/docs/DOC-0046,en
DOC-0047,Deprecated Document: Apis Guidelines for Project Gamma,Deprecated Document,APIs,Technical assessment and standard guidelines regarding APIs implementation for Project Gamma system Metrics Engine.,Comprehensive architecture guidelines covering APIs within Project Gamma.,Data Engineering,Project Gamma,Metrics Engine,Apis,emp_170,Senior Engineer,2024-08-19,2025-08-03,Active,Approved,2.0,True,False,,Senior Engineer,Confidential,Data Engineering Core Team,Git Markdown,https://wiki.org/docs/DOC-0047,en
DOC-0048,Deprecated Document: Caching Guidelines for Core Infrastructure,Deprecated Document,caching,Technical assessment and standard guidelines regarding caching implementation for Core Infrastructure system Metrics Engine.,Comprehensive architecture guidelines covering caching within Core Infrastructure.,Platform,Core Infrastructure,Metrics Engine,Caching,emp_851,Senior Architect,2026-06-01,2026-07-12,Draft,Draft,3.1,True,False,,Senior Architect,Confidential,Platform Core Team,Confluence,https://wiki.org/docs/DOC-0048,en
DOC-0049,Policy: Kubernetes Guidelines for Project Gamma,Policy,Kubernetes,Technical assessment and standard guidelines regarding Kubernetes implementation for Project Gamma system User Portal.,Comprehensive architecture guidelines covering Kubernetes within Project Gamma.,Product,Project Gamma,User Portal,Kubernetes,emp_385,Chief Architect,2022-05-15,2026-07-29,Draft,Rejected,3.1,True,False,,Chief Architect,Restricted,Product Core Team,Git Markdown,https://wiki.org/docs/DOC-0049,en
DOC-0050,Meeting Decision: Messaging Guidelines for Project Delta,Meeting Decision,messaging,Technical assessment and standard guidelines regarding messaging implementation for Project Delta system Event Bus.,Comprehensive architecture guidelines covering messaging within Project Delta.,Platform,Project Delta,Event Bus,Messaging,emp_448,Principal Engineer,2025-12-08,2026-05-09,Draft,Draft,3.0,True,False,,Principal Engineer,Public,Platform Core Team,Confluence,https://wiki.org/docs/DOC-0050,en
DOC-0051,Architecture Decision Record: Deployment Guidelines for Enterprise Gateway,Architecture Decision Record,deployment,Technical assessment and standard guidelines regarding deployment implementation for Enterprise Gateway system Inventory System.,Comprehensive architecture guidelines covering deployment within Enterprise Gateway.,Platform,Enterprise Gateway,Inventory System,Deployment,emp_558,Project Notes,2021-07-10,2023-03-04,Draft,Under Review,1.1,True,False,,Project Notes,Restricted,Platform Core Team,Git Markdown,https://wiki.org/docs/DOC-0051,en
DOC-0052,Policy: Data Storage Guidelines for Core Infrastructure,Policy,data storage,Technical assessment and standard guidelines regarding data storage implementation for Core Infrastructure system Event Bus.,Comprehensive architecture guidelines covering data storage within Core Infrastructure.,Data Engineering,Core Infrastructure,Event Bus,Data Storage,emp_819,Senior Engineer,2022-07-09,2024-03-27,Draft,Draft,3.0,True,False,,Senior Engineer,Restricted,Data Engineering Core Team,Confluence,https://wiki.org/docs/DOC-0052,en
DOC-0053,Draft Document: Messaging Guidelines for Project Beta,Draft Document,messaging,Technical assessment and standard guidelines regarding messaging implementation for Project Beta system Inventory System.,Comprehensive architecture guidelines covering messaging within Project Beta.,Platform,Project Beta,Inventory System,Messaging,emp_841,Principal Engineer,2026-06-24,2026-07-27,Draft,Draft,1.1,True,False,,Principal Engineer,Internal,Platform Core Team,Git Markdown,https://wiki.org/docs/DOC-0053,en
DOC-0054,Meeting Decision: Deployment Guidelines for Project Beta,Meeting Decision,deployment,Technical assessment and standard guidelines regarding deployment implementation for Project Beta system Auth Service.,Comprehensive architecture guidelines covering deployment within Project Beta.,Architecture,Project Beta,Auth Service,Deployment,emp_666,Architecture Board,2024-11-29,2025-04-07,Superseded,Rejected,1.2,False,True,,Architecture Board,Restricted,Architecture Core Team,Confluence,https://wiki.org/docs/DOC-0054,en
DOC-0055,Technical Design Document: Messaging Guidelines for Project Alpha,Technical Design Document,messaging,Technical assessment and standard guidelines regarding messaging implementation for Project Alpha system Inventory System.,Comprehensive architecture guidelines covering messaging within Project Alpha.,Architecture,Project Alpha,Inventory System,Messaging,emp_941,Chief Architect,2023-04-01,2026-01-02,Active,Approved,3.0,True,False,,Chief Architect,Internal,Architecture Core Team,Git Markdown,https://wiki.org/docs/DOC-0055,en
DOC-0056,Standard: Logging Guidelines for Project Alpha,Standard,logging,Technical assessment and standard guidelines regarding logging implementation for Project Alpha system Payment Gateway.,Comprehensive architecture guidelines covering logging within Project Alpha.,Platform,Project Alpha,Payment Gateway,Logging,emp_882,Unverified,2024-05-26,2026-01-26,Draft,Under Review,2.1,True,False,,Unverified,Confidential,Platform Core Team,Confluence,https://wiki.org/docs/DOC-0056,en
DOC-0057,Project Documentation: Data Storage Guidelines for Project Gamma,Project Documentation,data storage,Technical assessment and standard guidelines regarding data storage implementation for Project Gamma system Auth Service.,Comprehensive architecture guidelines covering data storage within Project Gamma.,Data Engineering,Project Gamma,Auth Service,Data Storage,emp_881,Chief Architect,2024-07-05,2025-02-06,Draft,Draft,1.0,True,False,,Chief Architect,Internal,Data Engineering Core Team,Git Markdown,https://wiki.org/docs/DOC-0057,en
DOC-0058,Project Documentation: Data Storage Guidelines for Project Delta,Project Documentation,data storage,Technical assessment and standard guidelines regarding data storage implementation for Project Delta system Inventory System.,Comprehensive architecture guidelines covering data storage within Project Delta.,DevOps,Project Delta,Inventory System,Data Storage,emp_133,Principal Engineer,2022-08-14,2026-07-31,Draft,Draft,2.0,True,False,,Principal Engineer,Internal,DevOps Core Team,Confluence,https://wiki.org/docs/DOC-0058,en
DOC-0059,Deprecated Document: Frontend Architecture Guidelines for Project Omega,Deprecated Document,frontend architecture,Technical assessment and standard guidelines regarding frontend architecture implementation for Project Omega system User Portal.,Comprehensive architecture guidelines covering frontend architecture within Project Omega.,DevOps,Project Omega,User Portal,Frontend Architecture,emp_217,Engineer,2022-04-06,2025-11-22,Draft,Under Review,1.0,True,False,,Engineer,Public,DevOps Core Team,Git Markdown,https://wiki.org/docs/DOC-0059,en
DOC-0060,Meeting Decision: Infrastructure Guidelines for Project Gamma,Meeting Decision,infrastructure,Technical assessment and standard guidelines regarding infrastructure implementation for Project Gamma system Payment Gateway.,Comprehensive architecture guidelines covering infrastructure within Project Gamma.,Security,Project Gamma,Payment Gateway,Infrastructure,emp_805,Project Notes,2024-12-04,2026-01-20,Draft,Draft,2.1,True,False,,Project Notes,Public,Security Core Team,Confluence,https://wiki.org/docs/DOC-0060,en
DOC-0061,Draft Document: Monitoring Guidelines for Project Omega,Draft Document,monitoring,Technical assessment and standard guidelines regarding monitoring implementation for Project Omega system Auth Service.,Comprehensive architecture guidelines covering monitoring within Project Omega.,Architecture,Project Omega,Auth Service,Monitoring,emp_334,Chief Architect,2024-04-17,2024-05-08,Draft,Draft,1.1,True,False,,Chief Architect,Confidential,Architecture Core Team,Git Markdown,https://wiki.org/docs/DOC-0061,en
DOC-0062,Security Recommendation: Infrastructure Guidelines for Project Delta,Security Recommendation,infrastructure,Technical assessment and standard guidelines regarding infrastructure implementation for Project Delta system Inventory System.,Comprehensive architecture guidelines covering infrastructure within Project Delta.,DevOps,Project Delta,Inventory System,Infrastructure,emp_581,Chief Architect,2023-04-17,2025-02-27,Draft,Draft,1.1,True,False,,Chief Architect,Confidential,DevOps Core Team,Confluence,https://wiki.org/docs/DOC-0062,en
DOC-0063,Security Recommendation: Security Guidelines for Enterprise Gateway,Security Recommendation,security,Technical assessment and standard guidelines regarding security implementation for Enterprise Gateway system Auth Service.,Comprehensive architecture guidelines covering security within Enterprise Gateway.,Product,Enterprise Gateway,Auth Service,Security,emp_190,Project Notes,2022-06-01,2024-03-24,Active,Approved,2.2,True,False,,Project Notes,Public,Product Core Team,Git Markdown,https://wiki.org/docs/DOC-0063,en
DOC-0064,Policy: Data Storage Guidelines for Project Alpha,Policy,data storage,Technical assessment and standard guidelines regarding data storage implementation for Project Alpha system Event Bus.,Comprehensive architecture guidelines covering data storage within Project Alpha.,Platform,Project Alpha,Event Bus,Data Storage,emp_740,Project Notes,2025-04-06,2025-05-02,Draft,Under Review,1.1,True,False,,Project Notes,Confidential,Platform Core Team,Confluence,https://wiki.org/docs/DOC-0064,en
DOC-0065,Deprecated Document: Databases Guidelines for Core Infrastructure,Deprecated Document,databases,"Title: Deprecated Document for Core Infrastructure
Department: Data Engineering

CockroachDB is selected for multi-region distributed SQL storage for Core Infrastructure.",Comprehensive architecture guidelines covering databases within Core Infrastructure.,Data Engineering,Core Infrastructure,User Portal,CockroachDB,emp_418,Senior Architect,2021-01-29,2024-03-05,Active,Approved,1.1,True,False,,Senior Architect,Public,Data Engineering Core Team,Git Markdown,https://wiki.org/docs/DOC-0065,en
DOC-0066,Policy: Logging Guidelines for Project Omega,Policy,logging,Technical assessment and standard guidelines regarding logging implementation for Project Omega system Search Engine.,Comprehensive architecture guidelines covering logging within Project Omega.,DevOps,Project Omega,Search Engine,Logging,emp_954,Engineer,2026-07-01,2026-07-31,Draft,Under Review,1.1,True,False,,Engineer,Internal,DevOps Core Team,Confluence,https://wiki.org/docs/DOC-0066,en
DOC-0067,Deprecated Document: Cloud Providers Guidelines for Enterprise Gateway,Deprecated Document,cloud providers,Technical assessment and standard guidelines regarding cloud providers implementation for Enterprise Gateway system Search Engine.,Comprehensive architecture guidelines covering cloud providers within Enterprise Gateway.,Engineering,Enterprise Gateway,Search Engine,Cloud Providers,emp_448,Engineer,2022-07-02,2022-07-07,Draft,Draft,3.2,True,False,,Engineer,Confidential,Engineering Core Team,Git Markdown,https://wiki.org/docs/DOC-0067,en
DOC-0068,Project Documentation: Networking Guidelines for Project Gamma,Project Documentation,networking,Technical assessment and standard guidelines regarding networking implementation for Project Gamma system Metrics Engine.,Comprehensive architecture guidelines covering networking within Project Gamma.,Architecture,Project Gamma,Metrics Engine,Networking,emp_429,Project Notes,2026-07-02,2026-07-24,Draft,Under Review,1.1,True,False,,Project Notes,Public,Architecture Core Team,Confluence,https://wiki.org/docs/DOC-0068,en
DOC-0069,Engineering Note: Security Guidelines for Project Delta,Engineering Note,security,Technical assessment and standard guidelines regarding security implementation for Project Delta system Data Pipeline.,Comprehensive architecture guidelines covering security within Project Delta.,DevOps,Project Delta,Data Pipeline,Security,emp_137,Project Notes,2023-10-26,2026-07-10,Draft,Draft,2.0,True,False,,Project Notes,Confidential,DevOps Core Team,Git Markdown,https://wiki.org/docs/DOC-0069,en
DOC-0070,Draft Document: Frontend Architecture Guidelines for Project Beta,Draft Document,frontend architecture,Technical assessment and standard guidelines regarding frontend architecture implementation for Project Beta system Inventory System.,Comprehensive architecture guidelines covering frontend architecture within Project Beta.,Engineering,Project Beta,Inventory System,Frontend Architecture,emp_446,Principal Engineer,2024-11-19,2025-12-31,Active,Approved,3.2,True,False,,Principal Engineer,Confidential,Engineering Core Team,Confluence,https://wiki.org/docs/DOC-0070,en
DOC-0071,Meeting Decision: Networking Guidelines for Enterprise Gateway,Meeting Decision,networking,Technical assessment and standard guidelines regarding networking implementation for Enterprise Gateway system Auth Service.,Comprehensive architecture guidelines covering networking within Enterprise Gateway.,Data Engineering,Enterprise Gateway,Auth Service,Networking,emp_340,Chief Architect,2022-04-11,2026-06-18,Active,Approved,1.2,True,False,,Chief Architect,Public,Data Engineering Core Team,Git Markdown,https://wiki.org/docs/DOC-0071,en
DOC-0072,Security Recommendation: Databases Guidelines for Project Alpha,Security Recommendation,databases,"Title: Security Recommendation for Project Alpha
Department: Architecture

MongoDB 6.0 is selected for non-relational document storage in Project Alpha due to flexible schema requirements.",Comprehensive architecture guidelines covering databases within Project Alpha.,Architecture,Project Alpha,Auth Service,MongoDB,emp_467,Principal Engineer,2023-06-02,2024-03-26,Draft,Rejected,1.0,True,False,,Principal Engineer,Internal,Architecture Core Team,Confluence,https://wiki.org/docs/DOC-0072,en
DOC-0073,Policy: Event Streaming Guidelines for Core Infrastructure,Policy,event streaming,Technical assessment and standard guidelines regarding event streaming implementation for Core Infrastructure system Inventory System.,Comprehensive architecture guidelines covering event streaming within Core Infrastructure.,Platform,Core Infrastructure,Inventory System,Event Streaming,emp_337,Senior Architect,2024-07-30,2025-04-16,Draft,Rejected,1.1,True,False,,Senior Architect,Restricted,Platform Core Team,Git Markdown,https://wiki.org/docs/DOC-0073,en
DOC-0074,Meeting Decision: Caching Guidelines for Project Gamma,Meeting Decision,caching,Technical assessment and standard guidelines regarding caching implementation for Project Gamma system Search Engine.,Comprehensive architecture guidelines covering caching within Project Gamma.,Data Engineering,Project Gamma,Search Engine,Caching,emp_806,Engineer,2023-07-25,2025-04-03,Draft,Under Review,2.0,True,False,,Engineer,Internal,Data Engineering Core Team,Confluence,https://wiki.org/docs/DOC-0074,en
DOC-0075,Architecture Decision Record: Logging Guidelines for Core Infrastructure,Architecture Decision Record,logging,Technical assessment and standard guidelines regarding logging implementation for Core Infrastructure system Auth Service.,Comprehensive architecture guidelines covering logging within Core Infrastructure.,Architecture,Core Infrastructure,Auth Service,Logging,emp_381,Engineer,2024-03-05,2026-02-05,Active,Approved,3.1,True,False,,Engineer,Restricted,Architecture Core Team,Git Markdown,https://wiki.org/docs/DOC-0075,en
DOC-0076,Engineering Note: Observability Guidelines for Project Beta,Engineering Note,observability,Technical assessment and standard guidelines regarding observability implementation for Project Beta system User Portal.,Comprehensive architecture guidelines covering observability within Project Beta.,DevOps,Project Beta,User Portal,Observability,emp_794,Principal Engineer,2024-07-10,2024-10-17,Active,Approved,2.0,True,False,,Principal Engineer,Restricted,DevOps Core Team,Confluence,https://wiki.org/docs/DOC-0076,en
DOC-0077,Engineering Note: Logging Guidelines for Project Gamma,Engineering Note,logging,Technical assessment and standard guidelines regarding logging implementation for Project Gamma system Metrics Engine.,Comprehensive architecture guidelines covering logging within Project Gamma.,DevOps,Project Gamma,Metrics Engine,Logging,emp_305,Senior Architect,2025-05-30,2026-03-02,Draft,Draft,2.0,True,False,,Senior Architect,Restricted,DevOps Core Team,Git Markdown,https://wiki.org/docs/DOC-0077,en
DOC-0078,Technical Design Document: Logging Guidelines for Core Infrastructure,Technical Design Document,logging,Technical assessment and standard guidelines regarding logging implementation for Core Infrastructure system Event Bus.,Comprehensive architecture guidelines covering logging within Core Infrastructure.,Product,Core Infrastructure,Event Bus,Logging,emp_579,Chief Architect,2021-10-16,2026-01-07,Draft,Under Review,3.2,True,False,,Chief Architect,Confidential,Product Core Team,Confluence,https://wiki.org/docs/DOC-0078,en
DOC-0079,Deprecated Document: Observability Guidelines for Project Alpha,Deprecated Document,observability,Technical assessment and standard guidelines regarding observability implementation for Project Alpha system Metrics Engine.,Comprehensive architecture guidelines covering observability within Project Alpha.,Product,Project Alpha,Metrics Engine,Observability,emp_370,Architecture Board,2021-09-11,2024-03-30,Draft,Draft,3.1,True,False,,Architecture Board,Confidential,Product Core Team,Git Markdown,https://wiki.org/docs/DOC-0079,en
DOC-0080,Deprecated Document: Authorization Guidelines for Core Infrastructure,Deprecated Document,authorization,Technical assessment and standard guidelines regarding authorization implementation for Core Infrastructure system Inventory System.,Comprehensive architecture guidelines covering authorization within Core Infrastructure.,Platform,Core Infrastructure,Inventory System,Authorization,emp_734,Architecture Board,2022-11-03,2026-04-05,Draft,Under Review,3.1,True,False,,Architecture Board,Restricted,Platform Core Team,Confluence,https://wiki.org/docs/DOC-0080,en
DOC-0081,Project Documentation: Apis Guidelines for Project Alpha,Project Documentation,APIs,Technical assessment and standard guidelines regarding APIs implementation for Project Alpha system Inventory System.,Comprehensive architecture guidelines covering APIs within Project Alpha.,Architecture,Project Alpha,Inventory System,Apis,emp_199,Chief Architect,2025-12-23,2026-05-09,Draft,Under Review,2.2,True,False,,Chief Architect,Confidential,Architecture Core Team,Git Markdown,https://wiki.org/docs/DOC-0081,en
DOC-0082,Architecture Decision Record: Data Storage Guidelines for Core Infrastructure,Architecture Decision Record,data storage,Technical assessment and standard guidelines regarding data storage implementation for Core Infrastructure system Inventory System.,Comprehensive architecture guidelines covering data storage within Core Infrastructure.,Engineering,Core Infrastructure,Inventory System,Data Storage,emp_386,Engineer,2024-11-14,2025-11-28,Draft,Under Review,1.1,True,False,,Engineer,Public,Engineering Core Team,Confluence,https://wiki.org/docs/DOC-0082,en
DOC-0083,Technical Design Document: Frontend Architecture Guidelines for Project Gamma,Technical Design Document,frontend architecture,Technical assessment and standard guidelines regarding frontend architecture implementation for Project Gamma system Metrics Engine.,Comprehensive architecture guidelines covering frontend architecture within Project Gamma.,Engineering,Project Gamma,Metrics Engine,Frontend Architecture,emp_294,Principal Engineer,2026-04-28,2026-06-25,Active,Approved,3.2,True,False,,Principal Engineer,Public,Engineering Core Team,Git Markdown,https://wiki.org/docs/DOC-0083,en
DOC-0084,Deprecated Document: Cloud Providers Guidelines for Enterprise Gateway,Deprecated Document,cloud providers,Technical assessment and standard guidelines regarding cloud providers implementation for Enterprise Gateway system User Portal.,Comprehensive architecture guidelines covering cloud providers within Enterprise Gateway.,Data Engineering,Enterprise Gateway,User Portal,Cloud Providers,emp_949,Chief Architect,2022-03-01,2025-06-13,Draft,Under Review,1.1,True,False,,Chief Architect,Internal,Data Engineering Core Team,Confluence,https://wiki.org/docs/DOC-0084,en
DOC-0085,Engineering Note: Kubernetes Guidelines for Enterprise Gateway,Engineering Note,Kubernetes,Technical assessment and standard guidelines regarding Kubernetes implementation for Enterprise Gateway system Data Pipeline.,Comprehensive architecture guidelines covering Kubernetes within Enterprise Gateway.,Platform,Enterprise Gateway,Data Pipeline,Kubernetes,emp_356,Unverified,2021-08-14,2025-04-28,Active,Approved,2.0,True,False,,Unverified,Restricted,Platform Core Team,Git Markdown,https://wiki.org/docs/DOC-0085,en
DOC-0086,Policy: Cloud Providers Guidelines for Core Infrastructure,Policy,cloud providers,Technical assessment and standard guidelines regarding cloud providers implementation for Core Infrastructure system Payment Gateway.,Comprehensive architecture guidelines covering cloud providers within Core Infrastructure.,Security,Core Infrastructure,Payment Gateway,Cloud Providers,emp_587,Chief Architect,2025-05-13,2025-11-14,Active,Approved,1.2,True,False,,Chief Architect,Public,Security Core Team,Confluence,https://wiki.org/docs/DOC-0086,en
DOC-0087,Policy: Backend Architecture Guidelines for Project Omega,Policy,backend architecture,Technical assessment and standard guidelines regarding backend architecture implementation for Project Omega system Inventory System.,Comprehensive architecture guidelines covering backend architecture within Project Omega.,Architecture,Project Omega,Inventory System,Backend Architecture,emp_162,Architecture Board,2025-10-02,2026-04-25,Draft,Rejected,2.2,True,False,,Architecture Board,Confidential,Architecture Core Team,Git Markdown,https://wiki.org/docs/DOC-0087,en
DOC-0088,Draft Document: Event Streaming Guidelines for Project Beta,Draft Document,event streaming,Technical assessment and standard guidelines regarding event streaming implementation for Project Beta system Data Pipeline.,Comprehensive architecture guidelines covering event streaming within Project Beta.,Engineering,Project Beta,Data Pipeline,Event Streaming,emp_739,Principal Engineer,2024-01-29,2026-01-27,Draft,Draft,3.2,True,False,,Principal Engineer,Restricted,Engineering Core Team,Confluence,https://wiki.org/docs/DOC-0088,en
DOC-0089,Project Documentation: Authorization Guidelines for Enterprise Gateway,Project Documentation,authorization,Technical assessment and standard guidelines regarding authorization implementation for Enterprise Gateway system Payment Gateway.,Comprehensive architecture guidelines covering authorization within Enterprise Gateway.,DevOps,Enterprise Gateway,Payment Gateway,Authorization,emp_838,Unverified,2023-05-31,2025-12-10,Draft,Under Review,2.1,True,False,,Unverified,Confidential,DevOps Core Team,Git Markdown,https://wiki.org/docs/DOC-0089,en
DOC-0090,Policy: Monitoring Guidelines for Core Infrastructure,Policy,monitoring,Technical assessment and standard guidelines regarding monitoring implementation for Core Infrastructure system Event Bus.,Comprehensive architecture guidelines covering monitoring within Core Infrastructure.,Architecture,Core Infrastructure,Event Bus,Monitoring,emp_803,Senior Architect,2021-05-18,2021-11-20,Superseded,Approved,1.2,False,True,,Senior Architect,Restricted,Architecture Core Team,Confluence,https://wiki.org/docs/DOC-0090,en
DOC-0091,Security Recommendation: Infrastructure Guidelines for Project Omega,Security Recommendation,infrastructure,Technical assessment and standard guidelines regarding infrastructure implementation for Project Omega system Event Bus.,Comprehensive architecture guidelines covering infrastructure within Project Omega.,Data Engineering,Project Omega,Event Bus,Infrastructure,emp_520,Chief Architect,2025-11-25,2026-05-14,Draft,Rejected,3.0,True,False,,Chief Architect,Restricted,Data Engineering Core Team,Git Markdown,https://wiki.org/docs/DOC-0091,en
DOC-0092,Technical Design Document: Infrastructure Guidelines for Project Omega,Technical Design Document,infrastructure,Technical assessment and standard guidelines regarding infrastructure implementation for Project Omega system Data Pipeline.,Comprehensive architecture guidelines covering infrastructure within Project Omega.,Platform,Project Omega,Data Pipeline,Infrastructure,emp_329,Project Notes,2022-12-19,2026-01-31,Superseded,Draft,2.2,False,True,,Project Notes,Internal,Platform Core Team,Confluence,https://wiki.org/docs/DOC-0092,en
DOC-0093,Engineering Note: Event Streaming Guidelines for Project Omega,Engineering Note,event streaming,Technical assessment and standard guidelines regarding event streaming implementation for Project Omega system Auth Service.,Comprehensive architecture guidelines covering event streaming within Project Omega.,DevOps,Project Omega,Auth Service,Event Streaming,emp_129,Principal Engineer,2022-07-14,2026-06-22,Draft,Draft,2.0,True,False,,Principal Engineer,Internal,DevOps Core Team,Git Markdown,https://wiki.org/docs/DOC-0093,en
DOC-0094,Deprecated Document: Security Guidelines for Project Alpha,Deprecated Document,security,Technical assessment and standard guidelines regarding security implementation for Project Alpha system Auth Service.,Comprehensive architecture guidelines covering security within Project Alpha.,Platform,Project Alpha,Auth Service,Security,emp_864,Chief Architect,2022-03-17,2024-04-25,Draft,Rejected,1.1,True,False,,Chief Architect,Restricted,Platform Core Team,Confluence,https://wiki.org/docs/DOC-0094,en
DOC-0095,Draft Document: Infrastructure Guidelines for Project Omega,Draft Document,infrastructure,Technical assessment and standard guidelines regarding infrastructure implementation for Project Omega system Auth Service.,Comprehensive architecture guidelines covering infrastructure within Project Omega.,Engineering,Project Omega,Auth Service,Infrastructure,emp_261,Senior Architect,2021-04-12,2025-01-21,Active,Approved,3.1,True,False,,Senior Architect,Confidential,Engineering Core Team,Git Markdown,https://wiki.org/docs/DOC-0095,en
DOC-0096,Technical Design Document: Microservices Guidelines for Enterprise Gateway,Technical Design Document,microservices,Technical assessment and standard guidelines regarding microservices implementation for Enterprise Gateway system Payment Gateway.,Comprehensive architecture guidelines covering microservices within Enterprise Gateway.,Data Engineering,Enterprise Gateway,Payment Gateway,Microservices,emp_540,Senior Engineer,2022-08-04,2026-05-23,Draft,Rejected,2.0,True,False,,Senior Engineer,Internal,Data Engineering Core Team,Confluence,https://wiki.org/docs/DOC-0096,en
DOC-0097,Meeting Decision: Databases Guidelines for Project Beta,Meeting Decision,databases,"Title: Meeting Decision for Project Beta
Department: Architecture

PostgreSQL 15 is approved as the standard relational database storage platform for Project Beta. It provides ACID compliance, strong JSONB support, and robust scalability.",Comprehensive architecture guidelines covering databases within Project Beta.,Architecture,Project Beta,User Portal,PostgreSQL,emp_882,Senior Architect,2022-08-16,2024-06-17,Active,Approved,2.0,True,False,,Senior Architect,Internal,Architecture Core Team,Git Markdown,https://wiki.org/docs/DOC-0097,en
DOC-0098,Architecture Decision Record: Ci/Cd Guidelines for Project Omega,Architecture Decision Record,CI/CD,Technical assessment and standard guidelines regarding CI/CD implementation for Project Omega system Event Bus.,Comprehensive architecture guidelines covering CI/CD within Project Omega.,Product,Project Omega,Event Bus,Ci/Cd,emp_506,Chief Architect,2023-06-13,2023-07-21,Draft,Rejected,2.2,True,False,,Chief Architect,Confidential,Product Core Team,Confluence,https://wiki.org/docs/DOC-0098,en
DOC-0099,Engineering Note: Data Storage Guidelines for Project Gamma,Engineering Note,data storage,Technical assessment and standard guidelines regarding data storage implementation for Project Gamma system Metrics Engine.,Comprehensive architecture guidelines covering data storage within Project Gamma.,Engineering,Project Gamma,Metrics Engine,Data Storage,emp_432,Architecture Board,2025-06-30,2026-05-12,Draft,Rejected,2.0,True,False,,Architecture Board,Confidential,Engineering Core Team,Git Markdown,https://wiki.org/docs/DOC-0099,en
DOC-0100,Meeting Decision: Infrastructure Guidelines for Project Delta,Meeting Decision,infrastructure,Technical assessment and standard guidelines regarding infrastructure implementation for Project Delta system Payment Gateway.,Comprehensive architecture guidelines covering infrastructure within Project Delta.,Data Engineering,Project Delta,Payment Gateway,Infrastructure,emp_991,Engineer,2025-03-08,2026-02-18,Draft,Under Review,1.0,True,False,,Engineer,Public,Data Engineering Core Team,Confluence,https://wiki.org/docs/DOC-0100,en
DOC-0101,Engineering Note: Observability Guidelines for Project Gamma,Engineering Note,observability,Technical assessment and standard guidelines regarding observability implementation for Project Gamma system Data Pipeline.,Comprehensive architecture guidelines covering observability within Project Gamma.,DevOps,Project Gamma,Data Pipeline,Observability,emp_205,Architecture Team,2022-06-09,2023-07-18,Draft,Under Review,3.0,True,False,,Architecture Team,Internal,DevOps Core Team,Git Markdown,https://wiki.org/docs/DOC-0101,en
DOC-0102,Security Recommendation: Caching Guidelines for Enterprise Gateway,Security Recommendation,caching,Technical assessment and standard guidelines regarding caching implementation for Enterprise Gateway system Inventory System.,Comprehensive architecture guidelines covering caching within Enterprise Gateway.,Data Engineering,Enterprise Gateway,Inventory System,Caching,emp_984,Senior Engineer,2021-11-06,2024-04-24,Active,Approved,3.1,True,False,,Senior Engineer,Restricted,Data Engineering Core Team,Confluence,https://wiki.org/docs/DOC-0102,en
DOC-0103,Security Recommendation: Authentication Guidelines for Project Gamma,Security Recommendation,authentication,"Title: Security Recommendation for Project Gamma
Department: Security

OAuth 2.0 with OpenID Connect (OIDC) via Okta is mandatory for all user authentication in Project Gamma.",Comprehensive architecture guidelines covering authentication within Project Gamma.,Security,Project Gamma,Inventory System,OAuth2/OIDC,emp_158,Architecture Board,2025-08-31,2026-01-24,Active,Approved,3.1,True,False,,Architecture Board,Confidential,Security Core Team,Git Markdown,https://wiki.org/docs/DOC-0103,en
DOC-0104,Policy: Apis Guidelines for Project Delta,Policy,APIs,Technical assessment and standard guidelines regarding APIs implementation for Project Delta system User Portal.,Comprehensive architecture guidelines covering APIs within Project Delta.,Product,Project Delta,User Portal,Apis,emp_719,Senior Engineer,2023-10-24,2024-03-26,Active,Approved,2.2,True,False,,Senior Engineer,Public,Product Core Team,Confluence,https://wiki.org/docs/DOC-0104,en
DOC-0105,Draft Document: Containers Guidelines for Core Infrastructure,Draft Document,containers,Technical assessment and standard guidelines regarding containers implementation for Core Infrastructure system Inventory System.,Comprehensive architecture guidelines covering containers within Core Infrastructure.,Security,Core Infrastructure,Inventory System,Containers,emp_635,Unverified,2021-11-22,2023-12-07,Draft,Draft,2.1,True,False,,Unverified,Restricted,Security Core Team,Git Markdown,https://wiki.org/docs/DOC-0105,en
DOC-0106,Deprecated Document: Frontend Architecture Guidelines for Core Infrastructure,Deprecated Document,frontend architecture,Technical assessment and standard guidelines regarding frontend architecture implementation for Core Infrastructure system Payment Gateway.,Comprehensive architecture guidelines covering frontend architecture within Core Infrastructure.,Architecture,Core Infrastructure,Payment Gateway,Frontend Architecture,emp_196,Senior Engineer,2024-10-21,2025-11-20,Draft,Draft,3.2,True,False,,Senior Engineer,Internal,Architecture Core Team,Confluence,https://wiki.org/docs/DOC-0106,en
DOC-0107,Technical Design Document: Cloud Providers Guidelines for Project Gamma,Technical Design Document,cloud providers,Technical assessment and standard guidelines regarding cloud providers implementation for Project Gamma system Metrics Engine.,Comprehensive architecture guidelines covering cloud providers within Project Gamma.,Architecture,Project Gamma,Metrics Engine,Cloud Providers,emp_709,Senior Architect,2022-09-27,2025-11-14,Draft,Rejected,2.0,True,False,,Senior Architect,Public,Architecture Core Team,Git Markdown,https://wiki.org/docs/DOC-0107,en
DOC-0108,Security Recommendation: Observability Guidelines for Project Alpha,Security Recommendation,observability,Technical assessment and standard guidelines regarding observability implementation for Project Alpha system Search Engine.,Comprehensive architecture guidelines covering observability within Project Alpha.,Architecture,Project Alpha,Search Engine,Observability,emp_319,Senior Architect,2026-04-25,2026-08-01,Draft,Rejected,1.0,True,False,,Senior Architect,Public,Architecture Core Team,Confluence,https://wiki.org/docs/DOC-0108,en
DOC-0109,Draft Document: Ci/Cd Guidelines for Enterprise Gateway,Draft Document,CI/CD,Technical assessment and standard guidelines regarding CI/CD implementation for Enterprise Gateway system Auth Service.,Comprehensive architecture guidelines covering CI/CD within Enterprise Gateway.,Data Engineering,Enterprise Gateway,Auth Service,Ci/Cd,emp_997,Senior Engineer,2021-09-26,2025-01-31,Draft,Rejected,1.2,True,False,,Senior Engineer,Internal,Data Engineering Core Team,Git Markdown,https://wiki.org/docs/DOC-0109,en
DOC-0110,Meeting Decision: Observability Guidelines for Core Infrastructure,Meeting Decision,observability,Technical assessment and standard guidelines regarding observability implementation for Core Infrastructure system User Portal.,Comprehensive architecture guidelines covering observability within Core Infrastructure.,DevOps,Core Infrastructure,User Portal,Observability,emp_725,Project Notes,2025-03-21,2026-04-08,Draft,Rejected,1.1,True,False,,Project Notes,Confidential,DevOps Core Team,Confluence,https://wiki.org/docs/DOC-0110,en
DOC-0111,Standard: Backend Architecture Guidelines for Project Omega,Standard,backend architecture,Technical assessment and standard guidelines regarding backend architecture implementation for Project Omega system Inventory System.,Comprehensive architecture guidelines covering backend architecture within Project Omega.,Security,Project Omega,Inventory System,Backend Architecture,emp_896,Principal Engineer,2023-10-27,2025-04-19,Draft,Rejected,1.2,True,False,,Principal Engineer,Internal,Security Core Team,Git Markdown,https://wiki.org/docs/DOC-0111,en
DOC-0112,Technical Design Document: Networking Guidelines for Enterprise Gateway,Technical Design Document,networking,Technical assessment and standard guidelines regarding networking implementation for Enterprise Gateway system Payment Gateway.,Comprehensive architecture guidelines covering networking within Enterprise Gateway.,Architecture,Enterprise Gateway,Payment Gateway,Networking,emp_971,Unverified,2022-08-07,2023-01-25,Draft,Under Review,3.0,True,False,,Unverified,Confidential,Architecture Core Team,Confluence,https://wiki.org/docs/DOC-0112,en
DOC-0113,Deprecated Document: Caching Guidelines for Project Gamma,Deprecated Document,caching,Technical assessment and standard guidelines regarding caching implementation for Project Gamma system Metrics Engine.,Comprehensive architecture guidelines covering caching within Project Gamma.,Engineering,Project Gamma,Metrics Engine,Caching,emp_505,Architecture Board,2023-02-05,2024-06-01,Draft,Rejected,2.0,True,False,,Architecture Board,Public,Engineering Core Team,Git Markdown,https://wiki.org/docs/DOC-0113,en
DOC-0114,Meeting Decision: Frontend Architecture Guidelines for Project Gamma,Meeting Decision,frontend architecture,Technical assessment and standard guidelines regarding frontend architecture implementation for Project Gamma system Data Pipeline.,No summary provided.,Product,Project Gamma,Data Pipeline,Frontend Architecture,emp_139,Senior Architect,2026-02-22,2026-06-22,Draft,Under Review,2.1,True,False,,Senior Architect,Public,Product Core Team,Confluence,https://wiki.org/docs/DOC-0114,en
DOC-0115,Meeting Decision: Microservices Guidelines for Enterprise Gateway,Meeting Decision,microservices,Technical assessment and standard guidelines regarding microservices implementation for Enterprise Gateway system Metrics Engine.,Comprehensive architecture guidelines covering microservices within Enterprise Gateway.,Platform,Enterprise Gateway,Metrics Engine,Microservices,emp_894,Chief Architect,2022-05-02,2024-01-08,Superseded,Approved,2.2,False,True,,Chief Architect,Confidential,Platform Core Team,Git Markdown,https://wiki.org/docs/DOC-0115,en
DOC-0116,Project Documentation: Networking Guidelines for Project Omega,Project Documentation,networking,Technical assessment and standard guidelines regarding networking implementation for Project Omega system Auth Service.,Comprehensive architecture guidelines covering networking within Project Omega.,Data Engineering,Project Omega,Auth Service,Networking,emp_688,Unverified,2025-01-11,2025-06-07,Draft,Draft,3.1,True,False,,Unverified,Internal,Data Engineering Core Team,Confluence,https://wiki.org/docs/DOC-0116,en
DOC-0117,Deprecated Document: Backend Architecture Guidelines for Project Alpha,Deprecated Document,backend architecture,Technical assessment and standard guidelines regarding backend architecture implementation for Project Alpha system Event Bus.,Comprehensive architecture guidelines covering backend architecture within Project Alpha.,Data Engineering,Project Alpha,Event Bus,Backend Architecture,emp_638,Chief Architect,2023-11-06,2026-01-19,Active,Approved,2.0,True,False,,Chief Architect,Confidential,Data Engineering Core Team,Git Markdown,https://wiki.org/docs/DOC-0117,en
DOC-0118,Technical Design Document: Databases Guidelines for Project Gamma,Technical Design Document,databases,"Title: Technical Design Document for Project Gamma
Department: Product

MySQL version 5.7 is recommended for legacy data handling in Project Gamma. Note: This is being evaluated for migration.",Comprehensive architecture guidelines covering databases within Project Gamma.,Product,Project Gamma,Payment Gateway,MySQL,emp_346,Senior Engineer,2025-04-30,2026-02-21,Superseded,Under Review,3.1,False,True,,Senior Engineer,Internal,Product Core Team,Confluence,https://wiki.org/docs/DOC-0118,en
DOC-0119,Policy: Networking Guidelines for Core Infrastructure,Policy,networking,Technical assessment and standard guidelines regarding networking implementation for Core Infrastructure system Data Pipeline.,Comprehensive architecture guidelines covering networking within Core Infrastructure.,Platform,Core Infrastructure,Data Pipeline,Networking,emp_833,Chief Architect,2021-03-17,2022-11-07,Superseded,Under Review,1.0,False,True,,Chief Architect,Restricted,Platform Core Team,Git Markdown,https://wiki.org/docs/DOC-0119,en
DOC-0120,Security Recommendation: Deployment Guidelines for Project Delta,Security Recommendation,deployment,Technical assessment and standard guidelines regarding deployment implementation for Project Delta system Auth Service.,Comprehensive architecture guidelines covering deployment within Project Delta.,Architecture,Project Delta,Auth Service,Deployment,emp_392,Architecture Team,2025-11-01,2025-11-25,Draft,Draft,2.1,True,False,,Architecture Team,Confidential,Architecture Core Team,Confluence,https://wiki.org/docs/DOC-0120,en
DOC-0121,Deprecated Document: Security Guidelines for Project Gamma,Deprecated Document,security,Technical assessment and standard guidelines regarding security implementation for Project Gamma system Inventory System.,Comprehensive architecture guidelines covering security within Project Gamma.,Platform,Project Gamma,Inventory System,Security,emp_476,Project Notes,2022-07-01,2022-12-17,Superseded,Rejected,3.0,False,True,,Project Notes,Restricted,Platform Core Team,Git Markdown,https://wiki.org/docs/DOC-0121,en
DOC-0122,Policy: Backend Architecture Guidelines for Project Gamma,Policy,backend architecture,Technical assessment and standard guidelines regarding backend architecture implementation for Project Gamma system Inventory System.,Comprehensive architecture guidelines covering backend architecture within Project Gamma.,Architecture,Project Gamma,Inventory System,Backend Architecture,emp_270,Engineer,2022-12-21,2025-06-23,Active,Approved,2.2,True,False,,Engineer,Confidential,Architecture Core Team,Confluence,https://wiki.org/docs/DOC-0122,en
DOC-0123,Engineering Note: Apis Guidelines for Project Alpha,Engineering Note,APIs,Technical assessment and standard guidelines regarding APIs implementation for Project Alpha system Metrics Engine.,Comprehensive architecture guidelines covering APIs within Project Alpha.,DevOps,Project Alpha,Metrics Engine,Apis,emp_625,Senior Engineer,2026-05-06,2026-05-09,Draft,Under Review,3.1,True,False,,Senior Engineer,Public,DevOps Core Team,Git Markdown,https://wiki.org/docs/DOC-0123,en
DOC-0124,Engineering Note: Frontend Architecture Guidelines for Project Gamma,Engineering Note,frontend architecture,Technical assessment and standard guidelines regarding frontend architecture implementation for Project Gamma system Metrics Engine.,Comprehensive architecture guidelines covering frontend architecture within Project Gamma.,Architecture,Project Gamma,Metrics Engine,Frontend Architecture,emp_719,Architecture Board,2024-10-22,2026-01-25,Draft,Draft,1.2,True,False,,Architecture Board,Internal,Architecture Core Team,Confluence,https://wiki.org/docs/DOC-0124,en
DOC-0125,Engineering Note: Frontend Architecture Guidelines for Project Gamma,Engineering Note,frontend architecture,Technical assessment and standard guidelines regarding frontend architecture implementation for Project Gamma system Payment Gateway.,Comprehensive architecture guidelines covering frontend architecture within Project Gamma.,Platform,Project Gamma,Payment Gateway,Frontend Architecture,emp_853,Architecture Board,2023-10-20,2025-04-02,Draft,Rejected,1.1,True,False,,Architecture Board,Restricted,Platform Core Team,Git Markdown,https://wiki.org/docs/DOC-0125,en
DOC-0126,Engineering Note: Event Streaming Guidelines for Project Gamma,Engineering Note,event streaming,Technical assessment and standard guidelines regarding event streaming implementation for Project Gamma system Inventory System.,Comprehensive architecture guidelines covering event streaming within Project Gamma.,DevOps,Project Gamma,Inventory System,Event Streaming,emp_225,Architecture Team,2025-10-13,2025-11-19,Draft,Rejected,3.1,True,False,,Architecture Team,Public,DevOps Core Team,Confluence,https://wiki.org/docs/DOC-0126,en
DOC-0127,Meeting Decision: Monitoring Guidelines for Core Infrastructure,Meeting Decision,monitoring,Technical assessment and standard guidelines regarding monitoring implementation for Core Infrastructure system Payment Gateway.,Comprehensive architecture guidelines covering monitoring within Core Infrastructure.,Architecture,Core Infrastructure,Payment Gateway,Monitoring,emp_655,Unverified,2025-12-31,2026-03-17,Draft,Under Review,3.2,True,False,,Unverified,Internal,Architecture Core Team,Git Markdown,https://wiki.org/docs/DOC-0127,en
DOC-0128,Policy: Authorization Guidelines for Project Beta,Policy,authorization,Technical assessment and standard guidelines regarding authorization implementation for Project Beta system Data Pipeline.,Comprehensive architecture guidelines covering authorization within Project Beta.,Product,Project Beta,Data Pipeline,Authorization,emp_909,Architecture Team,2021-02-23,2023-03-04,Draft,Draft,3.0,True,False,,Architecture Team,Public,Product Core Team,Confluence,https://wiki.org/docs/DOC-0128,en
DOC-0129,Security Recommendation: Networking Guidelines for Project Omega,Security Recommendation,networking,Technical assessment and standard guidelines regarding networking implementation for Project Omega system Metrics Engine.,Comprehensive architecture guidelines covering networking within Project Omega.,Security,Project Omega,Metrics Engine,Networking,emp_228,Chief Architect,2024-08-08,2024-10-22,Draft,Rejected,3.1,True,False,,Chief Architect,Internal,Security Core Team,Git Markdown,https://wiki.org/docs/DOC-0129,en
DOC-0130,Architecture Decision Record: Frontend Architecture Guidelines for Project Omega,Architecture Decision Record,frontend architecture,Technical assessment and standard guidelines regarding frontend architecture implementation for Project Omega system Data Pipeline.,Comprehensive architecture guidelines covering frontend architecture within Project Omega.,Platform,Project Omega,Data Pipeline,Frontend Architecture,emp_614,Engineer,2025-08-30,2025-11-01,Draft,Under Review,1.1,True,False,,Engineer,Internal,Platform Core Team,Confluence,https://wiki.org/docs/DOC-0130,en
DOC-0131,Deprecated Document: Logging Guidelines for Enterprise Gateway,Deprecated Document,logging,Technical assessment and standard guidelines regarding logging implementation for Enterprise Gateway system Search Engine.,Comprehensive architecture guidelines covering logging within Enterprise Gateway.,Engineering,Enterprise Gateway,Search Engine,Logging,emp_750,Architecture Team,2022-07-17,2023-03-30,Draft,Draft,1.2,True,False,,Architecture Team,Internal,Engineering Core Team,Git Markdown,https://wiki.org/docs/DOC-0131,en
DOC-0132,Architecture Decision Record: Messaging Guidelines for Core Infrastructure,Architecture Decision Record,messaging,Technical assessment and standard guidelines regarding messaging implementation for Core Infrastructure system Event Bus.,Comprehensive architecture guidelines covering messaging within Core Infrastructure.,Data Engineering,Core Infrastructure,Event Bus,Messaging,emp_945,Architecture Board,2021-06-16,2021-09-17,Draft,Draft,3.1,True,False,,Architecture Board,Public,Data Engineering Core Team,Confluence,https://wiki.org/docs/DOC-0132,en
DOC-0133,Standard: Logging Guidelines for Core Infrastructure,Standard,logging,Technical assessment and standard guidelines regarding logging implementation for Core Infrastructure system Inventory System.,Comprehensive architecture guidelines covering logging within Core Infrastructure.,Architecture,Core Infrastructure,Inventory System,Logging,emp_924,Architecture Team,2022-09-02,2025-03-18,Active,Approved,1.1,True,False,,Architecture Team,Confidential,Architecture Core Team,Git Markdown,https://wiki.org/docs/DOC-0133,en
DOC-0134,Engineering Note: Event Streaming Guidelines for Project Beta,Engineering Note,event streaming,Technical assessment and standard guidelines regarding event streaming implementation for Project Beta system Event Bus.,Comprehensive architecture guidelines covering event streaming within Project Beta.,Architecture,Project Beta,Event Bus,Event Streaming,emp_508,Senior Engineer,2025-04-07,2025-10-13,Active,Approved,2.0,True,False,,Senior Engineer,Restricted,Architecture Core Team,Confluence,https://wiki.org/docs/DOC-0134,en
DOC-0135,Engineering Note: Apis Guidelines for Project Gamma,Engineering Note,APIs,Technical assessment and standard guidelines regarding APIs implementation for Project Gamma system Metrics Engine.,Comprehensive architecture guidelines covering APIs within Project Gamma.,Security,Project Gamma,Metrics Engine,Apis,emp_986,Architecture Team,2025-07-25,2026-01-08,Draft,Draft,1.1,True,False,,Architecture Team,Confidential,Security Core Team,Git Markdown,https://wiki.org/docs/DOC-0135,en
DOC-0136,Draft Document: Databases Guidelines for Project Alpha,Draft Document,databases,"Title: Draft Document for Project Alpha
Department: Security

PostgreSQL 15 is approved as the standard relational database storage platform for Project Alpha. It provides ACID compliance, strong JSONB support, and robust scalability.",No summary provided.,Security,Project Alpha,Inventory System,PostgreSQL,emp_320,Architecture Team,2022-12-24,2023-04-02,Draft,Draft,3.2,True,False,,Architecture Team,Confidential,Security Core Team,Confluence,https://wiki.org/docs/DOC-0136,en
DOC-0137,Standard: Authorization Guidelines for Project Delta,Standard,authorization,Technical assessment and standard guidelines regarding authorization implementation for Project Delta system Search Engine.,Comprehensive architecture guidelines covering authorization within Project Delta.,Platform,Project Delta,Search Engine,Authorization,emp_882,Senior Engineer,2023-01-20,2023-04-22,Superseded,Rejected,3.0,False,True,,Senior Engineer,Restricted,Platform Core Team,Git Markdown,https://wiki.org/docs/DOC-0137,en
DOC-0138,Technical Design Document: Ci/Cd Guidelines for Project Delta,Technical Design Document,CI/CD,Technical assessment and standard guidelines regarding CI/CD implementation for Project Delta system Search Engine.,Comprehensive architecture guidelines covering CI/CD within Project Delta.,Product,Project Delta,Search Engine,Ci/Cd,emp_231,Chief Architect,2023-03-18,2025-04-20,Draft,Draft,2.0,True,False,,Chief Architect,Internal,Product Core Team,Confluence,https://wiki.org/docs/DOC-0138,en
DOC-0139,Policy: Apis Guidelines for Project Alpha,Policy,APIs,Technical assessment and standard guidelines regarding APIs implementation for Project Alpha system Data Pipeline.,Comprehensive architecture guidelines covering APIs within Project Alpha.,Engineering,Project Alpha,Data Pipeline,Apis,emp_923,Senior Engineer,2023-11-30,2025-03-11,Draft,Under Review,3.0,True,False,,Senior Engineer,Restricted,Engineering Core Team,Git Markdown,https://wiki.org/docs/DOC-0139,en
DOC-0140,Deprecated Document: Security Guidelines for Project Omega,Deprecated Document,security,Technical assessment and standard guidelines regarding security implementation for Project Omega system Search Engine.,Comprehensive architecture guidelines covering security within Project Omega.,DevOps,Project Omega,Search Engine,Security,emp_619,Senior Engineer,2023-12-27,2025-05-11,Draft,Draft,1.1,True,False,,Senior Engineer,Restricted,DevOps Core Team,Confluence,https://wiki.org/docs/DOC-0140,en
DOC-0141,Draft Document: Infrastructure Guidelines for Project Gamma,Draft Document,infrastructure,Technical assessment and standard guidelines regarding infrastructure implementation for Project Gamma system Auth Service.,Comprehensive architecture guidelines covering infrastructure within Project Gamma.,Product,Project Gamma,Auth Service,Infrastructure,emp_371,Project Notes,2024-03-28,2024-11-16,Active,Approved,1.2,True,False,,Project Notes,Confidential,Product Core Team,Git Markdown,https://wiki.org/docs/DOC-0141,en
DOC-0142,Policy: Apis Guidelines for Project Omega,Policy,APIs,Technical assessment and standard guidelines regarding APIs implementation for Project Omega system Payment Gateway.,Comprehensive architecture guidelines covering APIs within Project Omega.,DevOps,Project Omega,Payment Gateway,Apis,emp_119,Architecture Team,2022-10-05,2025-02-08,Draft,Under Review,1.1,True,False,,Architecture Team,Confidential,DevOps Core Team,Confluence,https://wiki.org/docs/DOC-0142,en
DOC-0143,Policy: Apis Guidelines for Core Infrastructure,Policy,APIs,Technical assessment and standard guidelines regarding APIs implementation for Core Infrastructure system User Portal.,Comprehensive architecture guidelines covering APIs within Core Infrastructure.,Platform,Core Infrastructure,User Portal,Apis,emp_432,Unverified,2023-12-13,2025-01-01,Draft,Draft,2.2,True,False,,Unverified,Restricted,Platform Core Team,Git Markdown,https://wiki.org/docs/DOC-0143,en
DOC-0144,Project Documentation: Backend Architecture Guidelines for Core Infrastructure,Project Documentation,backend architecture,Technical assessment and standard guidelines regarding backend architecture implementation for Core Infrastructure system Search Engine.,Comprehensive architecture guidelines covering backend architecture within Core Infrastructure.,Product,Core Infrastructure,Search Engine,Backend Architecture,emp_296,Project Notes,2022-07-26,2025-09-10,Draft,Draft,2.1,True,False,,Project Notes,Internal,Product Core Team,Confluence,https://wiki.org/docs/DOC-0144,en
DOC-0145,Draft Document: Networking Guidelines for Project Gamma,Draft Document,networking,Technical assessment and standard guidelines regarding networking implementation for Project Gamma system Search Engine.,Comprehensive architecture guidelines covering networking within Project Gamma.,Data Engineering,Project Gamma,Search Engine,Networking,emp_224,Principal Engineer,2024-10-17,2026-04-26,Draft,Rejected,2.1,True,False,,Principal Engineer,Internal,Data Engineering Core Team,Git Markdown,https://wiki.org/docs/DOC-0145,en
DOC-0146,Project Documentation: Authentication Guidelines for Project Gamma,Project Documentation,authentication,"Title: Project Documentation for Project Gamma
Department: Security

Basic Auth with custom API keys is permitted for internal legacy services in Project Gamma.",Comprehensive architecture guidelines covering authentication within Project Gamma.,Security,Project Gamma,Search Engine,Basic Auth,emp_319,Project Notes,2025-08-23,2026-05-25,Draft,Draft,3.2,True,False,,Project Notes,Internal,Security Core Team,Confluence,https://wiki.org/docs/DOC-0146,en
DOC-0147,Standard: Ci/Cd Guidelines for Project Beta,Standard,CI/CD,Technical assessment and standard guidelines regarding CI/CD implementation for Project Beta system User Portal.,Comprehensive architecture guidelines covering CI/CD within Project Beta.,DevOps,Project Beta,User Portal,Ci/Cd,emp_202,Architecture Board,2022-11-08,2025-07-02,Active,Approved,1.0,True,False,,Architecture Board,Internal,DevOps Core Team,Git Markdown,https://wiki.org/docs/DOC-0147,en
DOC-0148,Meeting Decision: Networking Guidelines for Project Delta,Meeting Decision,networking,Technical assessment and standard guidelines regarding networking implementation for Project Delta system User Portal.,Comprehensive architecture guidelines covering networking within Project Delta.,DevOps,Project Delta,User Portal,Networking,emp_428,Principal Engineer,2024-08-15,2024-10-14,Active,Approved,1.2,True,False,,Principal Engineer,Public,DevOps Core Team,Confluence,https://wiki.org/docs/DOC-0148,en
DOC-0149,Meeting Decision: Messaging Guidelines for Project Alpha,Meeting Decision,messaging,Technical assessment and standard guidelines regarding messaging implementation for Project Alpha system Metrics Engine.,Comprehensive architecture guidelines covering messaging within Project Alpha.,Product,Project Alpha,Metrics Engine,Messaging,emp_290,Project Notes,2025-12-01,2025-12-10,Active,Approved,3.0,True,False,,Project Notes,Restricted,Product Core Team,Git Markdown,https://wiki.org/docs/DOC-0149,en
DOC-0150,Meeting Decision: Deployment Guidelines for Project Omega,Meeting Decision,deployment,Technical assessment and standard guidelines regarding deployment implementation for Project Omega system Data Pipeline.,No summary provided.,Security,Project Omega,Data Pipeline,Deployment,emp_579,Unverified,2022-01-30,2022-09-17,Draft,Draft,2.2,True,False,,Unverified,Restricted,Security Core Team,Confluence,https://wiki.org/docs/DOC-0150,en
DOC-0151,Standard: Monitoring Guidelines for Enterprise Gateway,Standard,monitoring,Technical assessment and standard guidelines regarding monitoring implementation for Enterprise Gateway system User Portal.,Comprehensive architecture guidelines covering monitoring within Enterprise Gateway.,Architecture,Enterprise Gateway,User Portal,Monitoring,emp_725,Senior Architect,2025-08-21,2026-03-27,Superseded,Draft,3.0,False,True,,Senior Architect,Internal,Architecture Core Team,Git Markdown,https://wiki.org/docs/DOC-0151,en
DOC-0152,Meeting Decision: Containers Guidelines for Project Alpha,Meeting Decision,containers,Technical assessment and standard guidelines regarding containers implementation for Project Alpha system Metrics Engine.,Comprehensive architecture guidelines covering containers within Project Alpha.,Architecture,Project Alpha,Metrics Engine,Containers,emp_557,Architecture Team,2026-05-08,2026-06-19,Draft,Draft,3.0,True,False,,Architecture Team,Restricted,Architecture Core Team,Confluence,https://wiki.org/docs/DOC-0152,en
DOC-0153,Standard: Apis Guidelines for Core Infrastructure,Standard,APIs,Technical assessment and standard guidelines regarding APIs implementation for Core Infrastructure system Inventory System.,Comprehensive architecture guidelines covering APIs within Core Infrastructure.,Engineering,Core Infrastructure,Inventory System,Apis,emp_263,Principal Engineer,2024-11-06,2026-04-04,Draft,Draft,3.1,True,False,,Principal Engineer,Restricted,Engineering Core Team,Git Markdown,https://wiki.org/docs/DOC-0153,en
DOC-0154,Deprecated Document: Cloud Providers Guidelines for Project Delta,Deprecated Document,cloud providers,Technical assessment and standard guidelines regarding cloud providers implementation for Project Delta system Inventory System.,Comprehensive architecture guidelines covering cloud providers within Project Delta.,Platform,Project Delta,Inventory System,Cloud Providers,emp_525,Senior Engineer,2026-02-13,2026-06-13,Draft,Under Review,3.2,True,False,,Senior Engineer,Public,Platform Core Team,Confluence,https://wiki.org/docs/DOC-0154,en
DOC-0155,Deprecated Document: Observability Guidelines for Project Alpha,Deprecated Document,observability,Technical assessment and standard guidelines regarding observability implementation for Project Alpha system Payment Gateway.,Comprehensive architecture guidelines covering observability within Project Alpha.,Data Engineering,Project Alpha,Payment Gateway,Observability,emp_948,Architecture Board,2026-01-24,2026-06-02,Draft,Under Review,1.0,True,False,,Architecture Board,Restricted,Data Engineering Core Team,Git Markdown,https://wiki.org/docs/DOC-0155,en
DOC-0156,Policy: Backend Architecture Guidelines for Project Beta,Policy,backend architecture,Technical assessment and standard guidelines regarding backend architecture implementation for Project Beta system Inventory System.,Comprehensive architecture guidelines covering backend architecture within Project Beta.,DevOps,Project Beta,Inventory System,Backend Architecture,emp_622,Chief Architect,2025-07-15,2025-08-12,Draft,Rejected,2.1,True,False,,Chief Architect,Public,DevOps Core Team,Confluence,https://wiki.org/docs/DOC-0156,en
DOC-0157,Architecture Decision Record: Logging Guidelines for Core Infrastructure,Architecture Decision Record,logging,Technical assessment and standard guidelines regarding logging implementation for Core Infrastructure system Metrics Engine.,Comprehensive architecture guidelines covering logging within Core Infrastructure.,Engineering,Core Infrastructure,Metrics Engine,Logging,emp_936,Principal Engineer,2025-03-08,2025-10-17,Superseded,Approved,2.2,False,True,,Principal Engineer,Public,Engineering Core Team,Git Markdown,https://wiki.org/docs/DOC-0157,en
DOC-0158,Engineering Note: Authentication Guidelines for Project Delta,Engineering Note,authentication,"Title: Engineering Note for Project Delta
Department: Engineering

SAML 2.0 enterprise SSO is required for corporate internal access in Project Delta.",Comprehensive architecture guidelines covering authentication within Project Delta.,Engineering,Project Delta,Search Engine,SAML 2.0,emp_284,Engineer,2025-04-18,2026-03-12,Draft,Draft,2.1,True,False,,Engineer,Confidential,Engineering Core Team,Confluence,https://wiki.org/docs/DOC-0158,en
DOC-0159,Engineering Note: Backend Architecture Guidelines for Enterprise Gateway,Engineering Note,backend architecture,Technical assessment and standard guidelines regarding backend architecture implementation for Enterprise Gateway system Data Pipeline.,Comprehensive architecture guidelines covering backend architecture within Enterprise Gateway.,Data Engineering,Enterprise Gateway,Data Pipeline,Backend Architecture,emp_221,Senior Engineer,2026-07-27,2026-07-31,Draft,Rejected,3.0,True,False,,Senior Engineer,Public,Data Engineering Core Team,Git Markdown,https://wiki.org/docs/DOC-0159,en
DOC-0160,Project Documentation: Caching Guidelines for Core Infrastructure,Project Documentation,caching,Technical assessment and standard guidelines regarding caching implementation for Core Infrastructure system Metrics Engine.,Comprehensive architecture guidelines covering caching within Core Infrastructure.,DevOps,Core Infrastructure,Metrics Engine,Caching,emp_488,Unverified,2022-05-22,2024-12-20,Draft,Draft,1.2,True,False,,Unverified,Public,DevOps Core Team,Confluence,https://wiki.org/docs/DOC-0160,en
DOC-0161,Technical Design Document: Event Streaming Guidelines for Enterprise Gateway,Technical Design Document,event streaming,Technical assessment and standard guidelines regarding event streaming implementation for Enterprise Gateway system User Portal.,Comprehensive architecture guidelines covering event streaming within Enterprise Gateway.,Engineering,Enterprise Gateway,User Portal,Event Streaming,emp_168,Architecture Team,2024-05-01,2024-06-04,Draft,Rejected,3.0,True,False,,Architecture Team,Internal,Engineering Core Team,Git Markdown,https://wiki.org/docs/DOC-0161,en
DOC-0162,Meeting Decision: Containers Guidelines for Project Omega,Meeting Decision,containers,Technical assessment and standard guidelines regarding containers implementation for Project Omega system Auth Service.,Comprehensive architecture guidelines covering containers within Project Omega.,Platform,Project Omega,Auth Service,Containers,emp_615,Senior Architect,2022-04-25,2026-06-01,Draft,Draft,3.1,True,False,,Senior Architect,Internal,Platform Core Team,Confluence,https://wiki.org/docs/DOC-0162,en
DOC-0163,Architecture Decision Record: Backend Architecture Guidelines for Project Omega,Architecture Decision Record,backend architecture,Technical assessment and standard guidelines regarding backend architecture implementation for Project Omega system Metrics Engine.,Comprehensive architecture guidelines covering backend architecture within Project Omega.,Platform,Project Omega,Metrics Engine,Backend Architecture,emp_381,Principal Engineer,2024-02-15,2025-10-12,Draft,Under Review,2.2,True,False,,Principal Engineer,Confidential,Platform Core Team,Git Markdown,https://wiki.org/docs/DOC-0163,en
DOC-0164,Engineering Note: Frontend Architecture Guidelines for Core Infrastructure,Engineering Note,frontend architecture,Technical assessment and standard guidelines regarding frontend architecture implementation for Core Infrastructure system Event Bus.,Comprehensive architecture guidelines covering frontend architecture within Core Infrastructure.,Security,Core Infrastructure,Event Bus,Frontend Architecture,emp_518,Engineer,2022-09-07,2024-10-16,Draft,Under Review,2.0,True,False,,Engineer,Internal,Security Core Team,Confluence,https://wiki.org/docs/DOC-0164,en
DOC-0165,Deprecated Document: Caching Guidelines for Project Alpha,Deprecated Document,caching,Technical assessment and standard guidelines regarding caching implementation for Project Alpha system Metrics Engine.,Comprehensive architecture guidelines covering caching within Project Alpha.,Data Engineering,Project Alpha,Metrics Engine,Caching,emp_670,Engineer,2021-10-02,2023-12-06,Draft,Under Review,2.2,True,False,,Engineer,Public,Data Engineering Core Team,Git Markdown,https://wiki.org/docs/DOC-0165,en
DOC-0166,Standard: Authentication Guidelines for Project Omega,Standard,authentication,"Title: Standard for Project Omega
Department: DevOps

OAuth 2.0 with OpenID Connect (OIDC) via Okta is mandatory for all user authentication in Project Omega.",Comprehensive architecture guidelines covering authentication within Project Omega.,DevOps,Project Omega,User Portal,OAuth2/OIDC,emp_374,Architecture Board,2024-10-11,2026-06-22,Active,Approved,3.2,True,False,,Architecture Board,Internal,DevOps Core Team,Confluence,https://wiki.org/docs/DOC-0166,en
DOC-0167,Technical Design Document: Monitoring Guidelines for Project Gamma,Technical Design Document,monitoring,Technical assessment and standard guidelines regarding monitoring implementation for Project Gamma system User Portal.,Comprehensive architecture guidelines covering monitoring within Project Gamma.,Engineering,Project Gamma,User Portal,Monitoring,emp_859,Architecture Team,2025-03-10,2026-03-31,Draft,Rejected,3.2,True,False,,Architecture Team,Internal,Engineering Core Team,Git Markdown,https://wiki.org/docs/DOC-0167,en
DOC-0168,Security Recommendation: Monitoring Guidelines for Enterprise Gateway,Security Recommendation,monitoring,Technical assessment and standard guidelines regarding monitoring implementation for Enterprise Gateway system Metrics Engine.,Comprehensive architecture guidelines covering monitoring within Enterprise Gateway.,Architecture,Enterprise Gateway,Metrics Engine,Monitoring,emp_646,Project Notes,2022-09-24,2024-03-12,Draft,Draft,2.1,True,False,,Project Notes,Public,Architecture Core Team,Confluence,https://wiki.org/docs/DOC-0168,en
DOC-0169,Draft Document: Monitoring Guidelines for Project Beta,Draft Document,monitoring,Technical assessment and standard guidelines regarding monitoring implementation for Project Beta system Event Bus.,Comprehensive architecture guidelines covering monitoring within Project Beta.,Architecture,Project Beta,Event Bus,Monitoring,emp_146,Engineer,2025-11-05,2026-02-26,Superseded,Under Review,3.2,False,True,,Engineer,Confidential,Architecture Core Team,Git Markdown,https://wiki.org/docs/DOC-0169,en
DOC-0170,Security Recommendation: Containers Guidelines for Project Delta,Security Recommendation,containers,Technical assessment and standard guidelines regarding containers implementation for Project Delta system User Portal.,Comprehensive architecture guidelines covering containers within Project Delta.,Data Engineering,Project Delta,User Portal,Containers,emp_663,Project Notes,2022-06-12,2025-03-08,Draft,Rejected,3.1,True,False,,Project Notes,Internal,Data Engineering Core Team,Confluence,https://wiki.org/docs/DOC-0170,en
DOC-0171,Technical Design Document: Messaging Guidelines for Project Omega,Technical Design Document,messaging,Technical assessment and standard guidelines regarding messaging implementation for Project Omega system Auth Service.,Comprehensive architecture guidelines covering messaging within Project Omega.,DevOps,Project Omega,Auth Service,Messaging,emp_134,Unverified,2026-04-20,2026-07-14,Active,Approved,2.0,True,False,,Unverified,Internal,DevOps Core Team,Git Markdown,https://wiki.org/docs/DOC-0171,en
DOC-0172,Draft Document: Microservices Guidelines for Project Omega,Draft Document,microservices,Technical assessment and standard guidelines regarding microservices implementation for Project Omega system Event Bus.,Comprehensive architecture guidelines covering microservices within Project Omega.,Security,Project Omega,Event Bus,Microservices,emp_732,Architecture Board,2026-02-13,2026-06-16,Superseded,Rejected,3.2,False,True,,Architecture Board,Confidential,Security Core Team,Confluence,https://wiki.org/docs/DOC-0172,en
DOC-0173,Standard: Kubernetes Guidelines for Project Omega,Standard,Kubernetes,Technical assessment and standard guidelines regarding Kubernetes implementation for Project Omega system Auth Service.,Comprehensive architecture guidelines covering Kubernetes within Project Omega.,Architecture,Project Omega,Auth Service,Kubernetes,emp_932,Unverified,2025-07-10,2025-10-09,Active,Approved,3.0,True,False,,Unverified,Internal,Architecture Core Team,Git Markdown,https://wiki.org/docs/DOC-0173,en
DOC-0174,Standard: Observability Guidelines for Project Gamma,Standard,observability,Technical assessment and standard guidelines regarding observability implementation for Project Gamma system Metrics Engine.,Comprehensive architecture guidelines covering observability within Project Gamma.,Product,Project Gamma,Metrics Engine,Observability,emp_482,Chief Architect,2023-07-30,2024-12-09,Draft,Under Review,1.2,True,False,,Chief Architect,Public,Product Core Team,Confluence,https://wiki.org/docs/DOC-0174,en
DOC-0175,Policy: Deployment Guidelines for Project Delta,Policy,deployment,Technical assessment and standard guidelines regarding deployment implementation for Project Delta system Auth Service.,Comprehensive architecture guidelines covering deployment within Project Delta.,Engineering,Project Delta,Auth Service,Deployment,emp_184,Senior Architect,2025-09-28,2026-05-08,Draft,Draft,1.2,True,False,,Senior Architect,Public,Engineering Core Team,Git Markdown,https://wiki.org/docs/DOC-0175,en
DOC-0176,Meeting Decision: Infrastructure Guidelines for Project Delta,Meeting Decision,infrastructure,Technical assessment and standard guidelines regarding infrastructure implementation for Project Delta system Auth Service.,Comprehensive architecture guidelines covering infrastructure within Project Delta.,Architecture,Project Delta,Auth Service,Infrastructure,emp_800,Chief Architect,2026-01-16,2026-06-04,Active,Approved,2.0,True,False,,Chief Architect,Internal,Architecture Core Team,Confluence,https://wiki.org/docs/DOC-0176,en
DOC-0177,Standard: Security Guidelines for Project Alpha,Standard,security,Technical assessment and standard guidelines regarding security implementation for Project Alpha system Data Pipeline.,Comprehensive architecture guidelines covering security within Project Alpha.,Architecture,Project Alpha,Data Pipeline,Security,emp_680,Architecture Team,2024-10-18,2026-04-24,Draft,Draft,3.0,True,False,,Architecture Team,Public,Architecture Core Team,Git Markdown,https://wiki.org/docs/DOC-0177,en
DOC-0178,Draft Document: Apis Guidelines for Project Alpha,Draft Document,APIs,Technical assessment and standard guidelines regarding APIs implementation for Project Alpha system User Portal.,Comprehensive architecture guidelines covering APIs within Project Alpha.,Security,Project Alpha,User Portal,Apis,emp_448,Chief Architect,2025-04-24,2026-03-04,Draft,Rejected,2.0,True,False,,Chief Architect,Restricted,Security Core Team,Confluence,https://wiki.org/docs/DOC-0178,en
DOC-0179,Draft Document: Containers Guidelines for Project Gamma,Draft Document,containers,Technical assessment and standard guidelines regarding containers implementation for Project Gamma system Metrics Engine.,Comprehensive architecture guidelines covering containers within Project Gamma.,Data Engineering,Project Gamma,Metrics Engine,Containers,emp_290,Engineer,2024-09-15,2025-10-09,Active,Approved,2.0,True,False,,Engineer,Public,Data Engineering Core Team,Git Markdown,https://wiki.org/docs/DOC-0179,en
DOC-0180,Technical Design Document: Frontend Architecture Guidelines for Project Beta,Technical Design Document,frontend architecture,Technical assessment and standard guidelines regarding frontend architecture implementation for Project Beta system Metrics Engine.,Comprehensive architecture guidelines covering frontend architecture within Project Beta.,DevOps,Project Beta,Metrics Engine,Frontend Architecture,emp_469,Senior Engineer,2021-07-07,2021-07-17,Draft,Draft,2.0,True,False,,Senior Engineer,Internal,DevOps Core Team,Confluence,https://wiki.org/docs/DOC-0180,en
DOC-0181,Technical Design Document: Deployment Guidelines for Project Omega,Technical Design Document,deployment,Technical assessment and standard guidelines regarding deployment implementation for Project Omega system Metrics Engine.,Comprehensive architecture guidelines covering deployment within Project Omega.,Data Engineering,Project Omega,Metrics Engine,Deployment,emp_126,Chief Architect,2022-12-26,2026-02-03,Active,Approved,2.1,True,False,,Chief Architect,Public,Data Engineering Core Team,Git Markdown,https://wiki.org/docs/DOC-0181,en
DOC-0182,Standard: Authentication Guidelines for Core Infrastructure,Standard,authentication,"Title: Standard for Core Infrastructure
Department: Data Engineering

Basic Auth with custom API keys is permitted for internal legacy services in Core Infrastructure.",Comprehensive architecture guidelines covering authentication within Core Infrastructure.,Data Engineering,Core Infrastructure,User Portal,Basic Auth,emp_273,Unverified,2021-12-14,2022-09-24,Draft,Draft,1.0,True,False,,Unverified,Internal,Data Engineering Core Team,Confluence,https://wiki.org/docs/DOC-0182,en
DOC-0183,Policy: Networking Guidelines for Enterprise Gateway,Policy,networking,Technical assessment and standard guidelines regarding networking implementation for Enterprise Gateway system Event Bus.,Comprehensive architecture guidelines covering networking within Enterprise Gateway.,Engineering,Enterprise Gateway,Event Bus,Networking,emp_352,Principal Engineer,2024-05-01,2026-01-22,Draft,Under Review,1.1,True,False,,Principal Engineer,Public,Engineering Core Team,Git Markdown,https://wiki.org/docs/DOC-0183,en
DOC-0184,Standard: Event Streaming Guidelines for Project Delta,Standard,event streaming,Technical assessment and standard guidelines regarding event streaming implementation for Project Delta system Event Bus.,Comprehensive architecture guidelines covering event streaming within Project Delta.,Product,Project Delta,Event Bus,Event Streaming,emp_442,Project Notes,2025-07-29,2026-06-27,Draft,Under Review,3.2,True,False,,Project Notes,Internal,Product Core Team,Confluence,https://wiki.org/docs/DOC-0184,en
DOC-0185,Standard: Security Guidelines for Project Gamma,Standard,security,Technical assessment and standard guidelines regarding security implementation for Project Gamma system Inventory System.,Comprehensive architecture guidelines covering security within Project Gamma.,Architecture,Project Gamma,Inventory System,Security,emp_433,Architecture Team,2022-07-29,2024-10-10,Superseded,Draft,3.0,False,True,,Architecture Team,Internal,Architecture Core Team,Git Markdown,https://wiki.org/docs/DOC-0185,en
DOC-0186,Technical Design Document: Caching Guidelines for Core Infrastructure,Technical Design Document,caching,Technical assessment and standard guidelines regarding caching implementation for Core Infrastructure system Inventory System.,Comprehensive architecture guidelines covering caching within Core Infrastructure.,Platform,Core Infrastructure,Inventory System,Caching,emp_951,Principal Engineer,2025-08-05,2026-03-02,Draft,Rejected,2.0,True,False,,Principal Engineer,Restricted,Platform Core Team,Confluence,https://wiki.org/docs/DOC-0186,en
DOC-0187,Deprecated Document: Security Guidelines for Project Alpha,Deprecated Document,security,Technical assessment and standard guidelines regarding security implementation for Project Alpha system Inventory System.,Comprehensive architecture guidelines covering security within Project Alpha.,Security,Project Alpha,Inventory System,Security,emp_647,Engineer,2026-03-07,2026-06-22,Active,Approved,2.2,True,False,,Engineer,Public,Security Core Team,Git Markdown,https://wiki.org/docs/DOC-0187,en
DOC-0188,Security Recommendation: Backend Architecture Guidelines for Project Gamma,Security Recommendation,backend architecture,Technical assessment and standard guidelines regarding backend architecture implementation for Project Gamma system Auth Service.,Comprehensive architecture guidelines covering backend architecture within Project Gamma.,Platform,Project Gamma,Auth Service,Backend Architecture,emp_870,Engineer,2026-06-01,2026-07-21,Superseded,Rejected,1.1,False,True,,Engineer,Internal,Platform Core Team,Confluence,https://wiki.org/docs/DOC-0188,en
DOC-0189,Standard: Infrastructure Guidelines for Core Infrastructure,Standard,infrastructure,Technical assessment and standard guidelines regarding infrastructure implementation for Core Infrastructure system User Portal.,Comprehensive architecture guidelines covering infrastructure within Core Infrastructure.,Data Engineering,Core Infrastructure,User Portal,Infrastructure,emp_483,Project Notes,2023-08-07,2026-05-27,Draft,Under Review,1.1,True,False,,Project Notes,Public,Data Engineering Core Team,Git Markdown,https://wiki.org/docs/DOC-0189,en
DOC-0190,Security Recommendation: Authentication Guidelines for Project Alpha,Security Recommendation,authentication,"Title: Security Recommendation for Project Alpha
Department: Product

SAML 2.0 enterprise SSO is required for corporate internal access in Project Alpha.",Comprehensive architecture guidelines covering authentication within Project Alpha.,Product,Project Alpha,Data Pipeline,SAML 2.0,emp_419,Senior Engineer,2023-07-22,2024-09-17,Draft,Draft,2.2,True,False,,Senior Engineer,Confidential,Product Core Team,Confluence,https://wiki.org/docs/DOC-0190,en
DOC-0191,Engineering Note: Authorization Guidelines for Project Alpha,Engineering Note,authorization,Technical assessment and standard guidelines regarding authorization implementation for Project Alpha system Event Bus.,Comprehensive architecture guidelines covering authorization within Project Alpha.,Product,Project Alpha,Event Bus,Authorization,emp_793,Chief Architect,2026-03-20,2026-05-21,Draft,Under Review,2.2,True,False,,Chief Architect,Confidential,Product Core Team,Git Markdown,https://wiki.org/docs/DOC-0191,en
DOC-0192,Architecture Decision Record: Security Guidelines for Core Infrastructure,Architecture Decision Record,security,Technical assessment and standard guidelines regarding security implementation for Core Infrastructure system Data Pipeline.,Comprehensive architecture guidelines covering security within Core Infrastructure.,Platform,Core Infrastructure,Data Pipeline,Security,emp_505,Engineer,2025-02-19,2025-09-09,Draft,Rejected,2.0,True,False,,Engineer,Internal,Platform Core Team,Confluence,https://wiki.org/docs/DOC-0192,en
DOC-0193,Project Documentation: Authentication Guidelines for Project Omega,Project Documentation,authentication,"Title: Project Documentation for Project Omega
Department: Engineering

Basic Auth with custom API keys is permitted for internal legacy services in Project Omega.",Comprehensive architecture guidelines covering authentication within Project Omega.,Engineering,Project Omega,Data Pipeline,Basic Auth,emp_433,Senior Engineer,2023-07-27,2024-03-16,Draft,Rejected,3.1,True,False,,Senior Engineer,Confidential,Engineering Core Team,Git Markdown,https://wiki.org/docs/DOC-0193,en
DOC-0194,Meeting Decision: Observability Guidelines for Project Gamma,Meeting Decision,observability,Technical assessment and standard guidelines regarding observability implementation for Project Gamma system Inventory System.,Comprehensive architecture guidelines covering observability within Project Gamma.,Product,Project Gamma,Inventory System,Observability,emp_933,Senior Architect,2026-02-25,2026-08-01,Active,Approved,2.0,True,False,,Senior Architect,Internal,Product Core Team,Confluence,https://wiki.org/docs/DOC-0194,en
DOC-0195,Standard: Cloud Providers Guidelines for Project Omega,Standard,cloud providers,Technical assessment and standard guidelines regarding cloud providers implementation for Project Omega system Metrics Engine.,Comprehensive architecture guidelines covering cloud providers within Project Omega.,Security,Project Omega,Metrics Engine,Cloud Providers,emp_688,Senior Architect,2023-05-17,2024-05-31,Draft,Rejected,3.2,True,False,,Senior Architect,Internal,Security Core Team,Git Markdown,https://wiki.org/docs/DOC-0195,en
DOC-0196,Security Recommendation: Cloud Providers Guidelines for Project Beta,Security Recommendation,cloud providers,Technical assessment and standard guidelines regarding cloud providers implementation for Project Beta system Inventory System.,Comprehensive architecture guidelines covering cloud providers within Project Beta.,Architecture,Project Beta,Inventory System,Cloud Providers,emp_986,Architecture Board,2026-05-04,2026-05-05,Draft,Rejected,2.2,True,False,,Architecture Board,Confidential,Architecture Core Team,Confluence,https://wiki.org/docs/DOC-0196,en
DOC-0197,Project Documentation: Caching Guidelines for Project Delta,Project Documentation,caching,Technical assessment and standard guidelines regarding caching implementation for Project Delta system Payment Gateway.,Comprehensive architecture guidelines covering caching within Project Delta.,Platform,Project Delta,Payment Gateway,Caching,emp_914,Architecture Board,2022-08-22,2022-10-27,Draft,Draft,2.0,True,False,,Architecture Board,Confidential,Platform Core Team,Git Markdown,https://wiki.org/docs/DOC-0197,en
DOC-0198,Deprecated Document: Networking Guidelines for Project Omega,Deprecated Document,networking,Technical assessment and standard guidelines regarding networking implementation for Project Omega system Payment Gateway.,Comprehensive architecture guidelines covering networking within Project Omega.,Data Engineering,Project Omega,Payment Gateway,Networking,emp_374,Chief Architect,2025-08-14,2026-02-17,Active,Approved,2.2,True,False,,Chief Architect,Internal,Data Engineering Core Team,Confluence,https://wiki.org/docs/DOC-0198,en
DOC-0199,Meeting Decision: Frontend Architecture Guidelines for Enterprise Gateway,Meeting Decision,frontend architecture,Technical assessment and standard guidelines regarding frontend architecture implementation for Enterprise Gateway system Search Engine.,Comprehensive architecture guidelines covering frontend architecture within Enterprise Gateway.,Platform,Enterprise Gateway,Search Engine,Frontend Architecture,emp_560,Architecture Board,2022-12-15,2023-06-11,Draft,Rejected,1.0,True,False,,Architecture Board,Internal,Platform Core Team,Git Markdown,https://wiki.org/docs/DOC-0199,en
DOC-0200,Engineering Note: Observability Guidelines for Enterprise Gateway,Engineering Note,observability,Technical assessment and standard guidelines regarding observability implementation for Enterprise Gateway system Metrics Engine.,Comprehensive architecture guidelines covering observability within Enterprise Gateway.,DevOps,Enterprise Gateway,Metrics Engine,Observability,emp_730,Senior Architect,2025-05-27,2025-09-09,Draft,Under Review,3.1,True,False,,Senior Architect,Restricted,DevOps Core Team,Confluence,https://wiki.org/docs/DOC-0200,en
DOC-0201,Technical Design Document: Logging Guidelines for Project Gamma,Technical Design Document,logging,Technical assessment and standard guidelines regarding logging implementation for Project Gamma system Search Engine.,Comprehensive architecture guidelines covering logging within Project Gamma.,Data Engineering,Project Gamma,Search Engine,Logging,emp_795,Unverified,2021-10-05,2025-12-19,Draft,Rejected,2.2,True,False,,Unverified,Internal,Data Engineering Core Team,Git Markdown,https://wiki.org/docs/DOC-0201,en
DOC-0202,Engineering Note: Cloud Providers Guidelines for Core Infrastructure,Engineering Note,cloud providers,Technical assessment and standard guidelines regarding cloud providers implementation for Core Infrastructure system User Portal.,Comprehensive architecture guidelines covering cloud providers within Core Infrastructure.,Architecture,Core Infrastructure,User Portal,Cloud Providers,emp_601,Engineer,2024-03-28,2026-01-04,Draft,Draft,2.1,True,False,,Engineer,Public,Architecture Core Team,Confluence,https://wiki.org/docs/DOC-0202,en
DOC-0203,Policy: Authentication Guidelines for Project Delta,Policy,authentication,"Title: Policy for Project Delta
Department: Data Engineering

OAuth 2.0 with OpenID Connect (OIDC) via Okta is mandatory for all user authentication in Project Delta.",Comprehensive architecture guidelines covering authentication within Project Delta.,Data Engineering,Project Delta,Search Engine,OAuth2/OIDC,emp_565,Senior Engineer,2022-11-02,2026-02-05,Active,Approved,2.2,True,False,,Senior Engineer,Restricted,Data Engineering Core Team,Git Markdown,https://wiki.org/docs/DOC-0203,en
DOC-0204,Security Recommendation: Security Guidelines for Project Beta,Security Recommendation,security,Technical assessment and standard guidelines regarding security implementation for Project Beta system User Portal.,Comprehensive architecture guidelines covering security within Project Beta.,Security,Project Beta,User Portal,Security,emp_374,Project Notes,2025-08-24,2026-01-16,Draft,Draft,1.2,True,False,,Project Notes,Confidential,Security Core Team,Confluence,https://wiki.org/docs/DOC-0204,en
DOC-0205,Engineering Note: Apis Guidelines for Project Alpha,Engineering Note,APIs,Technical assessment and standard guidelines regarding APIs implementation for Project Alpha system Inventory System.,Comprehensive architecture guidelines covering APIs within Project Alpha.,Engineering,Project Alpha,Inventory System,Apis,emp_227,Architecture Board,2023-06-23,2026-01-12,Active,Approved,2.0,True,False,,Architecture Board,Internal,Engineering Core Team,Git Markdown,https://wiki.org/docs/DOC-0205,en
DOC-0206,Security Recommendation: Kubernetes Guidelines for Project Alpha,Security Recommendation,Kubernetes,Technical assessment and standard guidelines regarding Kubernetes implementation for Project Alpha system Event Bus.,Comprehensive architecture guidelines covering Kubernetes within Project Alpha.,DevOps,Project Alpha,Event Bus,Kubernetes,emp_184,Principal Engineer,2024-09-22,2026-07-18,Superseded,Under Review,3.1,False,True,,Principal Engineer,Internal,DevOps Core Team,Confluence,https://wiki.org/docs/DOC-0206,en
DOC-0207,Draft Document: Authorization Guidelines for Project Alpha,Draft Document,authorization,Technical assessment and standard guidelines regarding authorization implementation for Project Alpha system Inventory System.,Comprehensive architecture guidelines covering authorization within Project Alpha.,Platform,Project Alpha,Inventory System,Authorization,emp_235,Chief Architect,2022-04-09,2025-03-07,Superseded,Rejected,3.1,False,True,,Chief Architect,Public,Platform Core Team,Git Markdown,https://wiki.org/docs/DOC-0207,en
DOC-0208,Technical Design Document: Cloud Providers Guidelines for Project Delta,Technical Design Document,cloud providers,Technical assessment and standard guidelines regarding cloud providers implementation for Project Delta system User Portal.,Comprehensive architecture guidelines covering cloud providers within Project Delta.,Engineering,Project Delta,User Portal,Cloud Providers,emp_191,Engineer,2021-07-31,2023-05-03,Draft,Draft,1.1,True,False,,Engineer,Internal,Engineering Core Team,Confluence,https://wiki.org/docs/DOC-0208,en
DOC-0209,Security Recommendation: Authentication Guidelines for Project Omega,Security Recommendation,authentication,"Title: Security Recommendation for Project Omega
Department: Data Engineering

JWT tokens signed with RS256 algorithm are required for microservice-to-microservice auth in Project Omega.",Comprehensive architecture guidelines covering authentication within Project Omega.,Data Engineering,Project Omega,Auth Service,JWT RS256,emp_550,Senior Architect,2025-01-19,2025-08-25,Draft,Rejected,2.0,True,False,,Senior Architect,Public,Data Engineering Core Team,Git Markdown,https://wiki.org/docs/DOC-0209,en
DOC-0210,Security Recommendation: Authorization Guidelines for Project Omega,Security Recommendation,authorization,Technical assessment and standard guidelines regarding authorization implementation for Project Omega system Metrics Engine.,Comprehensive architecture guidelines covering authorization within Project Omega.,DevOps,Project Omega,Metrics Engine,Authorization,emp_539,Senior Engineer,2025-06-09,2025-08-19,Draft,Under Review,1.0,True,False,,Senior Engineer,Restricted,DevOps Core Team,Confluence,https://wiki.org/docs/DOC-0210,en
DOC-0211,Architecture Decision Record: Backend Architecture Guidelines for Project Gamma,Architecture Decision Record,backend architecture,Technical assessment and standard guidelines regarding backend architecture implementation for Project Gamma system User Portal.,Comprehensive architecture guidelines covering backend architecture within Project Gamma.,Platform,Project Gamma,User Portal,Backend Architecture,emp_402,Engineer,2025-05-25,2026-07-05,Draft,Under Review,1.0,True,False,,Engineer,Confidential,Platform Core Team,Git Markdown,https://wiki.org/docs/DOC-0211,en
DOC-0212,Draft Document: Databases Guidelines for Project Gamma,Draft Document,databases,"Title: Draft Document for Project Gamma
Department: Architecture

DynamoDB is chosen as the managed key-value store for high throughput in Project Gamma.",Comprehensive architecture guidelines covering databases within Project Gamma.,Architecture,Project Gamma,Data Pipeline,DynamoDB,emp_981,Engineer,2023-05-12,2025-05-29,Draft,Under Review,1.0,True,False,,Engineer,Public,Architecture Core Team,Confluence,https://wiki.org/docs/DOC-0212,en
DOC-0213,Standard: Apis Guidelines for Enterprise Gateway,Standard,APIs,Technical assessment and standard guidelines regarding APIs implementation for Enterprise Gateway system Search Engine.,Comprehensive architecture guidelines covering APIs within Enterprise Gateway.,Security,Enterprise Gateway,Search Engine,Apis,emp_885,Unverified,2023-05-18,2025-08-18,Active,Approved,3.2,True,False,,Unverified,Internal,Security Core Team,Git Markdown,https://wiki.org/docs/DOC-0213,en
DOC-0214,Standard: Ci/Cd Guidelines for Project Beta,Standard,CI/CD,Technical assessment and standard guidelines regarding CI/CD implementation for Project Beta system Data Pipeline.,Comprehensive architecture guidelines covering CI/CD within Project Beta.,Product,Project Beta,Data Pipeline,Ci/Cd,emp_434,Unverified,2024-04-16,2026-01-25,Active,Approved,2.2,True,False,,Unverified,Internal,Product Core Team,Confluence,https://wiki.org/docs/DOC-0214,en
DOC-0215,Engineering Note: Data Storage Guidelines for Project Alpha,Engineering Note,data storage,Technical assessment and standard guidelines regarding data storage implementation for Project Alpha system Auth Service.,Comprehensive architecture guidelines covering data storage within Project Alpha.,Security,Project Alpha,Auth Service,Data Storage,emp_782,Principal Engineer,2021-09-02,2021-09-27,Draft,Under Review,1.1,True,False,,Principal Engineer,Restricted,Security Core Team,Git Markdown,https://wiki.org/docs/DOC-0215,en
DOC-0216,Technical Design Document: Kubernetes Guidelines for Project Beta,Technical Design Document,Kubernetes,Technical assessment and standard guidelines regarding Kubernetes implementation for Project Beta system Data Pipeline.,Comprehensive architecture guidelines covering Kubernetes within Project Beta.,Architecture,Project Beta,Data Pipeline,Kubernetes,emp_850,Principal Engineer,2025-04-29,2025-05-14,Draft,Draft,2.2,True,False,,Principal Engineer,Public,Architecture Core Team,Confluence,https://wiki.org/docs/DOC-0216,en
DOC-0217,Architecture Decision Record: Frontend Architecture Guidelines for Project Alpha,Architecture Decision Record,frontend architecture,Technical assessment and standard guidelines regarding frontend architecture implementation for Project Alpha system Inventory System.,Comprehensive architecture guidelines covering frontend architecture within Project Alpha.,Security,Project Alpha,Inventory System,Frontend Architecture,emp_468,Unverified,2023-10-21,2026-03-18,Draft,Under Review,2.0,True,False,,Unverified,Public,Security Core Team,Git Markdown,https://wiki.org/docs/DOC-0217,en
DOC-0218,Policy: Apis Guidelines for Enterprise Gateway,Policy,APIs,Technical assessment and standard guidelines regarding APIs implementation for Enterprise Gateway system Auth Service.,Comprehensive architecture guidelines covering APIs within Enterprise Gateway.,Product,Enterprise Gateway,Auth Service,Apis,emp_147,Architecture Team,2023-01-16,2025-03-10,Draft,Under Review,1.2,True,False,,Architecture Team,Confidential,Product Core Team,Confluence,https://wiki.org/docs/DOC-0218,en
DOC-0219,Deprecated Document: Monitoring Guidelines for Project Gamma,Deprecated Document,monitoring,Technical assessment and standard guidelines regarding monitoring implementation for Project Gamma system Payment Gateway.,Comprehensive architecture guidelines covering monitoring within Project Gamma.,Product,Project Gamma,Payment Gateway,Monitoring,emp_222,Senior Engineer,2024-10-10,2024-12-02,Draft,Under Review,3.0,True,False,,Senior Engineer,Confidential,Product Core Team,Git Markdown,https://wiki.org/docs/DOC-0219,en
DOC-0220,Deprecated Document: Logging Guidelines for Enterprise Gateway,Deprecated Document,logging,Technical assessment and standard guidelines regarding logging implementation for Enterprise Gateway system Search Engine.,Comprehensive architecture guidelines covering logging within Enterprise Gateway.,Product,Enterprise Gateway,Search Engine,Logging,emp_188,Senior Engineer,2023-07-25,2023-08-10,Draft,Draft,3.1,True,False,,Senior Engineer,Internal,Product Core Team,Confluence,https://wiki.org/docs/DOC-0220,en
DOC-0221,Project Documentation: Networking Guidelines for Enterprise Gateway,Project Documentation,networking,Technical assessment and standard guidelines regarding networking implementation for Enterprise Gateway system User Portal.,No summary provided.,Product,Enterprise Gateway,User Portal,Networking,emp_878,Unverified,2021-11-05,2021-11-18,Superseded,Rejected,3.1,False,True,,Unverified,Public,Product Core Team,Git Markdown,https://wiki.org/docs/DOC-0221,en
DOC-0222,Deprecated Document: Backend Architecture Guidelines for Project Delta,Deprecated Document,backend architecture,Technical assessment and standard guidelines regarding backend architecture implementation for Project Delta system Search Engine.,Comprehensive architecture guidelines covering backend architecture within Project Delta.,Product,Project Delta,Search Engine,Backend Architecture,emp_310,Chief Architect,2026-07-07,2026-07-14,Draft,Rejected,1.0,True,False,,Chief Architect,Restricted,Product Core Team,Confluence,https://wiki.org/docs/DOC-0222,en
DOC-0223,Technical Design Document: Ci/Cd Guidelines for Project Delta,Technical Design Document,CI/CD,Technical assessment and standard guidelines regarding CI/CD implementation for Project Delta system Event Bus.,Comprehensive architecture guidelines covering CI/CD within Project Delta.,DevOps,Project Delta,Event Bus,Ci/Cd,emp_865,Project Notes,2024-04-04,2024-07-10,Draft,Under Review,2.0,True,False,,Project Notes,Public,DevOps Core Team,Git Markdown,https://wiki.org/docs/DOC-0223,en
DOC-0224,Security Recommendation: Containers Guidelines for Project Gamma,Security Recommendation,containers,Technical assessment and standard guidelines regarding containers implementation for Project Gamma system Event Bus.,Comprehensive architecture guidelines covering containers within Project Gamma.,Architecture,Project Gamma,Event Bus,Containers,emp_817,Engineer,2022-10-14,2025-04-28,Draft,Draft,1.0,True,False,,Engineer,Public,Architecture Core Team,Confluence,https://wiki.org/docs/DOC-0224,en
DOC-0225,Project Documentation: Caching Guidelines for Project Gamma,Project Documentation,caching,Technical assessment and standard guidelines regarding caching implementation for Project Gamma system Payment Gateway.,Comprehensive architecture guidelines covering caching within Project Gamma.,Security,Project Gamma,Payment Gateway,Caching,emp_466,Unverified,2023-07-15,2025-04-06,Draft,Rejected,1.0,True,False,,Unverified,Internal,Security Core Team,Git Markdown,https://wiki.org/docs/DOC-0225,en
DOC-0226,Project Documentation: Event Streaming Guidelines for Project Alpha,Project Documentation,event streaming,Technical assessment and standard guidelines regarding event streaming implementation for Project Alpha system Event Bus.,Comprehensive architecture guidelines covering event streaming within Project Alpha.,Platform,Project Alpha,Event Bus,Event Streaming,emp_193,Senior Architect,2026-06-07,2026-06-29,Draft,Rejected,3.1,True,False,,Senior Architect,Restricted,Platform Core Team,Confluence,https://wiki.org/docs/DOC-0226,en
DOC-0227,Technical Design Document: Security Guidelines for Enterprise Gateway,Technical Design Document,security,Technical assessment and standard guidelines regarding security implementation for Enterprise Gateway system User Portal.,Comprehensive architecture guidelines covering security within Enterprise Gateway.,Security,Enterprise Gateway,User Portal,Security,emp_573,Chief Architect,2025-07-05,2025-09-14,Superseded,Approved,1.0,False,True,,Chief Architect,Internal,Security Core Team,Git Markdown,https://wiki.org/docs/DOC-0227,en
DOC-0228,Technical Design Document: Frontend Architecture Guidelines for Core Infrastructure,Technical Design Document,frontend architecture,Technical assessment and standard guidelines regarding frontend architecture implementation for Core Infrastructure system Search Engine.,Comprehensive architecture guidelines covering frontend architecture within Core Infrastructure.,Engineering,Core Infrastructure,Search Engine,Frontend Architecture,emp_122,Chief Architect,2022-02-09,2025-09-23,Draft,Rejected,1.1,True,False,,Chief Architect,Public,Engineering Core Team,Confluence,https://wiki.org/docs/DOC-0228,en
DOC-0229,Standard: Messaging Guidelines for Project Omega,Standard,messaging,Technical assessment and standard guidelines regarding messaging implementation for Project Omega system Metrics Engine.,Comprehensive architecture guidelines covering messaging within Project Omega.,Security,Project Omega,Metrics Engine,Messaging,emp_130,Project Notes,2024-10-31,2026-01-10,Draft,Under Review,1.1,True,False,,Project Notes,Restricted,Security Core Team,Git Markdown,https://wiki.org/docs/DOC-0229,en
DOC-0230,Standard: Event Streaming Guidelines for Project Omega,Standard,event streaming,Technical assessment and standard guidelines regarding event streaming implementation for Project Omega system User Portal.,Comprehensive architecture guidelines covering event streaming within Project Omega.,Data Engineering,Project Omega,User Portal,Event Streaming,emp_610,Principal Engineer,2025-12-13,2026-05-02,Superseded,Rejected,2.1,False,True,,Principal Engineer,Internal,Data Engineering Core Team,Confluence,https://wiki.org/docs/DOC-0230,en
DOC-0231,Security Recommendation: Ci/Cd Guidelines for Project Beta,Security Recommendation,CI/CD,Technical assessment and standard guidelines regarding CI/CD implementation for Project Beta system Auth Service.,No summary provided.,DevOps,Project Beta,Auth Service,Ci/Cd,emp_900,Engineer,2023-09-10,2026-05-29,Draft,Draft,3.1,True,False,,Engineer,Confidential,DevOps Core Team,Git Markdown,https://wiki.org/docs/DOC-0231,en
DOC-0232,Policy: Event Streaming Guidelines for Project Beta,Policy,event streaming,Technical assessment and standard guidelines regarding event streaming implementation for Project Beta system Search Engine.,Comprehensive architecture guidelines covering event streaming within Project Beta.,Engineering,Project Beta,Search Engine,Event Streaming,emp_928,Architecture Board,2023-12-21,2024-12-21,Draft,Under Review,1.0,True,False,,Architecture Board,Internal,Engineering Core Team,Confluence,https://wiki.org/docs/DOC-0232,en
DOC-0233,Engineering Note: Apis Guidelines for Enterprise Gateway,Engineering Note,APIs,Technical assessment and standard guidelines regarding APIs implementation for Enterprise Gateway system Metrics Engine.,Comprehensive architecture guidelines covering APIs within Enterprise Gateway.,Platform,Enterprise Gateway,Metrics Engine,Apis,emp_959,Senior Engineer,2021-12-27,2023-04-25,Draft,Draft,3.1,True,False,,Senior Engineer,Public,Platform Core Team,Git Markdown,https://wiki.org/docs/DOC-0233,en
DOC-0234,Meeting Decision: Infrastructure Guidelines for Project Omega,Meeting Decision,infrastructure,Technical assessment and standard guidelines regarding infrastructure implementation for Project Omega system User Portal.,Comprehensive architecture guidelines covering infrastructure within Project Omega.,Platform,Project Omega,User Portal,Infrastructure,emp_655,Project Notes,2021-12-26,2024-09-25,Superseded,Approved,1.2,False,True,,Project Notes,Internal,Platform Core Team,Confluence,https://wiki.org/docs/DOC-0234,en
DOC-0235,Engineering Note: Monitoring Guidelines for Project Omega,Engineering Note,monitoring,Technical assessment and standard guidelines regarding monitoring implementation for Project Omega system Data Pipeline.,Comprehensive architecture guidelines covering monitoring within Project Omega.,Platform,Project Omega,Data Pipeline,Monitoring,emp_834,Senior Engineer,2026-02-25,2026-05-18,Superseded,Approved,3.2,False,True,,Senior Engineer,Internal,Platform Core Team,Git Markdown,https://wiki.org/docs/DOC-0235,en
DOC-0236,Meeting Decision: Observability Guidelines for Project Alpha,Meeting Decision,observability,Technical assessment and standard guidelines regarding observability implementation for Project Alpha system Metrics Engine.,Comprehensive architecture guidelines covering observability within Project Alpha.,Architecture,Project Alpha,Metrics Engine,Observability,emp_444,Chief Architect,2022-10-23,2023-07-29,Draft,Under Review,2.2,True,False,,Chief Architect,Confidential,Architecture Core Team,Confluence,https://wiki.org/docs/DOC-0236,en
DOC-0237,Draft Document: Deployment Guidelines for Core Infrastructure,Draft Document,deployment,Technical assessment and standard guidelines regarding deployment implementation for Core Infrastructure system Event Bus.,No summary provided.,Data Engineering,Core Infrastructure,Event Bus,Deployment,emp_781,Architecture Team,2025-07-27,2025-10-24,Draft,Rejected,3.1,True,False,,Architecture Team,Internal,Data Engineering Core Team,Git Markdown,https://wiki.org/docs/DOC-0237,en
DOC-0238,Security Recommendation: Infrastructure Guidelines for Project Delta,Security Recommendation,infrastructure,Technical assessment and standard guidelines regarding infrastructure implementation for Project Delta system Auth Service.,Comprehensive architecture guidelines covering infrastructure within Project Delta.,Product,Project Delta,Auth Service,Infrastructure,emp_716,Senior Architect,2026-03-02,2026-04-27,Active,Approved,1.1,True,False,,Senior Architect,Public,Product Core Team,Confluence,https://wiki.org/docs/DOC-0238,en
DOC-0239,Meeting Decision: Messaging Guidelines for Core Infrastructure,Meeting Decision,messaging,Technical assessment and standard guidelines regarding messaging implementation for Core Infrastructure system Event Bus.,Comprehensive architecture guidelines covering messaging within Core Infrastructure.,Engineering,Core Infrastructure,Event Bus,Messaging,emp_111,Project Notes,2022-03-06,2023-07-30,Active,Approved,1.2,True,False,,Project Notes,Public,Engineering Core Team,Git Markdown,https://wiki.org/docs/DOC-0239,en
DOC-0240,Deprecated Document: Data Storage Guidelines for Project Beta,Deprecated Document,data storage,Technical assessment and standard guidelines regarding data storage implementation for Project Beta system Inventory System.,Comprehensive architecture guidelines covering data storage within Project Beta.,Security,Project Beta,Inventory System,Data Storage,emp_459,Engineer,2023-02-08,2023-09-03,Draft,Rejected,3.2,True,False,,Engineer,Internal,Security Core Team,Confluence,https://wiki.org/docs/DOC-0240,en
DOC-0241,Technical Design Document: Apis Guidelines for Project Gamma,Technical Design Document,APIs,Technical assessment and standard guidelines regarding APIs implementation for Project Gamma system Event Bus.,Comprehensive architecture guidelines covering APIs within Project Gamma.,Engineering,Project Gamma,Event Bus,Apis,emp_207,Principal Engineer,2022-12-02,2023-11-15,Draft,Rejected,1.2,True,False,,Principal Engineer,Public,Engineering Core Team,Git Markdown,https://wiki.org/docs/DOC-0241,en
DOC-0242,Standard: Networking Guidelines for Core Infrastructure,Standard,networking,Technical assessment and standard guidelines regarding networking implementation for Core Infrastructure system Metrics Engine.,Comprehensive architecture guidelines covering networking within Core Infrastructure.,Engineering,Core Infrastructure,Metrics Engine,Networking,emp_721,Senior Architect,2021-11-18,2022-03-07,Active,Approved,1.1,True,False,,Senior Architect,Restricted,Engineering Core Team,Confluence,https://wiki.org/docs/DOC-0242,en
DOC-0243,Security Recommendation: Authorization Guidelines for Project Alpha,Security Recommendation,authorization,Technical assessment and standard guidelines regarding authorization implementation for Project Alpha system Inventory System.,No summary provided.,Security,Project Alpha,Inventory System,Authorization,emp_155,Senior Architect,2021-01-08,2023-06-02,Active,Approved,3.2,True,False,,Senior Architect,Confidential,Security Core Team,Git Markdown,https://wiki.org/docs/DOC-0243,en
DOC-0244,Technical Design Document: Messaging Guidelines for Core Infrastructure,Technical Design Document,messaging,Technical assessment and standard guidelines regarding messaging implementation for Core Infrastructure system Payment Gateway.,Comprehensive architecture guidelines covering messaging within Core Infrastructure.,Architecture,Core Infrastructure,Payment Gateway,Messaging,emp_964,Project Notes,2022-09-24,2024-12-16,Draft,Rejected,3.1,True,False,,Project Notes,Public,Architecture Core Team,Confluence,https://wiki.org/docs/DOC-0244,en
DOC-0245,Meeting Decision: Observability Guidelines for Project Delta,Meeting Decision,observability,Technical assessment and standard guidelines regarding observability implementation for Project Delta system Data Pipeline.,Comprehensive architecture guidelines covering observability within Project Delta.,Architecture,Project Delta,Data Pipeline,Observability,emp_145,Project Notes,2023-06-20,2026-01-27,Draft,Draft,2.2,True,False,,Project Notes,Public,Architecture Core Team,Git Markdown,https://wiki.org/docs/DOC-0245,en
DOC-0246,Draft Document: Authorization Guidelines for Project Alpha,Draft Document,authorization,Technical assessment and standard guidelines regarding authorization implementation for Project Alpha system Event Bus.,Comprehensive architecture guidelines covering authorization within Project Alpha.,DevOps,Project Alpha,Event Bus,Authorization,emp_523,Unverified,2022-04-11,2025-05-18,Active,Approved,3.1,True,False,,Unverified,Confidential,DevOps Core Team,Confluence,https://wiki.org/docs/DOC-0246,en
DOC-0247,Deprecated Document: Logging Guidelines for Project Alpha,Deprecated Document,logging,Technical assessment and standard guidelines regarding logging implementation for Project Alpha system Auth Service.,Comprehensive architecture guidelines covering logging within Project Alpha.,Security,Project Alpha,Auth Service,Logging,emp_684,Unverified,2025-06-28,2026-04-16,Draft,Under Review,2.0,True,False,,Unverified,Internal,Security Core Team,Git Markdown,https://wiki.org/docs/DOC-0247,en
DOC-0248,Engineering Note: Cloud Providers Guidelines for Project Alpha,Engineering Note,cloud providers,Technical assessment and standard guidelines regarding cloud providers implementation for Project Alpha system Payment Gateway.,Comprehensive architecture guidelines covering cloud providers within Project Alpha.,Security,Project Alpha,Payment Gateway,Cloud Providers,emp_306,Engineer,2025-09-05,2026-07-06,Draft,Draft,3.0,True,False,,Engineer,Public,Security Core Team,Confluence,https://wiki.org/docs/DOC-0248,en
DOC-0249,Draft Document: Monitoring Guidelines for Enterprise Gateway,Draft Document,monitoring,Technical assessment and standard guidelines regarding monitoring implementation for Enterprise Gateway system Inventory System.,Comprehensive architecture guidelines covering monitoring within Enterprise Gateway.,Architecture,Enterprise Gateway,Inventory System,Monitoring,emp_905,Architecture Board,2024-04-18,2025-10-05,Superseded,Rejected,1.0,False,True,,Architecture Board,Public,Architecture Core Team,Git Markdown,https://wiki.org/docs/DOC-0249,en
DOC-0250,Standard: Authorization Guidelines for Enterprise Gateway,Standard,authorization,Technical assessment and standard guidelines regarding authorization implementation for Enterprise Gateway system Event Bus.,Comprehensive architecture guidelines covering authorization within Enterprise Gateway.,Architecture,Enterprise Gateway,Event Bus,Authorization,emp_370,Engineer,2024-09-03,2026-01-13,Superseded,Rejected,2.1,False,True,,Engineer,Internal,Architecture Core Team,Confluence,https://wiki.org/docs/DOC-0250,en
DOC-0251,Policy: Security Guidelines for Project Alpha,Policy,security,Technical assessment and standard guidelines regarding security implementation for Project Alpha system Event Bus.,Comprehensive architecture guidelines covering security within Project Alpha.,Security,Project Alpha,Event Bus,Security,emp_150,Architecture Team,2026-03-01,2026-05-08,Superseded,Draft,2.1,False,True,,Architecture Team,Restricted,Security Core Team,Git Markdown,https://wiki.org/docs/DOC-0251,en
DOC-0252,Policy: Backend Architecture Guidelines for Project Alpha,Policy,backend architecture,Technical assessment and standard guidelines regarding backend architecture implementation for Project Alpha system User Portal.,Comprehensive architecture guidelines covering backend architecture within Project Alpha.,Product,Project Alpha,User Portal,Backend Architecture,emp_407,Senior Architect,2025-05-05,2026-07-01,Draft,Draft,2.2,True,False,,Senior Architect,Public,Product Core Team,Confluence,https://wiki.org/docs/DOC-0252,en
DOC-0253,Engineering Note: Data Storage Guidelines for Core Infrastructure,Engineering Note,data storage,Technical assessment and standard guidelines regarding data storage implementation for Core Infrastructure system Event Bus.,Comprehensive architecture guidelines covering data storage within Core Infrastructure.,Security,Core Infrastructure,Event Bus,Data Storage,emp_627,Architecture Board,2021-05-15,2023-02-11,Draft,Rejected,3.2,True,False,,Architecture Board,Public,Security Core Team,Git Markdown,https://wiki.org/docs/DOC-0253,en
DOC-0254,Architecture Decision Record: Microservices Guidelines for Enterprise Gateway,Architecture Decision Record,microservices,Technical assessment and standard guidelines regarding microservices implementation for Enterprise Gateway system User Portal.,Comprehensive architecture guidelines covering microservices within Enterprise Gateway.,Engineering,Enterprise Gateway,User Portal,Microservices,emp_567,Architecture Board,2026-02-24,2026-05-27,Draft,Under Review,2.2,True,False,,Architecture Board,Confidential,Engineering Core Team,Confluence,https://wiki.org/docs/DOC-0254,en
DOC-0255,Policy: Databases Guidelines for Project Beta,Policy,databases,"Title: Policy for Project Beta
Department: Architecture

MySQL version 5.7 is recommended for legacy data handling in Project Beta. Note: This is being evaluated for migration.",Comprehensive architecture guidelines covering databases within Project Beta.,Architecture,Project Beta,Inventory System,MySQL,emp_281,Project Notes,2024-04-16,2025-11-01,Draft,Draft,2.2,True,False,,Project Notes,Public,Architecture Core Team,Git Markdown,https://wiki.org/docs/DOC-0255,en
DOC-0256,Project Documentation: Messaging Guidelines for Enterprise Gateway,Project Documentation,messaging,Technical assessment and standard guidelines regarding messaging implementation for Enterprise Gateway system User Portal.,Comprehensive architecture guidelines covering messaging within Enterprise Gateway.,Data Engineering,Enterprise Gateway,User Portal,Messaging,emp_762,Architecture Team,2024-10-19,2025-05-18,Draft,Draft,3.0,True,False,,Architecture Team,Public,Data Engineering Core Team,Confluence,https://wiki.org/docs/DOC-0256,en
DOC-0257,Draft Document: Messaging Guidelines for Project Omega,Draft Document,messaging,Technical assessment and standard guidelines regarding messaging implementation for Project Omega system Auth Service.,Comprehensive architecture guidelines covering messaging within Project Omega.,Product,Project Omega,Auth Service,Messaging,emp_358,Architecture Team,2025-07-07,2025-12-10,Draft,Draft,2.1,True,False,,Architecture Team,Confidential,Product Core Team,Git Markdown,https://wiki.org/docs/DOC-0257,en
DOC-0258,Deprecated Document: Backend Architecture Guidelines for Project Omega,Deprecated Document,backend architecture,Technical assessment and standard guidelines regarding backend architecture implementation for Project Omega system Metrics Engine.,Comprehensive architecture guidelines covering backend architecture within Project Omega.,Product,Project Omega,Metrics Engine,Backend Architecture,emp_107,Chief Architect,2024-09-18,2025-10-06,Draft,Draft,1.1,True,False,,Chief Architect,Public,Product Core Team,Confluence,https://wiki.org/docs/DOC-0258,en
DOC-0259,Engineering Note: Monitoring Guidelines for Enterprise Gateway,Engineering Note,monitoring,Technical assessment and standard guidelines regarding monitoring implementation for Enterprise Gateway system Search Engine.,Comprehensive architecture guidelines covering monitoring within Enterprise Gateway.,Architecture,Enterprise Gateway,Search Engine,Monitoring,emp_292,Principal Engineer,2023-11-26,2026-01-17,Draft,Under Review,3.1,True,False,,Principal Engineer,Restricted,Architecture Core Team,Git Markdown,https://wiki.org/docs/DOC-0259,en
DOC-0260,Standard: Frontend Architecture Guidelines for Project Delta,Standard,frontend architecture,Technical assessment and standard guidelines regarding frontend architecture implementation for Project Delta system Search Engine.,Comprehensive architecture guidelines covering frontend architecture within Project Delta.,Architecture,Project Delta,Search Engine,Frontend Architecture,emp_514,Engineer,2025-02-17,2025-03-25,Draft,Under Review,3.0,True,False,,Engineer,Confidential,Architecture Core Team,Confluence,https://wiki.org/docs/DOC-0260,en
DOC-0261,Meeting Decision: Ci/Cd Guidelines for Project Gamma,Meeting Decision,CI/CD,Technical assessment and standard guidelines regarding CI/CD implementation for Project Gamma system Data Pipeline.,Comprehensive architecture guidelines covering CI/CD within Project Gamma.,Product,Project Gamma,Data Pipeline,Ci/Cd,emp_285,Unverified,2021-07-19,2024-03-09,Draft,Under Review,3.2,True,False,,Unverified,Internal,Product Core Team,Git Markdown,https://wiki.org/docs/DOC-0261,en
DOC-0262,Meeting Decision: Frontend Architecture Guidelines for Project Alpha,Meeting Decision,frontend architecture,Technical assessment and standard guidelines regarding frontend architecture implementation for Project Alpha system Event Bus.,Comprehensive architecture guidelines covering frontend architecture within Project Alpha.,Platform,Project Alpha,Event Bus,Frontend Architecture,emp_862,Architecture Team,2023-05-12,2025-03-20,Draft,Draft,2.1,True,False,,Architecture Team,Public,Platform Core Team,Confluence,https://wiki.org/docs/DOC-0262,en
DOC-0263,Deprecated Document: Infrastructure Guidelines for Project Omega,Deprecated Document,infrastructure,Technical assessment and standard guidelines regarding infrastructure implementation for Project Omega system Payment Gateway.,Comprehensive architecture guidelines covering infrastructure within Project Omega.,Data Engineering,Project Omega,Payment Gateway,Infrastructure,emp_299,Project Notes,2021-09-03,2026-07-15,Draft,Rejected,2.0,True,False,,Project Notes,Internal,Data Engineering Core Team,Git Markdown,https://wiki.org/docs/DOC-0263,en
DOC-0264,Engineering Note: Data Storage Guidelines for Project Omega,Engineering Note,data storage,Technical assessment and standard guidelines regarding data storage implementation for Project Omega system Data Pipeline.,Comprehensive architecture guidelines covering data storage within Project Omega.,Security,Project Omega,Data Pipeline,Data Storage,emp_983,Senior Engineer,2025-05-15,2025-06-25,Draft,Rejected,1.1,True,False,,Senior Engineer,Public,Security Core Team,Confluence,https://wiki.org/docs/DOC-0264,en
DOC-0265,Technical Design Document: Messaging Guidelines for Project Omega,Technical Design Document,messaging,Technical assessment and standard guidelines regarding messaging implementation for Project Omega system Data Pipeline.,Comprehensive architecture guidelines covering messaging within Project Omega.,Product,Project Omega,Data Pipeline,Messaging,emp_904,Project Notes,2021-09-23,2025-03-04,Draft,Rejected,2.1,True,False,,Project Notes,Confidential,Product Core Team,Git Markdown,https://wiki.org/docs/DOC-0265,en
DOC-0266,Deprecated Document: Microservices Guidelines for Core Infrastructure,Deprecated Document,microservices,Technical assessment and standard guidelines regarding microservices implementation for Core Infrastructure system Auth Service.,Comprehensive architecture guidelines covering microservices within Core Infrastructure.,Architecture,Core Infrastructure,Auth Service,Microservices,emp_875,Senior Engineer,2022-01-26,2022-03-03,Active,Approved,1.0,True,False,,Senior Engineer,Restricted,Architecture Core Team,Confluence,https://wiki.org/docs/DOC-0266,en
DOC-0267,Architecture Decision Record: Ci/Cd Guidelines for Project Omega,Architecture Decision Record,CI/CD,Technical assessment and standard guidelines regarding CI/CD implementation for Project Omega system Data Pipeline.,Comprehensive architecture guidelines covering CI/CD within Project Omega.,Architecture,Project Omega,Data Pipeline,Ci/Cd,emp_943,Chief Architect,2022-09-03,2024-04-20,Draft,Rejected,3.2,True,False,,Chief Architect,Restricted,Architecture Core Team,Git Markdown,https://wiki.org/docs/DOC-0267,en
DOC-0268,Standard: Cloud Providers Guidelines for Project Gamma,Standard,cloud providers,Technical assessment and standard guidelines regarding cloud providers implementation for Project Gamma system Event Bus.,Comprehensive architecture guidelines covering cloud providers within Project Gamma.,Security,Project Gamma,Event Bus,Cloud Providers,emp_268,Architecture Team,2021-02-09,2022-05-22,Draft,Under Review,1.0,True,False,,Architecture Team,Public,Security Core Team,Confluence,https://wiki.org/docs/DOC-0268,en
DOC-0269,Meeting Decision: Observability Guidelines for Core Infrastructure,Meeting Decision,observability,Technical assessment and standard guidelines regarding observability implementation for Core Infrastructure system Auth Service.,No summary provided.,DevOps,Core Infrastructure,Auth Service,Observability,emp_997,Engineer,2025-04-29,2026-01-27,Active,Approved,1.2,True,False,,Engineer,Public,DevOps Core Team,Git Markdown,https://wiki.org/docs/DOC-0269,en
DOC-0270,Meeting Decision: Authorization Guidelines for Project Delta,Meeting Decision,authorization,Technical assessment and standard guidelines regarding authorization implementation for Project Delta system Metrics Engine.,Comprehensive architecture guidelines covering authorization within Project Delta.,Security,Project Delta,Metrics Engine,Authorization,emp_660,Chief Architect,2023-08-30,2024-07-08,Draft,Under Review,3.0,True,False,,Chief Architect,Restricted,Security Core Team,Confluence,https://wiki.org/docs/DOC-0270,en
DOC-0271,Technical Design Document: Ci/Cd Guidelines for Project Gamma,Technical Design Document,CI/CD,Technical assessment and standard guidelines regarding CI/CD implementation for Project Gamma system Data Pipeline.,Comprehensive architecture guidelines covering CI/CD within Project Gamma.,Data Engineering,Project Gamma,Data Pipeline,Ci/Cd,emp_950,Engineer,2023-11-14,2025-11-19,Active,Approved,1.1,True,False,,Engineer,Internal,Data Engineering Core Team,Git Markdown,https://wiki.org/docs/DOC-0271,en
DOC-0272,Architecture Decision Record: Ci/Cd Guidelines for Project Beta,Architecture Decision Record,CI/CD,Technical assessment and standard guidelines regarding CI/CD implementation for Project Beta system Metrics Engine.,Comprehensive architecture guidelines covering CI/CD within Project Beta.,Architecture,Project Beta,Metrics Engine,Ci/Cd,emp_264,Principal Engineer,2024-01-28,2025-06-19,Draft,Under Review,2.1,True,False,,Principal Engineer,Internal,Architecture Core Team,Confluence,https://wiki.org/docs/DOC-0272,en
DOC-0273,Deprecated Document: Authorization Guidelines for Enterprise Gateway,Deprecated Document,authorization,Technical assessment and standard guidelines regarding authorization implementation for Enterprise Gateway system Inventory System.,Comprehensive architecture guidelines covering authorization within Enterprise Gateway.,Data Engineering,Enterprise Gateway,Inventory System,Authorization,emp_192,Senior Architect,2021-06-03,2025-06-23,Active,Approved,3.0,True,False,,Senior Architect,Confidential,Data Engineering Core Team,Git Markdown,https://wiki.org/docs/DOC-0273,en
DOC-0274,Meeting Decision: Caching Guidelines for Project Alpha,Meeting Decision,caching,Technical assessment and standard guidelines regarding caching implementation for Project Alpha system Data Pipeline.,Comprehensive architecture guidelines covering caching within Project Alpha.,Engineering,Project Alpha,Data Pipeline,Caching,emp_972,Architecture Board,2023-01-08,2024-10-09,Draft,Rejected,1.0,True,False,,Architecture Board,Public,Engineering Core Team,Confluence,https://wiki.org/docs/DOC-0274,en
DOC-0275,Technical Design Document: Messaging Guidelines for Project Gamma,Technical Design Document,messaging,Technical assessment and standard guidelines regarding messaging implementation for Project Gamma system Inventory System.,Comprehensive architecture guidelines covering messaging within Project Gamma.,Architecture,Project Gamma,Inventory System,Messaging,emp_999,Principal Engineer,2023-02-03,2025-01-04,Superseded,Under Review,2.1,False,True,,Principal Engineer,Restricted,Architecture Core Team,Git Markdown,https://wiki.org/docs/DOC-0275,en
DOC-0276,Architecture Decision Record: Networking Guidelines for Enterprise Gateway,Architecture Decision Record,networking,Technical assessment and standard guidelines regarding networking implementation for Enterprise Gateway system Data Pipeline.,Comprehensive architecture guidelines covering networking within Enterprise Gateway.,Security,Enterprise Gateway,Data Pipeline,Networking,emp_235,Chief Architect,2026-07-04,2026-07-31,Superseded,Under Review,3.1,False,True,,Chief Architect,Confidential,Security Core Team,Confluence,https://wiki.org/docs/DOC-0276,en
DOC-0277,Technical Design Document: Observability Guidelines for Project Omega,Technical Design Document,observability,Technical assessment and standard guidelines regarding observability implementation for Project Omega system Data Pipeline.,Comprehensive architecture guidelines covering observability within Project Omega.,Engineering,Project Omega,Data Pipeline,Observability,emp_599,Project Notes,2025-12-23,2026-04-07,Superseded,Rejected,2.2,False,True,,Project Notes,Restricted,Engineering Core Team,Git Markdown,https://wiki.org/docs/DOC-0277,en
DOC-0278,Deprecated Document: Ci/Cd Guidelines for Enterprise Gateway,Deprecated Document,CI/CD,Technical assessment and standard guidelines regarding CI/CD implementation for Enterprise Gateway system User Portal.,Comprehensive architecture guidelines covering CI/CD within Enterprise Gateway.,DevOps,Enterprise Gateway,User Portal,Ci/Cd,emp_631,Senior Engineer,2024-11-10,2025-02-15,Draft,Rejected,1.1,True,False,,Senior Engineer,Restricted,DevOps Core Team,Confluence,https://wiki.org/docs/DOC-0278,en
DOC-0279,Engineering Note: Cloud Providers Guidelines for Enterprise Gateway,Engineering Note,cloud providers,Technical assessment and standard guidelines regarding cloud providers implementation for Enterprise Gateway system Auth Service.,Comprehensive architecture guidelines covering cloud providers within Enterprise Gateway.,Product,Enterprise Gateway,Auth Service,Cloud Providers,emp_758,Architecture Board,2023-11-02,2026-03-20,Draft,Rejected,1.0,True,False,,Architecture Board,Confidential,Product Core Team,Git Markdown,https://wiki.org/docs/DOC-0279,en
DOC-0280,Standard: Kubernetes Guidelines for Project Alpha,Standard,Kubernetes,Technical assessment and standard guidelines regarding Kubernetes implementation for Project Alpha system User Portal.,Comprehensive architecture guidelines covering Kubernetes within Project Alpha.,Data Engineering,Project Alpha,User Portal,Kubernetes,emp_758,Unverified,2023-04-06,2024-07-30,Active,Approved,3.1,True,False,,Unverified,Public,Data Engineering Core Team,Confluence,https://wiki.org/docs/DOC-0280,en
DOC-0281,Standard: Authorization Guidelines for Project Delta,Standard,authorization,Technical assessment and standard guidelines regarding authorization implementation for Project Delta system Auth Service.,Comprehensive architecture guidelines covering authorization within Project Delta.,DevOps,Project Delta,Auth Service,Authorization,emp_513,Chief Architect,2021-03-15,2024-04-29,Active,Approved,3.2,True,False,,Chief Architect,Restricted,DevOps Core Team,Git Markdown,https://wiki.org/docs/DOC-0281,en
DOC-0282,Architecture Decision Record: Frontend Architecture Guidelines for Core Infrastructure,Architecture Decision Record,frontend architecture,Technical assessment and standard guidelines regarding frontend architecture implementation for Core Infrastructure system Event Bus.,Comprehensive architecture guidelines covering frontend architecture within Core Infrastructure.,Security,Core Infrastructure,Event Bus,Frontend Architecture,emp_945,Senior Engineer,2025-07-31,2025-11-22,Draft,Rejected,3.2,True,False,,Senior Engineer,Confidential,Security Core Team,Confluence,https://wiki.org/docs/DOC-0282,en
DOC-0283,Security Recommendation: Caching Guidelines for Project Alpha,Security Recommendation,caching,Technical assessment and standard guidelines regarding caching implementation for Project Alpha system User Portal.,Comprehensive architecture guidelines covering caching within Project Alpha.,Engineering,Project Alpha,User Portal,Caching,emp_449,Architecture Board,2025-08-27,2026-07-17,Draft,Draft,2.2,True,False,,Architecture Board,Public,Engineering Core Team,Git Markdown,https://wiki.org/docs/DOC-0283,en
DOC-0284,Draft Document: Cloud Providers Guidelines for Enterprise Gateway,Draft Document,cloud providers,Technical assessment and standard guidelines regarding cloud providers implementation for Enterprise Gateway system Metrics Engine.,Comprehensive architecture guidelines covering cloud providers within Enterprise Gateway.,DevOps,Enterprise Gateway,Metrics Engine,Cloud Providers,emp_360,Chief Architect,2022-02-06,2023-02-25,Active,Approved,2.0,True,False,,Chief Architect,Confidential,DevOps Core Team,Confluence,https://wiki.org/docs/DOC-0284,en
DOC-0285,Draft Document: Monitoring Guidelines for Project Alpha,Draft Document,monitoring,Technical assessment and standard guidelines regarding monitoring implementation for Project Alpha system Metrics Engine.,No summary provided.,Product,Project Alpha,Metrics Engine,Monitoring,emp_748,Architecture Board,2021-09-10,2026-01-08,Draft,Rejected,3.2,True,False,,Architecture Board,Internal,Product Core Team,Git Markdown,https://wiki.org/docs/DOC-0285,en
DOC-0286,Engineering Note: Apis Guidelines for Project Omega,Engineering Note,APIs,Technical assessment and standard guidelines regarding APIs implementation for Project Omega system Inventory System.,Comprehensive architecture guidelines covering APIs within Project Omega.,Security,Project Omega,Inventory System,Apis,emp_899,Unverified,2024-11-17,2026-07-02,Draft,Under Review,1.0,True,False,,Unverified,Confidential,Security Core Team,Confluence,https://wiki.org/docs/DOC-0286,en
DOC-0287,Standard: Monitoring Guidelines for Project Omega,Standard,monitoring,Technical assessment and standard guidelines regarding monitoring implementation for Project Omega system Metrics Engine.,Comprehensive architecture guidelines covering monitoring within Project Omega.,Security,Project Omega,Metrics Engine,Monitoring,emp_380,Architecture Team,2026-05-28,2026-07-10,Draft,Draft,1.0,True,False,,Architecture Team,Confidential,Security Core Team,Git Markdown,https://wiki.org/docs/DOC-0287,en
DOC-0288,Project Documentation: Ci/Cd Guidelines for Project Gamma,Project Documentation,CI/CD,Technical assessment and standard guidelines regarding CI/CD implementation for Project Gamma system Event Bus.,Comprehensive architecture guidelines covering CI/CD within Project Gamma.,Product,Project Gamma,Event Bus,Ci/Cd,emp_747,Unverified,2022-02-16,2023-04-21,Draft,Draft,3.0,True,False,,Unverified,Internal,Product Core Team,Confluence,https://wiki.org/docs/DOC-0288,en
DOC-0289,Draft Document: Monitoring Guidelines for Core Infrastructure,Draft Document,monitoring,Technical assessment and standard guidelines regarding monitoring implementation for Core Infrastructure system Event Bus.,Comprehensive architecture guidelines covering monitoring within Core Infrastructure.,Engineering,Core Infrastructure,Event Bus,Monitoring,emp_591,Unverified,2024-03-14,2026-01-26,Draft,Rejected,3.1,True,False,,Unverified,Confidential,Engineering Core Team,Git Markdown,https://wiki.org/docs/DOC-0289,en
DOC-0290,Meeting Decision: Databases Guidelines for Project Delta,Meeting Decision,databases,"Title: Meeting Decision for Project Delta
Department: Platform

MongoDB 6.0 is selected for non-relational document storage in Project Delta due to flexible schema requirements.",Comprehensive architecture guidelines covering databases within Project Delta.,Platform,Project Delta,Auth Service,MongoDB,emp_304,Architecture Board,2025-03-17,2026-04-23,Draft,Draft,1.0,True,False,,Architecture Board,Restricted,Platform Core Team,Confluence,https://wiki.org/docs/DOC-0290,en
DOC-0291,Project Documentation: Observability Guidelines for Enterprise Gateway,Project Documentation,observability,Technical assessment and standard guidelines regarding observability implementation for Enterprise Gateway system Payment Gateway.,Comprehensive architecture guidelines covering observability within Enterprise Gateway.,Security,Enterprise Gateway,Payment Gateway,Observability,emp_985,Unverified,2025-03-01,2026-04-03,Draft,Under Review,3.1,True,False,,Unverified,Public,Security Core Team,Git Markdown,https://wiki.org/docs/DOC-0291,en
DOC-0292,Meeting Decision: Backend Architecture Guidelines for Project Gamma,Meeting Decision,backend architecture,Technical assessment and standard guidelines regarding backend architecture implementation for Project Gamma system Auth Service.,Comprehensive architecture guidelines covering backend architecture within Project Gamma.,Data Engineering,Project Gamma,Auth Service,Backend Architecture,emp_861,Architecture Board,2022-02-20,2025-08-13,Draft,Rejected,3.2,True,False,,Architecture Board,Restricted,Data Engineering Core Team,Confluence,https://wiki.org/docs/DOC-0292,en
DOC-0293,Engineering Note: Event Streaming Guidelines for Project Beta,Engineering Note,event streaming,Technical assessment and standard guidelines regarding event streaming implementation for Project Beta system User Portal.,Comprehensive architecture guidelines covering event streaming within Project Beta.,Product,Project Beta,User Portal,Event Streaming,emp_559,Principal Engineer,2026-07-08,2026-07-29,Active,Approved,1.2,True,False,,Principal Engineer,Public,Product Core Team,Git Markdown,https://wiki.org/docs/DOC-0293,en
DOC-0294,Security Recommendation: Deployment Guidelines for Project Gamma,Security Recommendation,deployment,Technical assessment and standard guidelines regarding deployment implementation for Project Gamma system Data Pipeline.,Comprehensive architecture guidelines covering deployment within Project Gamma.,Platform,Project Gamma,Data Pipeline,Deployment,emp_105,Principal Engineer,2023-08-14,2024-06-26,Active,Approved,2.2,True,False,,Principal Engineer,Public,Platform Core Team,Confluence,https://wiki.org/docs/DOC-0294,en
DOC-0295,Security Recommendation: Backend Architecture Guidelines for Project Gamma,Security Recommendation,backend architecture,Technical assessment and standard guidelines regarding backend architecture implementation for Project Gamma system Event Bus.,Comprehensive architecture guidelines covering backend architecture within Project Gamma.,Security,Project Gamma,Event Bus,Backend Architecture,emp_902,Chief Architect,2023-12-13,2024-07-25,Draft,Under Review,3.0,True,False,,Chief Architect,Confidential,Security Core Team,Git Markdown,https://wiki.org/docs/DOC-0295,en
DOC-0296,Meeting Decision: Observability Guidelines for Project Beta,Meeting Decision,observability,Technical assessment and standard guidelines regarding observability implementation for Project Beta system Event Bus.,Comprehensive architecture guidelines covering observability within Project Beta.,Platform,Project Beta,Event Bus,Observability,emp_469,Senior Engineer,2022-03-24,2026-06-12,Draft,Rejected,3.0,True,False,,Senior Engineer,Public,Platform Core Team,Confluence,https://wiki.org/docs/DOC-0296,en
DOC-0297,Security Recommendation: Frontend Architecture Guidelines for Project Omega,Security Recommendation,frontend architecture,Technical assessment and standard guidelines regarding frontend architecture implementation for Project Omega system User Portal.,Comprehensive architecture guidelines covering frontend architecture within Project Omega.,Data Engineering,Project Omega,User Portal,Frontend Architecture,emp_798,Architecture Board,2023-02-21,2023-10-11,Draft,Rejected,3.1,True,False,,Architecture Board,Public,Data Engineering Core Team,Git Markdown,https://wiki.org/docs/DOC-0297,en
DOC-0298,Meeting Decision: Observability Guidelines for Project Omega,Meeting Decision,observability,Technical assessment and standard guidelines regarding observability implementation for Project Omega system Inventory System.,Comprehensive architecture guidelines covering observability within Project Omega.,Product,Project Omega,Inventory System,Observability,emp_144,Project Notes,2026-01-14,2026-06-29,Draft,Under Review,1.0,True,False,,Project Notes,Internal,Product Core Team,Confluence,https://wiki.org/docs/DOC-0298,en
DOC-0299,Project Documentation: Deployment Guidelines for Project Alpha,Project Documentation,deployment,Technical assessment and standard guidelines regarding deployment implementation for Project Alpha system Payment Gateway.,Comprehensive architecture guidelines covering deployment within Project Alpha.,DevOps,Project Alpha,Payment Gateway,Deployment,emp_786,Architecture Team,2025-11-07,2026-06-12,Active,Approved,3.2,True,False,,Architecture Team,Confidential,DevOps Core Team,Git Markdown,https://wiki.org/docs/DOC-0299,en
DOC-0300,Technical Design Document: Backend Architecture Guidelines for Project Beta,Technical Design Document,backend architecture,Technical assessment and standard guidelines regarding backend architecture implementation for Project Beta system Inventory System.,Comprehensive architecture guidelines covering backend architecture within Project Beta.,Engineering,Project Beta,Inventory System,Backend Architecture,emp_138,Senior Engineer,2021-05-31,2021-09-19,Draft,Under Review,3.0,True,False,,Senior Engineer,Internal,Engineering Core Team,Confluence,https://wiki.org/docs/DOC-0300,en
DOC-0301,Standard: Caching Guidelines for Core Infrastructure,Standard,caching,Technical assessment and standard guidelines regarding caching implementation for Core Infrastructure system Metrics Engine.,Comprehensive architecture guidelines covering caching within Core Infrastructure.,Security,Core Infrastructure,Metrics Engine,Caching,emp_117,Senior Engineer,2024-10-10,2025-02-08,Active,Approved,3.0,True,False,,Senior Engineer,Public,Security Core Team,Git Markdown,https://wiki.org/docs/DOC-0301,en
DOC-0302,Policy: Ci/Cd Guidelines for Project Alpha,Policy,CI/CD,Technical assessment and standard guidelines regarding CI/CD implementation for Project Alpha system Search Engine.,Comprehensive architecture guidelines covering CI/CD within Project Alpha.,Architecture,Project Alpha,Search Engine,Ci/Cd,emp_388,Chief Architect,2023-02-21,2025-05-10,Active,Approved,3.0,True,False,,Chief Architect,Internal,Architecture Core Team,Confluence,https://wiki.org/docs/DOC-0302,en
DOC-0303,Security Recommendation: Deployment Guidelines for Project Gamma,Security Recommendation,deployment,Technical assessment and standard guidelines regarding deployment implementation for Project Gamma system Data Pipeline.,Comprehensive architecture guidelines covering deployment within Project Gamma.,DevOps,Project Gamma,Data Pipeline,Deployment,emp_793,Principal Engineer,2026-05-15,2026-05-16,Draft,Under Review,1.2,True,False,,Principal Engineer,Confidential,DevOps Core Team,Git Markdown,https://wiki.org/docs/DOC-0303,en
DOC-0304,Deprecated Document: Logging Guidelines for Project Beta,Deprecated Document,logging,Technical assessment and standard guidelines regarding logging implementation for Project Beta system Event Bus.,Comprehensive architecture guidelines covering logging within Project Beta.,DevOps,Project Beta,Event Bus,Logging,emp_522,Architecture Team,2021-10-19,2022-09-13,Draft,Under Review,2.0,True,False,,Architecture Team,Public,DevOps Core Team,Confluence,https://wiki.org/docs/DOC-0304,en
DOC-0305,Meeting Decision: Apis Guidelines for Enterprise Gateway,Meeting Decision,APIs,Technical assessment and standard guidelines regarding APIs implementation for Enterprise Gateway system Inventory System.,Comprehensive architecture guidelines covering APIs within Enterprise Gateway.,Product,Enterprise Gateway,Inventory System,Apis,emp_174,Unverified,2024-10-07,2024-12-14,Superseded,Draft,3.2,False,True,,Unverified,Confidential,Product Core Team,Git Markdown,https://wiki.org/docs/DOC-0305,en
DOC-0306,Technical Design Document: Backend Architecture Guidelines for Core Infrastructure,Technical Design Document,backend architecture,Technical assessment and standard guidelines regarding backend architecture implementation for Core Infrastructure system Payment Gateway.,Comprehensive architecture guidelines covering backend architecture within Core Infrastructure.,Platform,Core Infrastructure,Payment Gateway,Backend Architecture,emp_734,Principal Engineer,2026-01-18,2026-03-08,Draft,Draft,2.2,True,False,,Principal Engineer,Restricted,Platform Core Team,Confluence,https://wiki.org/docs/DOC-0306,en
DOC-0307,Architecture Decision Record: Infrastructure Guidelines for Project Gamma,Architecture Decision Record,infrastructure,Technical assessment and standard guidelines regarding infrastructure implementation for Project Gamma system Event Bus.,Comprehensive architecture guidelines covering infrastructure within Project Gamma.,Product,Project Gamma,Event Bus,Infrastructure,emp_272,Engineer,2022-10-04,2024-02-20,Draft,Under Review,3.1,True,False,,Engineer,Restricted,Product Core Team,Git Markdown,https://wiki.org/docs/DOC-0307,en
DOC-0308,Meeting Decision: Monitoring Guidelines for Project Delta,Meeting Decision,monitoring,Technical assessment and standard guidelines regarding monitoring implementation for Project Delta system Inventory System.,Comprehensive architecture guidelines covering monitoring within Project Delta.,Security,Project Delta,Inventory System,Monitoring,emp_893,Senior Engineer,2023-09-25,2024-05-04,Draft,Under Review,1.1,True,False,,Senior Engineer,Internal,Security Core Team,Confluence,https://wiki.org/docs/DOC-0308,en
DOC-0309,Deprecated Document: Frontend Architecture Guidelines for Project Alpha,Deprecated Document,frontend architecture,Technical assessment and standard guidelines regarding frontend architecture implementation for Project Alpha system Payment Gateway.,Comprehensive architecture guidelines covering frontend architecture within Project Alpha.,DevOps,Project Alpha,Payment Gateway,Frontend Architecture,emp_969,Architecture Board,2024-07-17,2024-08-17,Draft,Rejected,1.0,True,False,,Architecture Board,Restricted,DevOps Core Team,Git Markdown,https://wiki.org/docs/DOC-0309,en
DOC-0310,Project Documentation: Networking Guidelines for Core Infrastructure,Project Documentation,networking,Technical assessment and standard guidelines regarding networking implementation for Core Infrastructure system Data Pipeline.,Comprehensive architecture guidelines covering networking within Core Infrastructure.,Product,Core Infrastructure,Data Pipeline,Networking,emp_501,Senior Engineer,2025-12-31,2026-07-16,Draft,Draft,3.2,True,False,,Senior Engineer,Public,Product Core Team,Confluence,https://wiki.org/docs/DOC-0310,en
DOC-0311,Policy: Backend Architecture Guidelines for Project Beta,Policy,backend architecture,Technical assessment and standard guidelines regarding backend architecture implementation for Project Beta system Data Pipeline.,Comprehensive architecture guidelines covering backend architecture within Project Beta.,Product,Project Beta,Data Pipeline,Backend Architecture,emp_243,Unverified,2021-11-23,2022-11-24,Draft,Under Review,2.1,True,False,,Unverified,Public,Product Core Team,Git Markdown,https://wiki.org/docs/DOC-0311,en
DOC-0312,Project Documentation: Authentication Guidelines for Project Gamma,Project Documentation,authentication,"Title: Project Documentation for Project Gamma
Department: Architecture

Basic Auth with custom API keys is permitted for internal legacy services in Project Gamma.",Comprehensive architecture guidelines covering authentication within Project Gamma.,Architecture,Project Gamma,User Portal,Basic Auth,emp_784,Architecture Board,2023-11-27,2026-06-13,Draft,Rejected,2.0,True,False,,Architecture Board,Public,Architecture Core Team,Confluence,https://wiki.org/docs/DOC-0312,en
DOC-0313,Deprecated Document: Ci/Cd Guidelines for Core Infrastructure,Deprecated Document,CI/CD,Technical assessment and standard guidelines regarding CI/CD implementation for Core Infrastructure system Search Engine.,Comprehensive architecture guidelines covering CI/CD within Core Infrastructure.,Product,Core Infrastructure,Search Engine,Ci/Cd,emp_692,Principal Engineer,2024-03-13,2024-09-07,Draft,Rejected,2.2,True,False,,Principal Engineer,Public,Product Core Team,Git Markdown,https://wiki.org/docs/DOC-0313,en
DOC-0314,Policy: Containers Guidelines for Project Omega,Policy,containers,Technical assessment and standard guidelines regarding containers implementation for Project Omega system Event Bus.,Comprehensive architecture guidelines covering containers within Project Omega.,Security,Project Omega,Event Bus,Containers,emp_598,Senior Engineer,2025-12-22,2026-05-25,Active,Approved,1.1,True,False,,Senior Engineer,Internal,Security Core Team,Confluence,https://wiki.org/docs/DOC-0314,en
DOC-0315,Draft Document: Kubernetes Guidelines for Project Beta,Draft Document,Kubernetes,Technical assessment and standard guidelines regarding Kubernetes implementation for Project Beta system Data Pipeline.,Comprehensive architecture guidelines covering Kubernetes within Project Beta.,Platform,Project Beta,Data Pipeline,Kubernetes,emp_470,Senior Architect,2025-01-09,2025-05-10,Draft,Under Review,2.2,True,False,,Senior Architect,Public,Platform Core Team,Git Markdown,https://wiki.org/docs/DOC-0315,en
DOC-0316,Architecture Decision Record: Microservices Guidelines for Project Omega,Architecture Decision Record,microservices,Technical assessment and standard guidelines regarding microservices implementation for Project Omega system Metrics Engine.,Comprehensive architecture guidelines covering microservices within Project Omega.,Platform,Project Omega,Metrics Engine,Microservices,emp_349,Architecture Board,2021-09-19,2024-12-06,Draft,Under Review,3.0,True,False,,Architecture Board,Internal,Platform Core Team,Confluence,https://wiki.org/docs/DOC-0316,en
DOC-0317,Project Documentation: Messaging Guidelines for Project Omega,Project Documentation,messaging,Technical assessment and standard guidelines regarding messaging implementation for Project Omega system Auth Service.,Comprehensive architecture guidelines covering messaging within Project Omega.,Security,Project Omega,Auth Service,Messaging,emp_187,Principal Engineer,2023-07-09,2026-02-28,Draft,Rejected,2.2,True,False,,Principal Engineer,Internal,Security Core Team,Git Markdown,https://wiki.org/docs/DOC-0317,en
DOC-0318,Security Recommendation: Messaging Guidelines for Project Omega,Security Recommendation,messaging,Technical assessment and standard guidelines regarding messaging implementation for Project Omega system Search Engine.,Comprehensive architecture guidelines covering messaging within Project Omega.,DevOps,Project Omega,Search Engine,Messaging,emp_841,Senior Architect,2026-03-04,2026-06-28,Active,Approved,2.0,True,False,,Senior Architect,Public,DevOps Core Team,Confluence,https://wiki.org/docs/DOC-0318,en
DOC-0319,Policy: Ci/Cd Guidelines for Core Infrastructure,Policy,CI/CD,Technical assessment and standard guidelines regarding CI/CD implementation for Core Infrastructure system Data Pipeline.,Comprehensive architecture guidelines covering CI/CD within Core Infrastructure.,Security,Core Infrastructure,Data Pipeline,Ci/Cd,emp_281,Chief Architect,2026-01-21,2026-06-27,Active,Approved,3.2,True,False,,Chief Architect,Public,Security Core Team,Git Markdown,https://wiki.org/docs/DOC-0319,en
DOC-0320,Standard: Event Streaming Guidelines for Project Omega,Standard,event streaming,Technical assessment and standard guidelines regarding event streaming implementation for Project Omega system Auth Service.,Comprehensive architecture guidelines covering event streaming within Project Omega.,Product,Project Omega,Auth Service,Event Streaming,emp_634,Engineer,2023-01-29,2023-04-27,Draft,Rejected,2.1,True,False,,Engineer,Restricted,Product Core Team,Confluence,https://wiki.org/docs/DOC-0320,en
DOC-0321,Project Documentation: Infrastructure Guidelines for Project Alpha,Project Documentation,infrastructure,Technical assessment and standard guidelines regarding infrastructure implementation for Project Alpha system Data Pipeline.,Comprehensive architecture guidelines covering infrastructure within Project Alpha.,Security,Project Alpha,Data Pipeline,Infrastructure,emp_588,Principal Engineer,2026-02-07,2026-02-28,Draft,Draft,3.1,True,False,,Principal Engineer,Restricted,Security Core Team,Git Markdown,https://wiki.org/docs/DOC-0321,en
DOC-0322,Standard: Databases Guidelines for Project Omega,Standard,databases,"Title: Standard for Project Omega
Department: Data Engineering

MySQL version 5.7 is recommended for legacy data handling in Project Omega. Note: This is being evaluated for migration.",Comprehensive architecture guidelines covering databases within Project Omega.,Data Engineering,Project Omega,Payment Gateway,MySQL,emp_107,Unverified,2024-09-02,2025-03-31,Draft,Rejected,1.1,True,False,,Unverified,Restricted,Data Engineering Core Team,Confluence,https://wiki.org/docs/DOC-0322,en
DOC-0323,Project Documentation: Infrastructure Guidelines for Project Gamma,Project Documentation,infrastructure,Technical assessment and standard guidelines regarding infrastructure implementation for Project Gamma system Search Engine.,Comprehensive architecture guidelines covering infrastructure within Project Gamma.,Data Engineering,Project Gamma,Search Engine,Infrastructure,emp_873,Engineer,2023-04-27,2026-05-31,Draft,Rejected,3.2,True,False,,Engineer,Confidential,Data Engineering Core Team,Git Markdown,https://wiki.org/docs/DOC-0323,en
DOC-0324,Technical Design Document: Observability Guidelines for Enterprise Gateway,Technical Design Document,observability,Technical assessment and standard guidelines regarding observability implementation for Enterprise Gateway system Metrics Engine.,Comprehensive architecture guidelines covering observability within Enterprise Gateway.,DevOps,Enterprise Gateway,Metrics Engine,Observability,emp_975,Senior Architect,2025-03-12,2025-07-07,Draft,Rejected,1.0,True,False,,Senior Architect,Internal,DevOps Core Team,Confluence,https://wiki.org/docs/DOC-0324,en
DOC-0325,Architecture Decision Record: Deployment Guidelines for Project Omega,Architecture Decision Record,deployment,Technical assessment and standard guidelines regarding deployment implementation for Project Omega system Auth Service.,Comprehensive architecture guidelines covering deployment within Project Omega.,DevOps,Project Omega,Auth Service,Deployment,emp_498,Senior Architect,2025-07-06,2025-08-21,Draft,Under Review,3.1,True,False,,Senior Architect,Public,DevOps Core Team,Git Markdown,https://wiki.org/docs/DOC-0325,en
DOC-0326,Deprecated Document: Authentication Guidelines for Project Omega,Deprecated Document,authentication,"Title: Deprecated Document for Project Omega
Department: Engineering

OAuth 2.0 with OpenID Connect (OIDC) via Okta is mandatory for all user authentication in Project Omega.",Comprehensive architecture guidelines covering authentication within Project Omega.,Engineering,Project Omega,Metrics Engine,OAuth2/OIDC,emp_728,Engineer,2022-08-10,2025-12-15,Draft,Under Review,2.0,True,False,,Engineer,Internal,Engineering Core Team,Confluence,https://wiki.org/docs/DOC-0326,en
DOC-0327,Project Documentation: Ci/Cd Guidelines for Project Gamma,Project Documentation,CI/CD,Technical assessment and standard guidelines regarding CI/CD implementation for Project Gamma system Auth Service.,Comprehensive architecture guidelines covering CI/CD within Project Gamma.,Platform,Project Gamma,Auth Service,Ci/Cd,emp_628,Unverified,2024-06-13,2024-12-03,Active,Approved,3.0,True,False,,Unverified,Internal,Platform Core Team,Git Markdown,https://wiki.org/docs/DOC-0327,en
DOC-0328,Project Documentation: Security Guidelines for Project Gamma,Project Documentation,security,Technical assessment and standard guidelines regarding security implementation for Project Gamma system Metrics Engine.,Comprehensive architecture guidelines covering security within Project Gamma.,DevOps,Project Gamma,Metrics Engine,Security,emp_700,Engineer,2023-11-27,2023-12-12,Active,Approved,3.1,True,False,,Engineer,Restricted,DevOps Core Team,Confluence,https://wiki.org/docs/DOC-0328,en
DOC-0329,Architecture Decision Record: Containers Guidelines for Project Omega,Architecture Decision Record,containers,Technical assessment and standard guidelines regarding containers implementation for Project Omega system Inventory System.,Comprehensive architecture guidelines covering containers within Project Omega.,Platform,Project Omega,Inventory System,Containers,emp_688,Engineer,2022-06-19,2023-06-12,Draft,Rejected,3.0,True,False,,Engineer,Restricted,Platform Core Team,Git Markdown,https://wiki.org/docs/DOC-0329,en
DOC-0330,Draft Document: Ci/Cd Guidelines for Project Gamma,Draft Document,CI/CD,Technical assessment and standard guidelines regarding CI/CD implementation for Project Gamma system Search Engine.,Comprehensive architecture guidelines covering CI/CD within Project Gamma.,Data Engineering,Project Gamma,Search Engine,Ci/Cd,emp_486,Project Notes,2023-09-18,2025-01-28,Draft,Draft,2.2,True,False,,Project Notes,Confidential,Data Engineering Core Team,Confluence,https://wiki.org/docs/DOC-0330,en
DOC-0331,Project Documentation: Networking Guidelines for Project Alpha,Project Documentation,networking,Technical assessment and standard guidelines regarding networking implementation for Project Alpha system Payment Gateway.,Comprehensive architecture guidelines covering networking within Project Alpha.,Architecture,Project Alpha,Payment Gateway,Networking,emp_748,Engineer,2024-10-18,2025-06-10,Draft,Draft,2.2,True,False,,Engineer,Public,Architecture Core Team,Git Markdown,https://wiki.org/docs/DOC-0331,en
DOC-0332,Engineering Note: Logging Guidelines for Project Alpha,Engineering Note,logging,Technical assessment and standard guidelines regarding logging implementation for Project Alpha system Event Bus.,Comprehensive architecture guidelines covering logging within Project Alpha.,Security,Project Alpha,Event Bus,Logging,emp_667,Chief Architect,2023-09-03,2025-06-06,Draft,Draft,3.1,True,False,,Chief Architect,Internal,Security Core Team,Confluence,https://wiki.org/docs/DOC-0332,en
DOC-0333,Project Documentation: Microservices Guidelines for Project Delta,Project Documentation,microservices,Technical assessment and standard guidelines regarding microservices implementation for Project Delta system User Portal.,Comprehensive architecture guidelines covering microservices within Project Delta.,DevOps,Project Delta,User Portal,Microservices,emp_853,Architecture Team,2025-11-23,2026-01-29,Draft,Under Review,1.2,True,False,,Architecture Team,Restricted,DevOps Core Team,Git Markdown,https://wiki.org/docs/DOC-0333,en
DOC-0334,Deprecated Document: Authentication Guidelines for Core Infrastructure,Deprecated Document,authentication,"Title: Deprecated Document for Core Infrastructure
Department: DevOps

SAML 2.0 enterprise SSO is required for corporate internal access in Core Infrastructure.",Comprehensive architecture guidelines covering authentication within Core Infrastructure.,DevOps,Core Infrastructure,Inventory System,SAML 2.0,emp_882,Architecture Board,2026-05-16,2026-05-21,Draft,Draft,2.2,True,False,,Architecture Board,Restricted,DevOps Core Team,Confluence,https://wiki.org/docs/DOC-0334,en
DOC-0335,Deprecated Document: Ci/Cd Guidelines for Project Gamma,Deprecated Document,CI/CD,Technical assessment and standard guidelines regarding CI/CD implementation for Project Gamma system User Portal.,Comprehensive architecture guidelines covering CI/CD within Project Gamma.,Security,Project Gamma,User Portal,Ci/Cd,emp_155,Senior Architect,2025-06-25,2026-01-27,Draft,Rejected,1.2,True,False,,Senior Architect,Restricted,Security Core Team,Git Markdown,https://wiki.org/docs/DOC-0335,en
DOC-0336,Architecture Decision Record: Messaging Guidelines for Project Delta,Architecture Decision Record,messaging,Technical assessment and standard guidelines regarding messaging implementation for Project Delta system Inventory System.,Comprehensive architecture guidelines covering messaging within Project Delta.,Engineering,Project Delta,Inventory System,Messaging,emp_805,Senior Engineer,2021-01-25,2024-11-05,Draft,Under Review,1.1,True,False,,Senior Engineer,Restricted,Engineering Core Team,Confluence,https://wiki.org/docs/DOC-0336,en
DOC-0337,Security Recommendation: Deployment Guidelines for Project Gamma,Security Recommendation,deployment,Technical assessment and standard guidelines regarding deployment implementation for Project Gamma system Search Engine.,Comprehensive architecture guidelines covering deployment within Project Gamma.,Platform,Project Gamma,Search Engine,Deployment,emp_727,Project Notes,2023-01-20,2024-01-31,Draft,Rejected,2.2,True,False,,Project Notes,Restricted,Platform Core Team,Git Markdown,https://wiki.org/docs/DOC-0337,en
DOC-0338,Technical Design Document: Caching Guidelines for Project Beta,Technical Design Document,caching,Technical assessment and standard guidelines regarding caching implementation for Project Beta system Data Pipeline.,Comprehensive architecture guidelines covering caching within Project Beta.,Data Engineering,Project Beta,Data Pipeline,Caching,emp_933,Architecture Team,2025-01-16,2025-10-19,Draft,Under Review,2.0,True,False,,Architecture Team,Internal,Data Engineering Core Team,Confluence,https://wiki.org/docs/DOC-0338,en
DOC-0339,Engineering Note: Networking Guidelines for Enterprise Gateway,Engineering Note,networking,Technical assessment and standard guidelines regarding networking implementation for Enterprise Gateway system Data Pipeline.,Comprehensive architecture guidelines covering networking within Enterprise Gateway.,Engineering,Enterprise Gateway,Data Pipeline,Networking,emp_611,Engineer,2026-08-01,2026-08-01,Draft,Rejected,3.2,True,False,,Engineer,Public,Engineering Core Team,Git Markdown,https://wiki.org/docs/DOC-0339,en
DOC-0340,Technical Design Document: Apis Guidelines for Project Beta,Technical Design Document,APIs,Technical assessment and standard guidelines regarding APIs implementation for Project Beta system Search Engine.,Comprehensive architecture guidelines covering APIs within Project Beta.,Product,Project Beta,Search Engine,Apis,emp_959,Project Notes,2023-07-11,2025-05-26,Draft,Draft,3.2,True,False,,Project Notes,Restricted,Product Core Team,Confluence,https://wiki.org/docs/DOC-0340,en
DOC-0341,Meeting Decision: Observability Guidelines for Enterprise Gateway,Meeting Decision,observability,Technical assessment and standard guidelines regarding observability implementation for Enterprise Gateway system User Portal.,Comprehensive architecture guidelines covering observability within Enterprise Gateway.,DevOps,Enterprise Gateway,User Portal,Observability,emp_278,Unverified,2022-12-29,2024-10-24,Draft,Rejected,2.0,True,False,,Unverified,Confidential,DevOps Core Team,Git Markdown,https://wiki.org/docs/DOC-0341,en
DOC-0342,Draft Document: Cloud Providers Guidelines for Enterprise Gateway,Draft Document,cloud providers,Technical assessment and standard guidelines regarding cloud providers implementation for Enterprise Gateway system Event Bus.,Comprehensive architecture guidelines covering cloud providers within Enterprise Gateway.,Platform,Enterprise Gateway,Event Bus,Cloud Providers,emp_746,Engineer,2024-03-16,2025-05-04,Superseded,Approved,2.0,False,True,,Engineer,Restricted,Platform Core Team,Confluence,https://wiki.org/docs/DOC-0342,en
DOC-0343,Security Recommendation: Kubernetes Guidelines for Project Omega,Security Recommendation,Kubernetes,Technical assessment and standard guidelines regarding Kubernetes implementation for Project Omega system Metrics Engine.,Comprehensive architecture guidelines covering Kubernetes within Project Omega.,DevOps,Project Omega,Metrics Engine,Kubernetes,emp_555,Principal Engineer,2025-03-12,2026-01-06,Draft,Rejected,1.0,True,False,,Principal Engineer,Internal,DevOps Core Team,Git Markdown,https://wiki.org/docs/DOC-0343,en
DOC-0344,Technical Design Document: Authentication Guidelines for Project Beta,Technical Design Document,authentication,"Title: Technical Design Document for Project Beta
Department: Platform

SAML 2.0 enterprise SSO is required for corporate internal access in Project Beta.",Comprehensive architecture guidelines covering authentication within Project Beta.,Platform,Project Beta,Metrics Engine,SAML 2.0,emp_197,Chief Architect,2026-04-03,2026-07-24,Superseded,Approved,2.2,False,True,,Chief Architect,Public,Platform Core Team,Confluence,https://wiki.org/docs/DOC-0344,en
DOC-0345,Meeting Decision: Authentication Guidelines for Core Infrastructure,Meeting Decision,authentication,"Title: Meeting Decision for Core Infrastructure
Department: Security

JWT tokens signed with RS256 algorithm are required for microservice-to-microservice auth in Core Infrastructure.",Comprehensive architecture guidelines covering authentication within Core Infrastructure.,Security,Core Infrastructure,Search Engine,JWT RS256,emp_353,Architecture Team,2023-06-27,2024-03-11,Superseded,Under Review,3.1,False,True,,Architecture Team,Restricted,Security Core Team,Git Markdown,https://wiki.org/docs/DOC-0345,en
DOC-0346,Deprecated Document: Deployment Guidelines for Project Gamma,Deprecated Document,deployment,Technical assessment and standard guidelines regarding deployment implementation for Project Gamma system Inventory System.,Comprehensive architecture guidelines covering deployment within Project Gamma.,Data Engineering,Project Gamma,Inventory System,Deployment,emp_814,Senior Architect,2021-12-29,2025-04-22,Draft,Rejected,3.2,True,False,,Senior Architect,Confidential,Data Engineering Core Team,Confluence,https://wiki.org/docs/DOC-0346,en
DOC-0347,Meeting Decision: Logging Guidelines for Project Gamma,Meeting Decision,logging,Technical assessment and standard guidelines regarding logging implementation for Project Gamma system User Portal.,Comprehensive architecture guidelines covering logging within Project Gamma.,Security,Project Gamma,User Portal,Logging,emp_552,Chief Architect,2023-01-20,2025-05-13,Draft,Draft,1.0,True,False,,Chief Architect,Internal,Security Core Team,Git Markdown,https://wiki.org/docs/DOC-0347,en
DOC-0348,Standard: Databases Guidelines for Core Infrastructure,Standard,databases,"Title: Standard for Core Infrastructure
Department: Security

DynamoDB is chosen as the managed key-value store for high throughput in Core Infrastructure.",Comprehensive architecture guidelines covering databases within Core Infrastructure.,Security,Core Infrastructure,Inventory System,DynamoDB,emp_109,Principal Engineer,2025-06-23,2025-11-19,Draft,Under Review,3.1,True,False,,Principal Engineer,Internal,Security Core Team,Confluence,https://wiki.org/docs/DOC-0348,en
DOC-0349,Meeting Decision: Security Guidelines for Project Beta,Meeting Decision,security,Technical assessment and standard guidelines regarding security implementation for Project Beta system Metrics Engine.,Comprehensive architecture guidelines covering security within Project Beta.,Platform,Project Beta,Metrics Engine,Security,emp_325,Engineer,2021-06-12,2023-10-24,Draft,Under Review,3.2,True,False,,Engineer,Restricted,Platform Core Team,Git Markdown,https://wiki.org/docs/DOC-0349,en
DOC-0350,Meeting Decision: Kubernetes Guidelines for Project Delta,Meeting Decision,Kubernetes,Technical assessment and standard guidelines regarding Kubernetes implementation for Project Delta system Payment Gateway.,No summary provided.,Platform,Project Delta,Payment Gateway,Kubernetes,emp_239,Senior Architect,2021-08-15,2025-03-11,Draft,Rejected,2.2,True,False,,Senior Architect,Confidential,Platform Core Team,Confluence,https://wiki.org/docs/DOC-0350,en
DOC-0351,Meeting Decision: Apis Guidelines for Project Omega,Meeting Decision,APIs,Technical assessment and standard guidelines regarding APIs implementation for Project Omega system Data Pipeline.,Comprehensive architecture guidelines covering APIs within Project Omega.,Engineering,Project Omega,Data Pipeline,Apis,emp_388,Chief Architect,2021-09-14,2025-09-17,Draft,Rejected,1.0,True,False,,Chief Architect,Internal,Engineering Core Team,Git Markdown,https://wiki.org/docs/DOC-0351,en
DOC-0352,Architecture Decision Record: Data Storage Guidelines for Project Gamma,Architecture Decision Record,data storage,Technical assessment and standard guidelines regarding data storage implementation for Project Gamma system Inventory System.,Comprehensive architecture guidelines covering data storage within Project Gamma.,Product,Project Gamma,Inventory System,Data Storage,emp_574,Senior Engineer,2022-11-08,2023-04-21,Superseded,Under Review,2.0,False,True,,Senior Engineer,Confidential,Product Core Team,Confluence,https://wiki.org/docs/DOC-0352,en
DOC-0353,Project Documentation: Kubernetes Guidelines for Enterprise Gateway,Project Documentation,Kubernetes,Technical assessment and standard guidelines regarding Kubernetes implementation for Enterprise Gateway system Auth Service.,Comprehensive architecture guidelines covering Kubernetes within Enterprise Gateway.,Security,Enterprise Gateway,Auth Service,Kubernetes,emp_886,Chief Architect,2023-02-28,2025-08-23,Draft,Under Review,1.0,True,False,,Chief Architect,Confidential,Security Core Team,Git Markdown,https://wiki.org/docs/DOC-0353,en
DOC-0354,Engineering Note: Backend Architecture Guidelines for Project Beta,Engineering Note,backend architecture,Technical assessment and standard guidelines regarding backend architecture implementation for Project Beta system Metrics Engine.,Comprehensive architecture guidelines covering backend architecture within Project Beta.,Security,Project Beta,Metrics Engine,Backend Architecture,emp_430,Principal Engineer,2024-07-12,2026-07-27,Active,Approved,3.2,True,False,,Principal Engineer,Public,Security Core Team,Confluence,https://wiki.org/docs/DOC-0354,en
DOC-0355,Standard: Microservices Guidelines for Project Gamma,Standard,microservices,Technical assessment and standard guidelines regarding microservices implementation for Project Gamma system User Portal.,No summary provided.,Engineering,Project Gamma,User Portal,Microservices,emp_341,Chief Architect,2022-10-27,2022-11-26,Draft,Under Review,3.0,True,False,,Chief Architect,Confidential,Engineering Core Team,Git Markdown,https://wiki.org/docs/DOC-0355,en
DOC-0356,Technical Design Document: Apis Guidelines for Project Omega,Technical Design Document,APIs,Technical assessment and standard guidelines regarding APIs implementation for Project Omega system Inventory System.,Comprehensive architecture guidelines covering APIs within Project Omega.,Product,Project Omega,Inventory System,Apis,emp_480,Senior Architect,2022-05-25,2023-04-12,Superseded,Rejected,3.1,False,True,,Senior Architect,Public,Product Core Team,Confluence,https://wiki.org/docs/DOC-0356,en
DOC-0357,Security Recommendation: Deployment Guidelines for Enterprise Gateway,Security Recommendation,deployment,Technical assessment and standard guidelines regarding deployment implementation for Enterprise Gateway system Data Pipeline.,Comprehensive architecture guidelines covering deployment within Enterprise Gateway.,Engineering,Enterprise Gateway,Data Pipeline,Deployment,emp_338,Project Notes,2026-07-04,2026-07-21,Draft,Draft,2.2,True,False,,Project Notes,Internal,Engineering Core Team,Git Markdown,https://wiki.org/docs/DOC-0357,en
DOC-0358,Meeting Decision: Cloud Providers Guidelines for Project Gamma,Meeting Decision,cloud providers,Technical assessment and standard guidelines regarding cloud providers implementation for Project Gamma system Inventory System.,Comprehensive architecture guidelines covering cloud providers within Project Gamma.,Engineering,Project Gamma,Inventory System,Cloud Providers,emp_672,Project Notes,2024-01-17,2025-12-30,Draft,Rejected,1.2,True,False,,Project Notes,Restricted,Engineering Core Team,Confluence,https://wiki.org/docs/DOC-0358,en
DOC-0359,Engineering Note: Event Streaming Guidelines for Enterprise Gateway,Engineering Note,event streaming,Technical assessment and standard guidelines regarding event streaming implementation for Enterprise Gateway system Data Pipeline.,Comprehensive architecture guidelines covering event streaming within Enterprise Gateway.,Data Engineering,Enterprise Gateway,Data Pipeline,Event Streaming,emp_643,Chief Architect,2023-07-10,2025-03-06,Draft,Draft,2.0,True,False,,Chief Architect,Confidential,Data Engineering Core Team,Git Markdown,https://wiki.org/docs/DOC-0359,en
DOC-0360,Technical Design Document: Event Streaming Guidelines for Enterprise Gateway,Technical Design Document,event streaming,Technical assessment and standard guidelines regarding event streaming implementation for Enterprise Gateway system User Portal.,Comprehensive architecture guidelines covering event streaming within Enterprise Gateway.,Architecture,Enterprise Gateway,User Portal,Event Streaming,emp_838,Senior Engineer,2024-09-10,2026-03-15,Draft,Rejected,3.1,True,False,,Senior Engineer,Internal,Architecture Core Team,Confluence,https://wiki.org/docs/DOC-0360,en
DOC-0361,Technical Design Document: Frontend Architecture Guidelines for Project Gamma,Technical Design Document,frontend architecture,Technical assessment and standard guidelines regarding frontend architecture implementation for Project Gamma system Payment Gateway.,Comprehensive architecture guidelines covering frontend architecture within Project Gamma.,Engineering,Project Gamma,Payment Gateway,Frontend Architecture,emp_774,Unverified,2021-03-31,2025-12-05,Draft,Under Review,1.0,True,False,,Unverified,Public,Engineering Core Team,Git Markdown,https://wiki.org/docs/DOC-0361,en
DOC-0362,Draft Document: Infrastructure Guidelines for Core Infrastructure,Draft Document,infrastructure,Technical assessment and standard guidelines regarding infrastructure implementation for Core Infrastructure system Metrics Engine.,Comprehensive architecture guidelines covering infrastructure within Core Infrastructure.,Product,Core Infrastructure,Metrics Engine,Infrastructure,emp_638,Project Notes,2024-12-07,2025-08-26,Active,Approved,3.2,True,False,,Project Notes,Public,Product Core Team,Confluence,https://wiki.org/docs/DOC-0362,en
DOC-0363,Architecture Decision Record: Frontend Architecture Guidelines for Project Delta,Architecture Decision Record,frontend architecture,Technical assessment and standard guidelines regarding frontend architecture implementation for Project Delta system Payment Gateway.,Comprehensive architecture guidelines covering frontend architecture within Project Delta.,Product,Project Delta,Payment Gateway,Frontend Architecture,emp_920,Project Notes,2023-01-10,2026-02-25,Draft,Rejected,3.0,True,False,,Project Notes,Restricted,Product Core Team,Git Markdown,https://wiki.org/docs/DOC-0363,en
DOC-0364,Project Documentation: Logging Guidelines for Project Alpha,Project Documentation,logging,Technical assessment and standard guidelines regarding logging implementation for Project Alpha system Payment Gateway.,Comprehensive architecture guidelines covering logging within Project Alpha.,Platform,Project Alpha,Payment Gateway,Logging,emp_842,Chief Architect,2023-12-25,2025-01-22,Draft,Under Review,3.0,True,False,,Chief Architect,Internal,Platform Core Team,Confluence,https://wiki.org/docs/DOC-0364,en
DOC-0365,Standard: Authorization Guidelines for Enterprise Gateway,Standard,authorization,Technical assessment and standard guidelines regarding authorization implementation for Enterprise Gateway system Event Bus.,Comprehensive architecture guidelines covering authorization within Enterprise Gateway.,DevOps,Enterprise Gateway,Event Bus,Authorization,emp_819,Project Notes,2025-12-14,2026-01-09,Draft,Under Review,3.1,True,False,,Project Notes,Restricted,DevOps Core Team,Git Markdown,https://wiki.org/docs/DOC-0365,en
DOC-0366,Security Recommendation: Event Streaming Guidelines for Project Delta,Security Recommendation,event streaming,Technical assessment and standard guidelines regarding event streaming implementation for Project Delta system Event Bus.,Comprehensive architecture guidelines covering event streaming within Project Delta.,Architecture,Project Delta,Event Bus,Event Streaming,emp_432,Unverified,2023-04-25,2025-09-22,Draft,Draft,3.2,True,False,,Unverified,Internal,Architecture Core Team,Confluence,https://wiki.org/docs/DOC-0366,en
DOC-0367,Architecture Decision Record: Kubernetes Guidelines for Project Gamma,Architecture Decision Record,Kubernetes,Technical assessment and standard guidelines regarding Kubernetes implementation for Project Gamma system Inventory System.,Comprehensive architecture guidelines covering Kubernetes within Project Gamma.,Security,Project Gamma,Inventory System,Kubernetes,emp_100,Engineer,2026-07-07,2026-07-16,Active,Approved,2.0,True,False,,Engineer,Restricted,Security Core Team,Git Markdown,https://wiki.org/docs/DOC-0367,en
DOC-0368,Deprecated Document: Monitoring Guidelines for Project Alpha,Deprecated Document,monitoring,Technical assessment and standard guidelines regarding monitoring implementation for Project Alpha system Search Engine.,Comprehensive architecture guidelines covering monitoring within Project Alpha.,Product,Project Alpha,Search Engine,Monitoring,emp_623,Unverified,2024-03-14,2025-10-20,Superseded,Under Review,2.1,False,True,,Unverified,Internal,Product Core Team,Confluence,https://wiki.org/docs/DOC-0368,en
DOC-0369,Draft Document: Infrastructure Guidelines for Project Beta,Draft Document,infrastructure,Technical assessment and standard guidelines regarding infrastructure implementation for Project Beta system Search Engine.,Comprehensive architecture guidelines covering infrastructure within Project Beta.,Platform,Project Beta,Search Engine,Infrastructure,emp_194,Principal Engineer,2023-03-30,2026-06-07,Draft,Under Review,3.1,True,False,,Principal Engineer,Confidential,Platform Core Team,Git Markdown,https://wiki.org/docs/DOC-0369,en
DOC-0370,Draft Document: Infrastructure Guidelines for Enterprise Gateway,Draft Document,infrastructure,Technical assessment and standard guidelines regarding infrastructure implementation for Enterprise Gateway system Search Engine.,Comprehensive architecture guidelines covering infrastructure within Enterprise Gateway.,Engineering,Enterprise Gateway,Search Engine,Infrastructure,emp_848,Architecture Board,2023-02-21,2023-07-31,Active,Approved,2.1,True,False,,Architecture Board,Confidential,Engineering Core Team,Confluence,https://wiki.org/docs/DOC-0370,en
DOC-0371,Meeting Decision: Containers Guidelines for Core Infrastructure,Meeting Decision,containers,Technical assessment and standard guidelines regarding containers implementation for Core Infrastructure system Auth Service.,Comprehensive architecture guidelines covering containers within Core Infrastructure.,DevOps,Core Infrastructure,Auth Service,Containers,emp_155,Engineer,2023-12-10,2024-01-21,Draft,Draft,1.1,True,False,,Engineer,Internal,DevOps Core Team,Git Markdown,https://wiki.org/docs/DOC-0371,en
DOC-0372,Meeting Decision: Security Guidelines for Project Delta,Meeting Decision,security,Technical assessment and standard guidelines regarding security implementation for Project Delta system Payment Gateway.,Comprehensive architecture guidelines covering security within Project Delta.,Product,Project Delta,Payment Gateway,Security,emp_542,Architecture Team,2025-05-30,2025-12-17,Draft,Under Review,1.1,True,False,,Architecture Team,Public,Product Core Team,Confluence,https://wiki.org/docs/DOC-0372,en
DOC-0373,Deprecated Document: Security Guidelines for Project Omega,Deprecated Document,security,Technical assessment and standard guidelines regarding security implementation for Project Omega system Data Pipeline.,Comprehensive architecture guidelines covering security within Project Omega.,Security,Project Omega,Data Pipeline,Security,emp_592,Senior Architect,2022-02-10,2024-11-05,Draft,Rejected,1.2,True,False,,Senior Architect,Internal,Security Core Team,Git Markdown,https://wiki.org/docs/DOC-0373,en
DOC-0374,Standard: Data Storage Guidelines for Project Gamma,Standard,data storage,Technical assessment and standard guidelines regarding data storage implementation for Project Gamma system Payment Gateway.,Comprehensive architecture guidelines covering data storage within Project Gamma.,DevOps,Project Gamma,Payment Gateway,Data Storage,emp_787,Chief Architect,2023-05-18,2025-06-04,Draft,Draft,2.2,True,False,,Chief Architect,Public,DevOps Core Team,Confluence,https://wiki.org/docs/DOC-0374,en
DOC-0375,Architecture Decision Record: Observability Guidelines for Project Omega,Architecture Decision Record,observability,Technical assessment and standard guidelines regarding observability implementation for Project Omega system Inventory System.,Comprehensive architecture guidelines covering observability within Project Omega.,Product,Project Omega,Inventory System,Observability,emp_551,Senior Architect,2026-03-08,2026-05-06,Draft,Under Review,1.2,True,False,,Senior Architect,Public,Product Core Team,Git Markdown,https://wiki.org/docs/DOC-0375,en
DOC-0376,Technical Design Document: Event Streaming Guidelines for Project Beta,Technical Design Document,event streaming,Technical assessment and standard guidelines regarding event streaming implementation for Project Beta system Search Engine.,Comprehensive architecture guidelines covering event streaming within Project Beta.,Product,Project Beta,Search Engine,Event Streaming,emp_451,Architecture Board,2022-09-17,2025-03-26,Superseded,Rejected,1.2,False,True,,Architecture Board,Internal,Product Core Team,Confluence,https://wiki.org/docs/DOC-0376,en
DOC-0377,Draft Document: Kubernetes Guidelines for Project Omega,Draft Document,Kubernetes,Technical assessment and standard guidelines regarding Kubernetes implementation for Project Omega system Data Pipeline.,Comprehensive architecture guidelines covering Kubernetes within Project Omega.,Security,Project Omega,Data Pipeline,Kubernetes,emp_485,Architecture Board,2026-01-30,2026-07-18,Active,Approved,1.1,True,False,,Architecture Board,Internal,Security Core Team,Git Markdown,https://wiki.org/docs/DOC-0377,en
DOC-0378,Meeting Decision: Apis Guidelines for Project Delta,Meeting Decision,APIs,Technical assessment and standard guidelines regarding APIs implementation for Project Delta system Auth Service.,Comprehensive architecture guidelines covering APIs within Project Delta.,DevOps,Project Delta,Auth Service,Apis,emp_497,Chief Architect,2024-09-19,2026-07-26,Draft,Draft,1.1,True,False,,Chief Architect,Confidential,DevOps Core Team,Confluence,https://wiki.org/docs/DOC-0378,en
DOC-0379,Deprecated Document: Authorization Guidelines for Project Gamma,Deprecated Document,authorization,Technical assessment and standard guidelines regarding authorization implementation for Project Gamma system Payment Gateway.,Comprehensive architecture guidelines covering authorization within Project Gamma.,Security,Project Gamma,Payment Gateway,Authorization,emp_303,Senior Architect,2026-06-03,2026-07-02,Superseded,Approved,3.1,False,True,,Senior Architect,Restricted,Security Core Team,Git Markdown,https://wiki.org/docs/DOC-0379,en
DOC-0380,Meeting Decision: Databases Guidelines for Project Gamma,Meeting Decision,databases,"Title: Meeting Decision for Project Gamma
Department: DevOps

MySQL version 5.7 is recommended for legacy data handling in Project Gamma. Note: This is being evaluated for migration.",Comprehensive architecture guidelines covering databases within Project Gamma.,DevOps,Project Gamma,Event Bus,MySQL,emp_740,Senior Engineer,2022-04-29,2025-02-18,Active,Approved,2.0,True,False,,Senior Engineer,Restricted,DevOps Core Team,Confluence,https://wiki.org/docs/DOC-0380,en
DOC-0381,Draft Document: Security Guidelines for Core Infrastructure,Draft Document,security,Technical assessment and standard guidelines regarding security implementation for Core Infrastructure system Payment Gateway.,Comprehensive architecture guidelines covering security within Core Infrastructure.,Platform,Core Infrastructure,Payment Gateway,Security,emp_633,Engineer,2025-11-23,2026-05-02,Draft,Under Review,3.0,True,False,,Engineer,Confidential,Platform Core Team,Git Markdown,https://wiki.org/docs/DOC-0381,en
DOC-0382,Engineering Note: Monitoring Guidelines for Project Delta,Engineering Note,monitoring,Technical assessment and standard guidelines regarding monitoring implementation for Project Delta system Data Pipeline.,Comprehensive architecture guidelines covering monitoring within Project Delta.,Data Engineering,Project Delta,Data Pipeline,Monitoring,emp_768,Architecture Team,2024-04-04,2025-10-10,Draft,Under Review,2.2,True,False,,Architecture Team,Internal,Data Engineering Core Team,Confluence,https://wiki.org/docs/DOC-0382,en
DOC-0383,Deprecated Document: Cloud Providers Guidelines for Core Infrastructure,Deprecated Document,cloud providers,Technical assessment and standard guidelines regarding cloud providers implementation for Core Infrastructure system Data Pipeline.,Comprehensive architecture guidelines covering cloud providers within Core Infrastructure.,Data Engineering,Core Infrastructure,Data Pipeline,Cloud Providers,emp_169,Senior Engineer,2023-12-28,2026-01-02,Active,Approved,1.2,True,False,,Senior Engineer,Public,Data Engineering Core Team,Git Markdown,https://wiki.org/docs/DOC-0383,en
DOC-0384,Project Documentation: Data Storage Guidelines for Project Delta,Project Documentation,data storage,Technical assessment and standard guidelines regarding data storage implementation for Project Delta system Inventory System.,Comprehensive architecture guidelines covering data storage within Project Delta.,Architecture,Project Delta,Inventory System,Data Storage,emp_255,Principal Engineer,2021-08-07,2022-05-03,Superseded,Under Review,3.2,False,True,,Principal Engineer,Restricted,Architecture Core Team,Confluence,https://wiki.org/docs/DOC-0384,en
DOC-0385,Policy: Event Streaming Guidelines for Project Beta,Policy,event streaming,Technical assessment and standard guidelines regarding event streaming implementation for Project Beta system Auth Service.,Comprehensive architecture guidelines covering event streaming within Project Beta.,Platform,Project Beta,Auth Service,Event Streaming,emp_181,Senior Engineer,2021-10-02,2024-07-26,Draft,Rejected,2.0,True,False,,Senior Engineer,Confidential,Platform Core Team,Git Markdown,https://wiki.org/docs/DOC-0385,en
DOC-0386,Standard: Microservices Guidelines for Project Beta,Standard,microservices,Technical assessment and standard guidelines regarding microservices implementation for Project Beta system Metrics Engine.,Comprehensive architecture guidelines covering microservices within Project Beta.,Engineering,Project Beta,Metrics Engine,Microservices,emp_376,Architecture Board,2022-04-01,2026-05-30,Draft,Under Review,1.0,True,False,,Architecture Board,Confidential,Engineering Core Team,Confluence,https://wiki.org/docs/DOC-0386,en
DOC-0387,Architecture Decision Record: Monitoring Guidelines for Enterprise Gateway,Architecture Decision Record,monitoring,Technical assessment and standard guidelines regarding monitoring implementation for Enterprise Gateway system User Portal.,Comprehensive architecture guidelines covering monitoring within Enterprise Gateway.,Security,Enterprise Gateway,User Portal,Monitoring,emp_514,Engineer,2024-05-30,2026-06-21,Draft,Rejected,2.2,True,False,,Engineer,Public,Security Core Team,Git Markdown,https://wiki.org/docs/DOC-0387,en
DOC-0388,Standard: Apis Guidelines for Project Beta,Standard,APIs,Technical assessment and standard guidelines regarding APIs implementation for Project Beta system Metrics Engine.,Comprehensive architecture guidelines covering APIs within Project Beta.,Data Engineering,Project Beta,Metrics Engine,Apis,emp_671,Architecture Board,2023-11-24,2026-01-15,Active,Approved,2.1,True,False,,Architecture Board,Restricted,Data Engineering Core Team,Confluence,https://wiki.org/docs/DOC-0388,en
DOC-0389,Policy: Messaging Guidelines for Project Delta,Policy,messaging,Technical assessment and standard guidelines regarding messaging implementation for Project Delta system Auth Service.,Comprehensive architecture guidelines covering messaging within Project Delta.,Architecture,Project Delta,Auth Service,Messaging,emp_245,Unverified,2025-08-27,2026-07-23,Superseded,Rejected,3.0,False,True,,Unverified,Internal,Architecture Core Team,Git Markdown,https://wiki.org/docs/DOC-0389,en
DOC-0390,Architecture Decision Record: Deployment Guidelines for Project Beta,Architecture Decision Record,deployment,Technical assessment and standard guidelines regarding deployment implementation for Project Beta system Metrics Engine.,Comprehensive architecture guidelines covering deployment within Project Beta.,Security,Project Beta,Metrics Engine,Deployment,emp_561,Senior Engineer,2022-01-02,2024-07-19,Draft,Under Review,1.1,True,False,,Senior Engineer,Restricted,Security Core Team,Confluence,https://wiki.org/docs/DOC-0390,en
DOC-0391,Policy: Messaging Guidelines for Core Infrastructure,Policy,messaging,Technical assessment and standard guidelines regarding messaging implementation for Core Infrastructure system Payment Gateway.,Comprehensive architecture guidelines covering messaging within Core Infrastructure.,DevOps,Core Infrastructure,Payment Gateway,Messaging,emp_216,Chief Architect,2024-07-22,2025-07-28,Active,Approved,2.2,True,False,,Chief Architect,Internal,DevOps Core Team,Git Markdown,https://wiki.org/docs/DOC-0391,en
DOC-0392,Engineering Note: Messaging Guidelines for Project Gamma,Engineering Note,messaging,Technical assessment and standard guidelines regarding messaging implementation for Project Gamma system Data Pipeline.,Comprehensive architecture guidelines covering messaging within Project Gamma.,Data Engineering,Project Gamma,Data Pipeline,Messaging,emp_989,Senior Architect,2022-01-02,2026-04-26,Active,Approved,2.2,True,False,,Senior Architect,Confidential,Data Engineering Core Team,Confluence,https://wiki.org/docs/DOC-0392,en
DOC-0393,Policy: Cloud Providers Guidelines for Project Beta,Policy,cloud providers,Technical assessment and standard guidelines regarding cloud providers implementation for Project Beta system Search Engine.,Comprehensive architecture guidelines covering cloud providers within Project Beta.,Engineering,Project Beta,Search Engine,Cloud Providers,emp_569,Architecture Board,2025-10-18,2026-06-30,Active,Approved,2.0,True,False,,Architecture Board,Internal,Engineering Core Team,Git Markdown,https://wiki.org/docs/DOC-0393,en
DOC-0394,Meeting Decision: Data Storage Guidelines for Project Delta,Meeting Decision,data storage,Technical assessment and standard guidelines regarding data storage implementation for Project Delta system Auth Service.,Comprehensive architecture guidelines covering data storage within Project Delta.,Engineering,Project Delta,Auth Service,Data Storage,emp_660,Architecture Team,2024-06-23,2026-03-28,Superseded,Under Review,1.0,False,True,,Architecture Team,Restricted,Engineering Core Team,Confluence,https://wiki.org/docs/DOC-0394,en
DOC-0395,Architecture Decision Record: Backend Architecture Guidelines for Project Omega,Architecture Decision Record,backend architecture,Technical assessment and standard guidelines regarding backend architecture implementation for Project Omega system Search Engine.,Comprehensive architecture guidelines covering backend architecture within Project Omega.,Product,Project Omega,Search Engine,Backend Architecture,emp_189,Senior Engineer,2021-08-12,2023-12-13,Draft,Under Review,2.2,True,False,,Senior Engineer,Internal,Product Core Team,Git Markdown,https://wiki.org/docs/DOC-0395,en
DOC-0396,Standard: Observability Guidelines for Project Alpha,Standard,observability,Technical assessment and standard guidelines regarding observability implementation for Project Alpha system Search Engine.,Comprehensive architecture guidelines covering observability within Project Alpha.,Engineering,Project Alpha,Search Engine,Observability,emp_477,Senior Engineer,2025-08-07,2025-09-10,Draft,Rejected,1.1,True,False,,Senior Engineer,Confidential,Engineering Core Team,Confluence,https://wiki.org/docs/DOC-0396,en
DOC-0397,Project Documentation: Kubernetes Guidelines for Project Gamma,Project Documentation,Kubernetes,Technical assessment and standard guidelines regarding Kubernetes implementation for Project Gamma system Metrics Engine.,Comprehensive architecture guidelines covering Kubernetes within Project Gamma.,Data Engineering,Project Gamma,Metrics Engine,Kubernetes,emp_314,Unverified,2024-06-07,2024-08-05,Active,Approved,3.2,True,False,,Unverified,Public,Data Engineering Core Team,Git Markdown,https://wiki.org/docs/DOC-0397,en
DOC-0398,Draft Document: Logging Guidelines for Project Delta,Draft Document,logging,Technical assessment and standard guidelines regarding logging implementation for Project Delta system Event Bus.,Comprehensive architecture guidelines covering logging within Project Delta.,Data Engineering,Project Delta,Event Bus,Logging,emp_638,Principal Engineer,2026-07-31,2026-08-01,Draft,Under Review,2.2,True,False,,Principal Engineer,Confidential,Data Engineering Core Team,Confluence,https://wiki.org/docs/DOC-0398,en
DOC-0399,Technical Design Document: Event Streaming Guidelines for Project Beta,Technical Design Document,event streaming,Technical assessment and standard guidelines regarding event streaming implementation for Project Beta system Search Engine.,Comprehensive architecture guidelines covering event streaming within Project Beta.,DevOps,Project Beta,Search Engine,Event Streaming,emp_101,Architecture Team,2021-02-19,2023-09-29,Active,Approved,1.2,True,False,,Architecture Team,Confidential,DevOps Core Team,Git Markdown,https://wiki.org/docs/DOC-0399,en
DOC-0400,Project Documentation: Deployment Guidelines for Enterprise Gateway,Project Documentation,deployment,Technical assessment and standard guidelines regarding deployment implementation for Enterprise Gateway system User Portal.,Comprehensive architecture guidelines covering deployment within Enterprise Gateway.,DevOps,Enterprise Gateway,User Portal,Deployment,emp_755,Architecture Board,2024-11-14,2025-08-29,Draft,Draft,2.1,True,False,,Architecture Board,Restricted,DevOps Core Team,Confluence,https://wiki.org/docs/DOC-0400,en
DOC-0401,Security Recommendation: Monitoring Guidelines for Project Gamma,Security Recommendation,monitoring,Technical assessment and standard guidelines regarding monitoring implementation for Project Gamma system Auth Service.,Comprehensive architecture guidelines covering monitoring within Project Gamma.,Security,Project Gamma,Auth Service,Monitoring,emp_298,Senior Architect,2025-09-04,2026-02-24,Draft,Rejected,1.2,True,False,,Senior Architect,Internal,Security Core Team,Git Markdown,https://wiki.org/docs/DOC-0401,en
DOC-0402,Deprecated Document: Deployment Guidelines for Project Gamma,Deprecated Document,deployment,Technical assessment and standard guidelines regarding deployment implementation for Project Gamma system Metrics Engine.,Comprehensive architecture guidelines covering deployment within Project Gamma.,Security,Project Gamma,Metrics Engine,Deployment,emp_955,Architecture Board,2022-09-06,2025-11-06,Draft,Draft,1.0,True,False,,Architecture Board,Restricted,Security Core Team,Confluence,https://wiki.org/docs/DOC-0402,en
DOC-0403,Standard: Observability Guidelines for Project Alpha,Standard,observability,Technical assessment and standard guidelines regarding observability implementation for Project Alpha system Search Engine.,Comprehensive architecture guidelines covering observability within Project Alpha.,Platform,Project Alpha,Search Engine,Observability,emp_447,Architecture Board,2024-07-07,2026-01-05,Draft,Under Review,2.0,True,False,,Architecture Board,Public,Platform Core Team,Git Markdown,https://wiki.org/docs/DOC-0403,en
DOC-0404,Policy: Monitoring Guidelines for Core Infrastructure,Policy,monitoring,Technical assessment and standard guidelines regarding monitoring implementation for Core Infrastructure system Search Engine.,Comprehensive architecture guidelines covering monitoring within Core Infrastructure.,Engineering,Core Infrastructure,Search Engine,Monitoring,emp_188,Engineer,2025-12-02,2026-01-31,Draft,Draft,2.0,True,False,,Engineer,Restricted,Engineering Core Team,Confluence,https://wiki.org/docs/DOC-0404,en
DOC-0405,Architecture Decision Record: Apis Guidelines for Enterprise Gateway,Architecture Decision Record,APIs,Technical assessment and standard guidelines regarding APIs implementation for Enterprise Gateway system Payment Gateway.,Comprehensive architecture guidelines covering APIs within Enterprise Gateway.,Platform,Enterprise Gateway,Payment Gateway,Apis,emp_618,Project Notes,2025-06-25,2026-02-27,Draft,Under Review,2.2,True,False,,Project Notes,Restricted,Platform Core Team,Git Markdown,https://wiki.org/docs/DOC-0405,en
DOC-0406,Architecture Decision Record: Authorization Guidelines for Enterprise Gateway,Architecture Decision Record,authorization,Technical assessment and standard guidelines regarding authorization implementation for Enterprise Gateway system Data Pipeline.,Comprehensive architecture guidelines covering authorization within Enterprise Gateway.,Data Engineering,Enterprise Gateway,Data Pipeline,Authorization,emp_841,Architecture Team,2023-07-30,2025-09-30,Superseded,Approved,1.2,False,True,,Architecture Team,Public,Data Engineering Core Team,Confluence,https://wiki.org/docs/DOC-0406,en
DOC-0407,Meeting Decision: Authorization Guidelines for Project Omega,Meeting Decision,authorization,Technical assessment and standard guidelines regarding authorization implementation for Project Omega system Search Engine.,Comprehensive architecture guidelines covering authorization within Project Omega.,Product,Project Omega,Search Engine,Authorization,emp_691,Architecture Board,2024-08-01,2025-03-03,Draft,Draft,2.1,True,False,,Architecture Board,Restricted,Product Core Team,Git Markdown,https://wiki.org/docs/DOC-0407,en
DOC-0408,Draft Document: Kubernetes Guidelines for Project Beta,Draft Document,Kubernetes,Technical assessment and standard guidelines regarding Kubernetes implementation for Project Beta system Search Engine.,Comprehensive architecture guidelines covering Kubernetes within Project Beta.,Platform,Project Beta,Search Engine,Kubernetes,emp_115,Chief Architect,2024-02-21,2025-07-31,Active,Approved,2.2,True,False,,Chief Architect,Restricted,Platform Core Team,Confluence,https://wiki.org/docs/DOC-0408,en
DOC-0409,Draft Document: Logging Guidelines for Project Omega,Draft Document,logging,Technical assessment and standard guidelines regarding logging implementation for Project Omega system Data Pipeline.,Comprehensive architecture guidelines covering logging within Project Omega.,Platform,Project Omega,Data Pipeline,Logging,emp_418,Chief Architect,2026-01-02,2026-03-29,Superseded,Rejected,1.1,False,True,,Chief Architect,Public,Platform Core Team,Git Markdown,https://wiki.org/docs/DOC-0409,en
DOC-0410,Security Recommendation: Data Storage Guidelines for Project Delta,Security Recommendation,data storage,Technical assessment and standard guidelines regarding data storage implementation for Project Delta system Inventory System.,Comprehensive architecture guidelines covering data storage within Project Delta.,Platform,Project Delta,Inventory System,Data Storage,emp_419,Senior Engineer,2025-08-02,2025-11-11,Active,Approved,2.2,True,False,,Senior Engineer,Internal,Platform Core Team,Confluence,https://wiki.org/docs/DOC-0410,en
DOC-0411,Project Documentation: Caching Guidelines for Project Alpha,Project Documentation,caching,Technical assessment and standard guidelines regarding caching implementation for Project Alpha system Search Engine.,Comprehensive architecture guidelines covering caching within Project Alpha.,Security,Project Alpha,Search Engine,Caching,emp_581,Project Notes,2026-04-25,2026-05-23,Draft,Under Review,3.1,True,False,,Project Notes,Restricted,Security Core Team,Git Markdown,https://wiki.org/docs/DOC-0411,en
DOC-0412,Architecture Decision Record: Backend Architecture Guidelines for Project Gamma,Architecture Decision Record,backend architecture,Technical assessment and standard guidelines regarding backend architecture implementation for Project Gamma system Event Bus.,Comprehensive architecture guidelines covering backend architecture within Project Gamma.,Product,Project Gamma,Event Bus,Backend Architecture,emp_599,Project Notes,2021-05-14,2024-01-12,Active,Approved,2.0,True,False,,Project Notes,Restricted,Product Core Team,Confluence,https://wiki.org/docs/DOC-0412,en
DOC-0413,Deprecated Document: Cloud Providers Guidelines for Project Omega,Deprecated Document,cloud providers,Technical assessment and standard guidelines regarding cloud providers implementation for Project Omega system Metrics Engine.,Comprehensive architecture guidelines covering cloud providers within Project Omega.,Engineering,Project Omega,Metrics Engine,Cloud Providers,emp_433,Chief Architect,2024-08-23,2024-11-03,Draft,Draft,2.2,True,False,,Chief Architect,Confidential,Engineering Core Team,Git Markdown,https://wiki.org/docs/DOC-0413,en
DOC-0414,Draft Document: Messaging Guidelines for Project Delta,Draft Document,messaging,Technical assessment and standard guidelines regarding messaging implementation for Project Delta system Payment Gateway.,Comprehensive architecture guidelines covering messaging within Project Delta.,Security,Project Delta,Payment Gateway,Messaging,emp_313,Senior Engineer,2023-06-02,2025-11-09,Draft,Draft,1.0,True,False,,Senior Engineer,Public,Security Core Team,Confluence,https://wiki.org/docs/DOC-0414,en
DOC-0415,Technical Design Document: Networking Guidelines for Project Alpha,Technical Design Document,networking,Technical assessment and standard guidelines regarding networking implementation for Project Alpha system Inventory System.,Comprehensive architecture guidelines covering networking within Project Alpha.,Data Engineering,Project Alpha,Inventory System,Networking,emp_668,Senior Engineer,2025-08-11,2026-03-26,Draft,Under Review,2.0,True,False,,Senior Engineer,Public,Data Engineering Core Team,Git Markdown,https://wiki.org/docs/DOC-0415,en
DOC-0416,Engineering Note: Security Guidelines for Project Gamma,Engineering Note,security,Technical assessment and standard guidelines regarding security implementation for Project Gamma system Auth Service.,Comprehensive architecture guidelines covering security within Project Gamma.,Security,Project Gamma,Auth Service,Security,emp_322,Chief Architect,2025-12-23,2026-05-20,Active,Approved,3.0,True,False,,Chief Architect,Confidential,Security Core Team,Confluence,https://wiki.org/docs/DOC-0416,en
DOC-0417,Draft Document: Infrastructure Guidelines for Project Delta,Draft Document,infrastructure,Technical assessment and standard guidelines regarding infrastructure implementation for Project Delta system User Portal.,Comprehensive architecture guidelines covering infrastructure within Project Delta.,Platform,Project Delta,User Portal,Infrastructure,emp_406,Senior Engineer,2025-06-15,2026-05-28,Draft,Draft,2.2,True,False,,Senior Engineer,Restricted,Platform Core Team,Git Markdown,https://wiki.org/docs/DOC-0417,en
DOC-0418,Security Recommendation: Event Streaming Guidelines for Project Omega,Security Recommendation,event streaming,Technical assessment and standard guidelines regarding event streaming implementation for Project Omega system Data Pipeline.,Comprehensive architecture guidelines covering event streaming within Project Omega.,Security,Project Omega,Data Pipeline,Event Streaming,emp_163,Principal Engineer,2026-01-20,2026-06-09,Superseded,Approved,3.1,False,True,,Principal Engineer,Public,Security Core Team,Confluence,https://wiki.org/docs/DOC-0418,en
DOC-0419,Standard: Containers Guidelines for Project Delta,Standard,containers,Technical assessment and standard guidelines regarding containers implementation for Project Delta system Metrics Engine.,Comprehensive architecture guidelines covering containers within Project Delta.,DevOps,Project Delta,Metrics Engine,Containers,emp_828,Senior Engineer,2023-04-12,2025-06-01,Draft,Rejected,3.0,True,False,,Senior Engineer,Confidential,DevOps Core Team,Git Markdown,https://wiki.org/docs/DOC-0419,en
DOC-0420,Engineering Note: Observability Guidelines for Enterprise Gateway,Engineering Note,observability,Technical assessment and standard guidelines regarding observability implementation for Enterprise Gateway system Data Pipeline.,Comprehensive architecture guidelines covering observability within Enterprise Gateway.,Security,Enterprise Gateway,Data Pipeline,Observability,emp_993,Principal Engineer,2021-10-03,2021-10-26,Active,Approved,1.2,True,False,,Principal Engineer,Confidential,Security Core Team,Confluence,https://wiki.org/docs/DOC-0420,en
DOC-0421,Draft Document: Cloud Providers Guidelines for Project Alpha,Draft Document,cloud providers,Technical assessment and standard guidelines regarding cloud providers implementation for Project Alpha system Metrics Engine.,Comprehensive architecture guidelines covering cloud providers within Project Alpha.,Platform,Project Alpha,Metrics Engine,Cloud Providers,emp_907,Project Notes,2026-03-21,2026-07-07,Draft,Under Review,2.2,True,False,,Project Notes,Confidential,Platform Core Team,Git Markdown,https://wiki.org/docs/DOC-0421,en
DOC-0422,Deprecated Document: Data Storage Guidelines for Project Omega,Deprecated Document,data storage,Technical assessment and standard guidelines regarding data storage implementation for Project Omega system Inventory System.,Comprehensive architecture guidelines covering data storage within Project Omega.,Engineering,Project Omega,Inventory System,Data Storage,emp_829,Architecture Team,2022-07-06,2024-10-24,Superseded,Draft,1.2,False,True,,Architecture Team,Confidential,Engineering Core Team,Confluence,https://wiki.org/docs/DOC-0422,en
DOC-0423,Meeting Decision: Networking Guidelines for Core Infrastructure,Meeting Decision,networking,Technical assessment and standard guidelines regarding networking implementation for Core Infrastructure system Data Pipeline.,Comprehensive architecture guidelines covering networking within Core Infrastructure.,Engineering,Core Infrastructure,Data Pipeline,Networking,emp_979,Unverified,2023-08-11,2026-07-04,Active,Approved,3.0,True,False,,Unverified,Internal,Engineering Core Team,Git Markdown,https://wiki.org/docs/DOC-0423,en
DOC-0424,Deprecated Document: Backend Architecture Guidelines for Project Alpha,Deprecated Document,backend architecture,Technical assessment and standard guidelines regarding backend architecture implementation for Project Alpha system Search Engine.,Comprehensive architecture guidelines covering backend architecture within Project Alpha.,DevOps,Project Alpha,Search Engine,Backend Architecture,emp_451,Architecture Board,2025-05-14,2025-05-19,Draft,Rejected,2.2,True,False,,Architecture Board,Restricted,DevOps Core Team,Confluence,https://wiki.org/docs/DOC-0424,en
DOC-0425,Draft Document: Logging Guidelines for Project Gamma,Draft Document,logging,Technical assessment and standard guidelines regarding logging implementation for Project Gamma system Auth Service.,Comprehensive architecture guidelines covering logging within Project Gamma.,Platform,Project Gamma,Auth Service,Logging,emp_844,Principal Engineer,2022-06-18,2022-10-21,Draft,Rejected,3.0,True,False,,Principal Engineer,Restricted,Platform Core Team,Git Markdown,https://wiki.org/docs/DOC-0425,en
DOC-0426,Meeting Decision: Logging Guidelines for Project Delta,Meeting Decision,logging,Technical assessment and standard guidelines regarding logging implementation for Project Delta system Data Pipeline.,Comprehensive architecture guidelines covering logging within Project Delta.,Engineering,Project Delta,Data Pipeline,Logging,emp_178,Unverified,2022-06-01,2023-02-27,Draft,Draft,2.0,True,False,,Unverified,Public,Engineering Core Team,Confluence,https://wiki.org/docs/DOC-0426,en
DOC-0427,Project Documentation: Cloud Providers Guidelines for Core Infrastructure,Project Documentation,cloud providers,Technical assessment and standard guidelines regarding cloud providers implementation for Core Infrastructure system Event Bus.,Comprehensive architecture guidelines covering cloud providers within Core Infrastructure.,Security,Core Infrastructure,Event Bus,Cloud Providers,emp_367,Senior Architect,2023-09-21,2024-09-25,Active,Approved,1.0,True,False,,Senior Architect,Internal,Security Core Team,Git Markdown,https://wiki.org/docs/DOC-0427,en
DOC-0428,Engineering Note: Data Storage Guidelines for Enterprise Gateway,Engineering Note,data storage,Technical assessment and standard guidelines regarding data storage implementation for Enterprise Gateway system User Portal.,Comprehensive architecture guidelines covering data storage within Enterprise Gateway.,Security,Enterprise Gateway,User Portal,Data Storage,emp_843,Project Notes,2022-03-08,2025-06-03,Superseded,Draft,2.0,False,True,,Project Notes,Public,Security Core Team,Confluence,https://wiki.org/docs/DOC-0428,en
DOC-0429,Standard: Logging Guidelines for Project Delta,Standard,logging,Technical assessment and standard guidelines regarding logging implementation for Project Delta system User Portal.,Comprehensive architecture guidelines covering logging within Project Delta.,DevOps,Project Delta,User Portal,Logging,emp_799,Engineer,2023-08-30,2025-02-17,Draft,Under Review,2.0,True,False,,Engineer,Restricted,DevOps Core Team,Git Markdown,https://wiki.org/docs/DOC-0429,en
DOC-0430,Security Recommendation: Backend Architecture Guidelines for Project Gamma,Security Recommendation,backend architecture,Technical assessment and standard guidelines regarding backend architecture implementation for Project Gamma system Auth Service.,Comprehensive architecture guidelines covering backend architecture within Project Gamma.,Data Engineering,Project Gamma,Auth Service,Backend Architecture,emp_644,Chief Architect,2026-05-13,2026-07-07,Draft,Draft,2.0,True,False,,Chief Architect,Restricted,Data Engineering Core Team,Confluence,https://wiki.org/docs/DOC-0430,en
DOC-0431,Engineering Note: Backend Architecture Guidelines for Core Infrastructure,Engineering Note,backend architecture,Technical assessment and standard guidelines regarding backend architecture implementation for Core Infrastructure system User Portal.,Comprehensive architecture guidelines covering backend architecture within Core Infrastructure.,Platform,Core Infrastructure,User Portal,Backend Architecture,emp_445,Unverified,2022-10-04,2025-10-29,Active,Approved,1.0,True,False,,Unverified,Confidential,Platform Core Team,Git Markdown,https://wiki.org/docs/DOC-0431,en
DOC-0432,Architecture Decision Record: Caching Guidelines for Project Gamma,Architecture Decision Record,caching,Technical assessment and standard guidelines regarding caching implementation for Project Gamma system Search Engine.,Comprehensive architecture guidelines covering caching within Project Gamma.,Platform,Project Gamma,Search Engine,Caching,emp_297,Principal Engineer,2021-02-18,2024-08-09,Superseded,Approved,3.2,False,True,,Principal Engineer,Internal,Platform Core Team,Confluence,https://wiki.org/docs/DOC-0432,en
DOC-0433,Draft Document: Authorization Guidelines for Project Alpha,Draft Document,authorization,Technical assessment and standard guidelines regarding authorization implementation for Project Alpha system Data Pipeline.,Comprehensive architecture guidelines covering authorization within Project Alpha.,Product,Project Alpha,Data Pipeline,Authorization,emp_772,Engineer,2025-07-03,2025-10-05,Active,Approved,2.1,True,False,,Engineer,Confidential,Product Core Team,Git Markdown,https://wiki.org/docs/DOC-0433,en
DOC-0434,Engineering Note: Caching Guidelines for Project Gamma,Engineering Note,caching,Technical assessment and standard guidelines regarding caching implementation for Project Gamma system Metrics Engine.,Comprehensive architecture guidelines covering caching within Project Gamma.,Product,Project Gamma,Metrics Engine,Caching,emp_363,Senior Engineer,2025-05-18,2025-06-24,Draft,Draft,2.1,True,False,,Senior Engineer,Restricted,Product Core Team,Confluence,https://wiki.org/docs/DOC-0434,en
DOC-0435,Draft Document: Kubernetes Guidelines for Project Beta,Draft Document,Kubernetes,Technical assessment and standard guidelines regarding Kubernetes implementation for Project Beta system Payment Gateway.,Comprehensive architecture guidelines covering Kubernetes within Project Beta.,Security,Project Beta,Payment Gateway,Kubernetes,emp_305,Project Notes,2023-03-16,2024-03-15,Superseded,Rejected,3.1,False,True,,Project Notes,Internal,Security Core Team,Git Markdown,https://wiki.org/docs/DOC-0435,en
DOC-0436,Technical Design Document: Caching Guidelines for Core Infrastructure,Technical Design Document,caching,Technical assessment and standard guidelines regarding caching implementation for Core Infrastructure system Payment Gateway.,No summary provided.,Architecture,Core Infrastructure,Payment Gateway,Caching,emp_174,Architecture Board,2024-03-16,2026-03-31,Draft,Draft,1.1,True,False,,Architecture Board,Internal,Architecture Core Team,Confluence,https://wiki.org/docs/DOC-0436,en
DOC-0437,Security Recommendation: Apis Guidelines for Core Infrastructure,Security Recommendation,APIs,Technical assessment and standard guidelines regarding APIs implementation for Core Infrastructure system Search Engine.,Comprehensive architecture guidelines covering APIs within Core Infrastructure.,Security,Core Infrastructure,Search Engine,Apis,emp_816,Senior Architect,2026-01-27,2026-05-07,Active,Approved,2.1,True,False,,Senior Architect,Confidential,Security Core Team,Git Markdown,https://wiki.org/docs/DOC-0437,en
DOC-0438,Policy: Authentication Guidelines for Project Omega,Policy,authentication,"Title: Policy for Project Omega
Department: Platform

Basic Auth with custom API keys is permitted for internal legacy services in Project Omega.",Comprehensive architecture guidelines covering authentication within Project Omega.,Platform,Project Omega,Auth Service,Basic Auth,emp_805,Engineer,2021-09-06,2024-11-10,Draft,Draft,2.0,True,False,,Engineer,Public,Platform Core Team,Confluence,https://wiki.org/docs/DOC-0438,en
DOC-0439,Project Documentation: Monitoring Guidelines for Project Alpha,Project Documentation,monitoring,Technical assessment and standard guidelines regarding monitoring implementation for Project Alpha system Inventory System.,Comprehensive architecture guidelines covering monitoring within Project Alpha.,Product,Project Alpha,Inventory System,Monitoring,emp_763,Principal Engineer,2021-12-28,2025-02-05,Active,Approved,3.0,True,False,,Principal Engineer,Restricted,Product Core Team,Git Markdown,https://wiki.org/docs/DOC-0439,en
DOC-0440,Policy: Frontend Architecture Guidelines for Core Infrastructure,Policy,frontend architecture,Technical assessment and standard guidelines regarding frontend architecture implementation for Core Infrastructure system Inventory System.,Comprehensive architecture guidelines covering frontend architecture within Core Infrastructure.,Architecture,Core Infrastructure,Inventory System,Frontend Architecture,emp_747,Chief Architect,2025-02-14,2025-08-27,Superseded,Under Review,1.2,False,True,,Chief Architect,Internal,Architecture Core Team,Confluence,https://wiki.org/docs/DOC-0440,en
DOC-0441,Policy: Deployment Guidelines for Core Infrastructure,Policy,deployment,Technical assessment and standard guidelines regarding deployment implementation for Core Infrastructure system Inventory System.,Comprehensive architecture guidelines covering deployment within Core Infrastructure.,Architecture,Core Infrastructure,Inventory System,Deployment,emp_954,Unverified,2026-06-03,2026-06-04,Active,Approved,2.2,True,False,,Unverified,Public,Architecture Core Team,Git Markdown,https://wiki.org/docs/DOC-0441,en
DOC-0442,Draft Document: Frontend Architecture Guidelines for Core Infrastructure,Draft Document,frontend architecture,Technical assessment and standard guidelines regarding frontend architecture implementation for Core Infrastructure system Inventory System.,Comprehensive architecture guidelines covering frontend architecture within Core Infrastructure.,Data Engineering,Core Infrastructure,Inventory System,Frontend Architecture,emp_252,Unverified,2022-04-23,2022-09-17,Active,Approved,2.2,True,False,,Unverified,Public,Data Engineering Core Team,Confluence,https://wiki.org/docs/DOC-0442,en
DOC-0443,Architecture Decision Record: Apis Guidelines for Project Beta,Architecture Decision Record,APIs,Technical assessment and standard guidelines regarding APIs implementation for Project Beta system Data Pipeline.,Comprehensive architecture guidelines covering APIs within Project Beta.,DevOps,Project Beta,Data Pipeline,Apis,emp_276,Architecture Board,2026-01-27,2026-04-15,Active,Approved,1.2,True,False,,Architecture Board,Public,DevOps Core Team,Git Markdown,https://wiki.org/docs/DOC-0443,en
DOC-0444,Project Documentation: Networking Guidelines for Project Omega,Project Documentation,networking,Technical assessment and standard guidelines regarding networking implementation for Project Omega system User Portal.,Comprehensive architecture guidelines covering networking within Project Omega.,Product,Project Omega,User Portal,Networking,emp_923,Chief Architect,2023-05-23,2025-04-12,Draft,Rejected,3.2,True,False,,Chief Architect,Internal,Product Core Team,Confluence,https://wiki.org/docs/DOC-0444,en
DOC-0445,Technical Design Document: Microservices Guidelines for Enterprise Gateway,Technical Design Document,microservices,Technical assessment and standard guidelines regarding microservices implementation for Enterprise Gateway system Data Pipeline.,Comprehensive architecture guidelines covering microservices within Enterprise Gateway.,Engineering,Enterprise Gateway,Data Pipeline,Microservices,emp_164,Senior Engineer,2022-07-15,2023-04-30,Draft,Rejected,2.2,True,False,,Senior Engineer,Internal,Engineering Core Team,Git Markdown,https://wiki.org/docs/DOC-0445,en
DOC-0446,Policy: Apis Guidelines for Project Beta,Policy,APIs,Technical assessment and standard guidelines regarding APIs implementation for Project Beta system Metrics Engine.,Comprehensive architecture guidelines covering APIs within Project Beta.,Engineering,Project Beta,Metrics Engine,Apis,emp_116,Senior Architect,2021-06-15,2021-06-28,Active,Approved,1.2,True,False,,Senior Architect,Restricted,Engineering Core Team,Confluence,https://wiki.org/docs/DOC-0446,en
DOC-0447,Meeting Decision: Networking Guidelines for Core Infrastructure,Meeting Decision,networking,Technical assessment and standard guidelines regarding networking implementation for Core Infrastructure system User Portal.,Comprehensive architecture guidelines covering networking within Core Infrastructure.,Platform,Core Infrastructure,User Portal,Networking,emp_755,Senior Architect,2023-12-08,2025-03-13,Draft,Rejected,1.2,True,False,,Senior Architect,Public,Platform Core Team,Git Markdown,https://wiki.org/docs/DOC-0447,en
DOC-0448,Architecture Decision Record: Event Streaming Guidelines for Project Alpha,Architecture Decision Record,event streaming,Technical assessment and standard guidelines regarding event streaming implementation for Project Alpha system Search Engine.,Comprehensive architecture guidelines covering event streaming within Project Alpha.,DevOps,Project Alpha,Search Engine,Event Streaming,emp_528,Senior Engineer,2024-02-17,2024-10-15,Superseded,Under Review,3.0,False,True,,Senior Engineer,Restricted,DevOps Core Team,Confluence,https://wiki.org/docs/DOC-0448,en
DOC-0449,Project Documentation: Ci/Cd Guidelines for Project Beta,Project Documentation,CI/CD,Technical assessment and standard guidelines regarding CI/CD implementation for Project Beta system User Portal.,Comprehensive architecture guidelines covering CI/CD within Project Beta.,Security,Project Beta,User Portal,Ci/Cd,emp_154,Principal Engineer,2021-08-19,2026-02-05,Draft,Under Review,2.1,True,False,,Principal Engineer,Internal,Security Core Team,Git Markdown,https://wiki.org/docs/DOC-0449,en
DOC-0450,Meeting Decision: Apis Guidelines for Core Infrastructure,Meeting Decision,APIs,Technical assessment and standard guidelines regarding APIs implementation for Core Infrastructure system Search Engine.,No summary provided.,Architecture,Core Infrastructure,Search Engine,Apis,emp_545,Architecture Team,2022-11-16,2026-05-02,Superseded,Rejected,3.0,False,True,,Architecture Team,Internal,Architecture Core Team,Confluence,https://wiki.org/docs/DOC-0450,en
DOC-0451,Draft Document: Ci/Cd Guidelines for Project Alpha,Draft Document,CI/CD,Technical assessment and standard guidelines regarding CI/CD implementation for Project Alpha system User Portal.,Comprehensive architecture guidelines covering CI/CD within Project Alpha.,Engineering,Project Alpha,User Portal,Ci/Cd,emp_706,Project Notes,2022-10-30,2025-03-06,Draft,Under Review,2.0,True,False,,Project Notes,Public,Engineering Core Team,Git Markdown,https://wiki.org/docs/DOC-0451,en
DOC-0452,Policy: Data Storage Guidelines for Enterprise Gateway,Policy,data storage,Technical assessment and standard guidelines regarding data storage implementation for Enterprise Gateway system Metrics Engine.,Comprehensive architecture guidelines covering data storage within Enterprise Gateway.,Platform,Enterprise Gateway,Metrics Engine,Data Storage,emp_175,Architecture Team,2024-04-13,2025-08-22,Active,Approved,1.0,True,False,,Architecture Team,Confidential,Platform Core Team,Confluence,https://wiki.org/docs/DOC-0452,en
DOC-0453,Security Recommendation: Caching Guidelines for Core Infrastructure,Security Recommendation,caching,Technical assessment and standard guidelines regarding caching implementation for Core Infrastructure system Event Bus.,Comprehensive architecture guidelines covering caching within Core Infrastructure.,Platform,Core Infrastructure,Event Bus,Caching,emp_307,Principal Engineer,2021-09-18,2021-11-22,Active,Approved,1.1,True,False,,Principal Engineer,Confidential,Platform Core Team,Git Markdown,https://wiki.org/docs/DOC-0453,en
DOC-0454,Deprecated Document: Containers Guidelines for Project Gamma,Deprecated Document,containers,Technical assessment and standard guidelines regarding containers implementation for Project Gamma system Data Pipeline.,Comprehensive architecture guidelines covering containers within Project Gamma.,Data Engineering,Project Gamma,Data Pipeline,Containers,emp_691,Senior Architect,2025-10-18,2026-02-12,Active,Approved,3.1,True,False,,Senior Architect,Internal,Data Engineering Core Team,Confluence,https://wiki.org/docs/DOC-0454,en
DOC-0455,Security Recommendation: Kubernetes Guidelines for Project Alpha,Security Recommendation,Kubernetes,Technical assessment and standard guidelines regarding Kubernetes implementation for Project Alpha system Metrics Engine.,Comprehensive architecture guidelines covering Kubernetes within Project Alpha.,DevOps,Project Alpha,Metrics Engine,Kubernetes,emp_353,Architecture Team,2023-06-09,2024-09-06,Draft,Under Review,1.1,True,False,,Architecture Team,Public,DevOps Core Team,Git Markdown,https://wiki.org/docs/DOC-0455,en
DOC-0456,Technical Design Document: Ci/Cd Guidelines for Project Alpha,Technical Design Document,CI/CD,Technical assessment and standard guidelines regarding CI/CD implementation for Project Alpha system Metrics Engine.,Comprehensive architecture guidelines covering CI/CD within Project Alpha.,Security,Project Alpha,Metrics Engine,Ci/Cd,emp_929,Project Notes,2023-07-16,2026-04-25,Superseded,Under Review,1.2,False,True,,Project Notes,Confidential,Security Core Team,Confluence,https://wiki.org/docs/DOC-0456,en
DOC-0457,Meeting Decision: Logging Guidelines for Project Beta,Meeting Decision,logging,Technical assessment and standard guidelines regarding logging implementation for Project Beta system Payment Gateway.,Comprehensive architecture guidelines covering logging within Project Beta.,DevOps,Project Beta,Payment Gateway,Logging,emp_591,Architecture Board,2021-11-28,2025-11-07,Draft,Rejected,3.2,True,False,,Architecture Board,Public,DevOps Core Team,Git Markdown,https://wiki.org/docs/DOC-0457,en
DOC-0458,Security Recommendation: Cloud Providers Guidelines for Enterprise Gateway,Security Recommendation,cloud providers,Technical assessment and standard guidelines regarding cloud providers implementation for Enterprise Gateway system Metrics Engine.,Comprehensive architecture guidelines covering cloud providers within Enterprise Gateway.,DevOps,Enterprise Gateway,Metrics Engine,Cloud Providers,emp_908,Senior Architect,2024-07-07,2025-10-25,Active,Approved,1.1,True,False,,Senior Architect,Restricted,DevOps Core Team,Confluence,https://wiki.org/docs/DOC-0458,en
DOC-0459,Security Recommendation: Kubernetes Guidelines for Core Infrastructure,Security Recommendation,Kubernetes,Technical assessment and standard guidelines regarding Kubernetes implementation for Core Infrastructure system User Portal.,Comprehensive architecture guidelines covering Kubernetes within Core Infrastructure.,Data Engineering,Core Infrastructure,User Portal,Kubernetes,emp_735,Chief Architect,2025-02-15,2025-04-12,Draft,Draft,1.1,True,False,,Chief Architect,Restricted,Data Engineering Core Team,Git Markdown,https://wiki.org/docs/DOC-0459,en
DOC-0460,Project Documentation: Observability Guidelines for Project Beta,Project Documentation,observability,Technical assessment and standard guidelines regarding observability implementation for Project Beta system Payment Gateway.,Comprehensive architecture guidelines covering observability within Project Beta.,DevOps,Project Beta,Payment Gateway,Observability,emp_826,Unverified,2021-10-11,2023-08-27,Draft,Under Review,3.1,True,False,,Unverified,Internal,DevOps Core Team,Confluence,https://wiki.org/docs/DOC-0460,en
DOC-0461,Technical Design Document: Monitoring Guidelines for Project Gamma,Technical Design Document,monitoring,Technical assessment and standard guidelines regarding monitoring implementation for Project Gamma system Metrics Engine.,Comprehensive architecture guidelines covering monitoring within Project Gamma.,Architecture,Project Gamma,Metrics Engine,Monitoring,emp_155,Principal Engineer,2023-02-03,2025-01-10,Draft,Rejected,3.0,True,False,,Principal Engineer,Confidential,Architecture Core Team,Git Markdown,https://wiki.org/docs/DOC-0461,en
DOC-0462,Policy: Deployment Guidelines for Project Gamma,Policy,deployment,Technical assessment and standard guidelines regarding deployment implementation for Project Gamma system Event Bus.,Comprehensive architecture guidelines covering deployment within Project Gamma.,Security,Project Gamma,Event Bus,Deployment,emp_292,Chief Architect,2021-06-28,2021-12-09,Draft,Rejected,2.0,True,False,,Chief Architect,Public,Security Core Team,Confluence,https://wiki.org/docs/DOC-0462,en
DOC-0463,Architecture Decision Record: Cloud Providers Guidelines for Project Delta,Architecture Decision Record,cloud providers,Technical assessment and standard guidelines regarding cloud providers implementation for Project Delta system User Portal.,Comprehensive architecture guidelines covering cloud providers within Project Delta.,Platform,Project Delta,User Portal,Cloud Providers,emp_742,Unverified,2022-08-24,2024-12-24,Draft,Under Review,2.1,True,False,,Unverified,Public,Platform Core Team,Git Markdown,https://wiki.org/docs/DOC-0463,en
DOC-0464,Security Recommendation: Containers Guidelines for Enterprise Gateway,Security Recommendation,containers,Technical assessment and standard guidelines regarding containers implementation for Enterprise Gateway system Event Bus.,Comprehensive architecture guidelines covering containers within Enterprise Gateway.,Data Engineering,Enterprise Gateway,Event Bus,Containers,emp_692,Engineer,2024-09-04,2026-06-27,Draft,Draft,3.2,True,False,,Engineer,Confidential,Data Engineering Core Team,Confluence,https://wiki.org/docs/DOC-0464,en
DOC-0465,Security Recommendation: Logging Guidelines for Project Beta,Security Recommendation,logging,Technical assessment and standard guidelines regarding logging implementation for Project Beta system Search Engine.,Comprehensive architecture guidelines covering logging within Project Beta.,Product,Project Beta,Search Engine,Logging,emp_595,Architecture Team,2026-06-12,2026-06-30,Active,Approved,2.1,True,False,,Architecture Team,Internal,Product Core Team,Git Markdown,https://wiki.org/docs/DOC-0465,en
DOC-0466,Project Documentation: Deployment Guidelines for Project Gamma,Project Documentation,deployment,Technical assessment and standard guidelines regarding deployment implementation for Project Gamma system Data Pipeline.,Comprehensive architecture guidelines covering deployment within Project Gamma.,Platform,Project Gamma,Data Pipeline,Deployment,emp_265,Senior Architect,2021-08-28,2021-11-20,Draft,Draft,2.1,True,False,,Senior Architect,Restricted,Platform Core Team,Confluence,https://wiki.org/docs/DOC-0466,en
DOC-0467,Policy: Apis Guidelines for Core Infrastructure,Policy,APIs,Technical assessment and standard guidelines regarding APIs implementation for Core Infrastructure system Event Bus.,Comprehensive architecture guidelines covering APIs within Core Infrastructure.,Architecture,Core Infrastructure,Event Bus,Apis,emp_481,Senior Architect,2024-01-11,2024-06-25,Draft,Draft,1.1,True,False,,Senior Architect,Confidential,Architecture Core Team,Git Markdown,https://wiki.org/docs/DOC-0467,en
DOC-0468,Meeting Decision: Monitoring Guidelines for Project Beta,Meeting Decision,monitoring,Technical assessment and standard guidelines regarding monitoring implementation for Project Beta system Event Bus.,Comprehensive architecture guidelines covering monitoring within Project Beta.,Engineering,Project Beta,Event Bus,Monitoring,emp_585,Principal Engineer,2026-06-09,2026-07-27,Draft,Under Review,3.1,True,False,,Principal Engineer,Restricted,Engineering Core Team,Confluence,https://wiki.org/docs/DOC-0468,en
DOC-0469,Standard: Apis Guidelines for Project Beta,Standard,APIs,Technical assessment and standard guidelines regarding APIs implementation for Project Beta system Payment Gateway.,Comprehensive architecture guidelines covering APIs within Project Beta.,DevOps,Project Beta,Payment Gateway,Apis,emp_125,Principal Engineer,2024-06-18,2025-01-29,Draft,Rejected,2.0,True,False,,Principal Engineer,Internal,DevOps Core Team,Git Markdown,https://wiki.org/docs/DOC-0469,en
DOC-0470,Policy: Kubernetes Guidelines for Project Beta,Policy,Kubernetes,Technical assessment and standard guidelines regarding Kubernetes implementation for Project Beta system Payment Gateway.,Comprehensive architecture guidelines covering Kubernetes within Project Beta.,Engineering,Project Beta,Payment Gateway,Kubernetes,emp_969,Unverified,2024-10-18,2025-01-15,Draft,Rejected,2.2,True,False,,Unverified,Public,Engineering Core Team,Confluence,https://wiki.org/docs/DOC-0470,en
DOC-0471,Security Recommendation: Cloud Providers Guidelines for Core Infrastructure,Security Recommendation,cloud providers,Technical assessment and standard guidelines regarding cloud providers implementation for Core Infrastructure system Metrics Engine.,Comprehensive architecture guidelines covering cloud providers within Core Infrastructure.,Product,Core Infrastructure,Metrics Engine,Cloud Providers,emp_495,Senior Engineer,2021-01-25,2022-08-30,Draft,Draft,2.2,True,False,,Senior Engineer,Public,Product Core Team,Git Markdown,https://wiki.org/docs/DOC-0471,en
DOC-0472,Standard: Data Storage Guidelines for Enterprise Gateway,Standard,data storage,Technical assessment and standard guidelines regarding data storage implementation for Enterprise Gateway system Search Engine.,Comprehensive architecture guidelines covering data storage within Enterprise Gateway.,Security,Enterprise Gateway,Search Engine,Data Storage,emp_925,Senior Architect,2025-02-01,2026-04-01,Draft,Under Review,3.0,True,False,,Senior Architect,Internal,Security Core Team,Confluence,https://wiki.org/docs/DOC-0472,en
DOC-0473,Standard: Ci/Cd Guidelines for Project Gamma,Standard,CI/CD,Technical assessment and standard guidelines regarding CI/CD implementation for Project Gamma system Metrics Engine.,Comprehensive architecture guidelines covering CI/CD within Project Gamma.,Engineering,Project Gamma,Metrics Engine,Ci/Cd,emp_106,Chief Architect,2024-08-01,2025-05-07,Draft,Rejected,2.2,True,False,,Chief Architect,Internal,Engineering Core Team,Git Markdown,https://wiki.org/docs/DOC-0473,en
DOC-0474,Draft Document: Logging Guidelines for Project Omega,Draft Document,logging,Technical assessment and standard guidelines regarding logging implementation for Project Omega system Auth Service.,Comprehensive architecture guidelines covering logging within Project Omega.,Security,Project Omega,Auth Service,Logging,emp_954,Principal Engineer,2022-09-15,2025-06-22,Draft,Rejected,1.0,True,False,,Principal Engineer,Restricted,Security Core Team,Confluence,https://wiki.org/docs/DOC-0474,en
DOC-0475,Policy: Frontend Architecture Guidelines for Project Delta,Policy,frontend architecture,Technical assessment and standard guidelines regarding frontend architecture implementation for Project Delta system Search Engine.,Comprehensive architecture guidelines covering frontend architecture within Project Delta.,Engineering,Project Delta,Search Engine,Frontend Architecture,emp_283,Engineer,2026-02-01,2026-07-27,Superseded,Under Review,2.1,False,True,,Engineer,Public,Engineering Core Team,Git Markdown,https://wiki.org/docs/DOC-0475,en
DOC-0476,Technical Design Document: Networking Guidelines for Project Omega,Technical Design Document,networking,Technical assessment and standard guidelines regarding networking implementation for Project Omega system Search Engine.,Comprehensive architecture guidelines covering networking within Project Omega.,Security,Project Omega,Search Engine,Networking,emp_810,Project Notes,2023-02-04,2025-12-19,Active,Approved,1.2,True,False,,Project Notes,Public,Security Core Team,Confluence,https://wiki.org/docs/DOC-0476,en
DOC-0477,Standard: Cloud Providers Guidelines for Project Gamma,Standard,cloud providers,Technical assessment and standard guidelines regarding cloud providers implementation for Project Gamma system Auth Service.,Comprehensive architecture guidelines covering cloud providers within Project Gamma.,Platform,Project Gamma,Auth Service,Cloud Providers,emp_469,Principal Engineer,2024-07-27,2025-07-26,Active,Approved,3.2,True,False,,Principal Engineer,Public,Platform Core Team,Git Markdown,https://wiki.org/docs/DOC-0477,en
DOC-0478,Security Recommendation: Messaging Guidelines for Enterprise Gateway,Security Recommendation,messaging,Technical assessment and standard guidelines regarding messaging implementation for Enterprise Gateway system Data Pipeline.,Comprehensive architecture guidelines covering messaging within Enterprise Gateway.,Engineering,Enterprise Gateway,Data Pipeline,Messaging,emp_430,Unverified,2025-08-21,2026-01-22,Draft,Draft,3.1,True,False,,Unverified,Public,Engineering Core Team,Confluence,https://wiki.org/docs/DOC-0478,en
DOC-0479,Policy: Cloud Providers Guidelines for Project Alpha,Policy,cloud providers,Technical assessment and standard guidelines regarding cloud providers implementation for Project Alpha system Search Engine.,Comprehensive architecture guidelines covering cloud providers within Project Alpha.,Platform,Project Alpha,Search Engine,Cloud Providers,emp_897,Senior Engineer,2023-04-24,2025-03-20,Superseded,Under Review,1.2,False,True,,Senior Engineer,Internal,Platform Core Team,Git Markdown,https://wiki.org/docs/DOC-0479,en
DOC-0480,Technical Design Document: Deployment Guidelines for Project Omega,Technical Design Document,deployment,Technical assessment and standard guidelines regarding deployment implementation for Project Omega system Payment Gateway.,Comprehensive architecture guidelines covering deployment within Project Omega.,DevOps,Project Omega,Payment Gateway,Deployment,emp_571,Engineer,2021-08-27,2026-03-30,Draft,Under Review,2.1,True,False,,Engineer,Restricted,DevOps Core Team,Confluence,https://wiki.org/docs/DOC-0480,en
DOC-0481,Meeting Decision: Caching Guidelines for Project Omega,Meeting Decision,caching,Technical assessment and standard guidelines regarding caching implementation for Project Omega system Event Bus.,Comprehensive architecture guidelines covering caching within Project Omega.,Data Engineering,Project Omega,Event Bus,Caching,emp_826,Senior Architect,2021-02-28,2025-05-02,Active,Approved,3.0,True,False,,Senior Architect,Internal,Data Engineering Core Team,Git Markdown,https://wiki.org/docs/DOC-0481,en
DOC-0482,Policy: Authentication Guidelines for Project Delta,Policy,authentication,"Title: Policy for Project Delta
Department: DevOps

OAuth 2.0 with OpenID Connect (OIDC) via Okta is mandatory for all user authentication in Project Delta.",Comprehensive architecture guidelines covering authentication within Project Delta.,DevOps,Project Delta,Payment Gateway,OAuth2/OIDC,emp_119,Chief Architect,2025-04-01,2025-11-07,Superseded,Under Review,3.2,False,True,,Chief Architect,Public,DevOps Core Team,Confluence,https://wiki.org/docs/DOC-0482,en
DOC-0483,Technical Design Document: Apis Guidelines for Project Alpha,Technical Design Document,APIs,Technical assessment and standard guidelines regarding APIs implementation for Project Alpha system Auth Service.,Comprehensive architecture guidelines covering APIs within Project Alpha.,Architecture,Project Alpha,Auth Service,Apis,emp_901,Chief Architect,2026-02-28,2026-08-01,Draft,Under Review,1.0,True,False,,Chief Architect,Restricted,Architecture Core Team,Git Markdown,https://wiki.org/docs/DOC-0483,en
DOC-0484,Deprecated Document: Kubernetes Guidelines for Project Omega,Deprecated Document,Kubernetes,Technical assessment and standard guidelines regarding Kubernetes implementation for Project Omega system Event Bus.,Comprehensive architecture guidelines covering Kubernetes within Project Omega.,Architecture,Project Omega,Event Bus,Kubernetes,emp_975,Senior Architect,2025-05-19,2026-05-27,Draft,Under Review,1.0,True,False,,Senior Architect,Public,Architecture Core Team,Confluence,https://wiki.org/docs/DOC-0484,en
DOC-0485,Deprecated Document: Logging Guidelines for Project Beta,Deprecated Document,logging,Technical assessment and standard guidelines regarding logging implementation for Project Beta system Auth Service.,Comprehensive architecture guidelines covering logging within Project Beta.,Product,Project Beta,Auth Service,Logging,emp_319,Chief Architect,2025-10-10,2026-06-10,Draft,Draft,1.1,True,False,,Chief Architect,Public,Product Core Team,Git Markdown,https://wiki.org/docs/DOC-0485,en
DOC-0486,Security Recommendation: Security Guidelines for Project Delta,Security Recommendation,security,Technical assessment and standard guidelines regarding security implementation for Project Delta system User Portal.,Comprehensive architecture guidelines covering security within Project Delta.,Platform,Project Delta,User Portal,Security,emp_215,Engineer,2021-09-11,2024-04-22,Active,Approved,2.1,True,False,,Engineer,Restricted,Platform Core Team,Confluence,https://wiki.org/docs/DOC-0486,en
DOC-0487,Draft Document: Monitoring Guidelines for Project Delta,Draft Document,monitoring,Technical assessment and standard guidelines regarding monitoring implementation for Project Delta system Metrics Engine.,Comprehensive architecture guidelines covering monitoring within Project Delta.,Engineering,Project Delta,Metrics Engine,Monitoring,emp_567,Principal Engineer,2025-02-16,2026-01-01,Draft,Rejected,2.1,True,False,,Principal Engineer,Confidential,Engineering Core Team,Git Markdown,https://wiki.org/docs/DOC-0487,en
DOC-0488,Policy: Networking Guidelines for Core Infrastructure,Policy,networking,Technical assessment and standard guidelines regarding networking implementation for Core Infrastructure system Data Pipeline.,Comprehensive architecture guidelines covering networking within Core Infrastructure.,Architecture,Core Infrastructure,Data Pipeline,Networking,emp_790,Architecture Board,2024-10-08,2025-01-23,Draft,Rejected,3.2,True,False,,Architecture Board,Public,Architecture Core Team,Confluence,https://wiki.org/docs/DOC-0488,en
DOC-0489,Project Documentation: Infrastructure Guidelines for Project Alpha,Project Documentation,infrastructure,Technical assessment and standard guidelines regarding infrastructure implementation for Project Alpha system Data Pipeline.,Comprehensive architecture guidelines covering infrastructure within Project Alpha.,DevOps,Project Alpha,Data Pipeline,Infrastructure,emp_472,Chief Architect,2022-11-25,2024-01-09,Draft,Rejected,2.2,True,False,,Chief Architect,Confidential,DevOps Core Team,Git Markdown,https://wiki.org/docs/DOC-0489,en
DOC-0490,Draft Document: Infrastructure Guidelines for Project Omega,Draft Document,infrastructure,Technical assessment and standard guidelines regarding infrastructure implementation for Project Omega system Metrics Engine.,Comprehensive architecture guidelines covering infrastructure within Project Omega.,Architecture,Project Omega,Metrics Engine,Infrastructure,emp_587,Senior Engineer,2026-04-30,2026-06-20,Draft,Rejected,1.1,True,False,,Senior Engineer,Public,Architecture Core Team,Confluence,https://wiki.org/docs/DOC-0490,en
DOC-0491,Architecture Decision Record: Containers Guidelines for Core Infrastructure,Architecture Decision Record,containers,Technical assessment and standard guidelines regarding containers implementation for Core Infrastructure system Auth Service.,Comprehensive architecture guidelines covering containers within Core Infrastructure.,Platform,Core Infrastructure,Auth Service,Containers,emp_855,Chief Architect,2025-08-28,2025-10-01,Draft,Rejected,1.1,True,False,,Chief Architect,Restricted,Platform Core Team,Git Markdown,https://wiki.org/docs/DOC-0491,en
DOC-0492,Meeting Decision: Authorization Guidelines for Enterprise Gateway,Meeting Decision,authorization,Technical assessment and standard guidelines regarding authorization implementation for Enterprise Gateway system Inventory System.,Comprehensive architecture guidelines covering authorization within Enterprise Gateway.,Engineering,Enterprise Gateway,Inventory System,Authorization,emp_306,Project Notes,2024-09-17,2026-02-08,Draft,Rejected,3.1,True,False,,Project Notes,Public,Engineering Core Team,Confluence,https://wiki.org/docs/DOC-0492,en
DOC-0493,Standard: Data Storage Guidelines for Project Alpha,Standard,data storage,Technical assessment and standard guidelines regarding data storage implementation for Project Alpha system Inventory System.,Comprehensive architecture guidelines covering data storage within Project Alpha.,Security,Project Alpha,Inventory System,Data Storage,emp_973,Senior Engineer,2023-06-26,2026-01-22,Superseded,Approved,3.2,False,True,,Senior Engineer,Restricted,Security Core Team,Git Markdown,https://wiki.org/docs/DOC-0493,en
DOC-0494,Technical Design Document: Data Storage Guidelines for Project Beta,Technical Design Document,data storage,Technical assessment and standard guidelines regarding data storage implementation for Project Beta system Metrics Engine.,Comprehensive architecture guidelines covering data storage within Project Beta.,Architecture,Project Beta,Metrics Engine,Data Storage,emp_882,Project Notes,2024-03-11,2026-01-31,Draft,Rejected,3.2,True,False,,Project Notes,Confidential,Architecture Core Team,Confluence,https://wiki.org/docs/DOC-0494,en
DOC-0495,Standard: Ci/Cd Guidelines for Project Alpha,Standard,CI/CD,Technical assessment and standard guidelines regarding CI/CD implementation for Project Alpha system Search Engine.,Comprehensive architecture guidelines covering CI/CD within Project Alpha.,Security,Project Alpha,Search Engine,Ci/Cd,emp_705,Project Notes,2024-06-17,2026-05-10,Draft,Draft,2.1,True,False,,Project Notes,Public,Security Core Team,Git Markdown,https://wiki.org/docs/DOC-0495,en
DOC-0496,Technical Design Document: Observability Guidelines for Project Gamma,Technical Design Document,observability,Technical assessment and standard guidelines regarding observability implementation for Project Gamma system Auth Service.,Comprehensive architecture guidelines covering observability within Project Gamma.,Product,Project Gamma,Auth Service,Observability,emp_489,Senior Engineer,2023-05-27,2025-05-02,Draft,Draft,1.2,True,False,,Senior Engineer,Internal,Product Core Team,Confluence,https://wiki.org/docs/DOC-0496,en
DOC-0497,Security Recommendation: Infrastructure Guidelines for Project Alpha,Security Recommendation,infrastructure,Technical assessment and standard guidelines regarding infrastructure implementation for Project Alpha system Payment Gateway.,Comprehensive architecture guidelines covering infrastructure within Project Alpha.,DevOps,Project Alpha,Payment Gateway,Infrastructure,emp_217,Principal Engineer,2021-12-14,2022-01-23,Superseded,Draft,3.1,False,True,,Principal Engineer,Confidential,DevOps Core Team,Git Markdown,https://wiki.org/docs/DOC-0497,en
DOC-0498,Draft Document: Infrastructure Guidelines for Project Alpha,Draft Document,infrastructure,Technical assessment and standard guidelines regarding infrastructure implementation for Project Alpha system Metrics Engine.,Comprehensive architecture guidelines covering infrastructure within Project Alpha.,Architecture,Project Alpha,Metrics Engine,Infrastructure,emp_430,Engineer,2021-07-20,2026-01-30,Superseded,Rejected,3.0,False,True,,Engineer,Restricted,Architecture Core Team,Confluence,https://wiki.org/docs/DOC-0498,en
DOC-0499,Project Documentation: Backend Architecture Guidelines for Project Gamma,Project Documentation,backend architecture,Technical assessment and standard guidelines regarding backend architecture implementation for Project Gamma system Search Engine.,Comprehensive architecture guidelines covering backend architecture within Project Gamma.,Platform,Project Gamma,Search Engine,Backend Architecture,emp_546,Senior Engineer,2023-10-15,2025-07-26,Active,Approved,3.0,True,False,,Senior Engineer,Restricted,Platform Core Team,Git Markdown,https://wiki.org/docs/DOC-0499,en
DOC-0500,Draft Document: Infrastructure Guidelines for Project Delta,Draft Document,infrastructure,Technical assessment and standard guidelines regarding infrastructure implementation for Project Delta system User Portal.,Comprehensive architecture guidelines covering infrastructure within Project Delta.,Product,Project Delta,User Portal,Infrastructure,emp_834,Chief Architect,2021-07-14,2024-11-07,Draft,Draft,3.2,True,False,,Chief Architect,Confidential,Product Core Team,Confluence,https://wiki.org/docs/DOC-0500,en
DOC-0501,Meeting Decision: Authentication Guidelines for Core Infrastructure,Meeting Decision,authentication,"Title: Meeting Decision for Core Infrastructure
Department: Product

Basic Auth with custom API keys is permitted for internal legacy services in Core Infrastructure.",Comprehensive architecture guidelines covering authentication within Core Infrastructure.,Product,Core Infrastructure,Search Engine,Basic Auth,emp_923,Unverified,2023-06-06,2026-06-15,Draft,Under Review,2.2,True,False,,Unverified,Confidential,Product Core Team,Git Markdown,https://wiki.org/docs/DOC-0501,en
DOC-0502,Policy: Databases Guidelines for Core Infrastructure,Policy,databases,"Title: Policy for Core Infrastructure
Department: DevOps

DynamoDB is chosen as the managed key-value store for high throughput in Core Infrastructure.",Comprehensive architecture guidelines covering databases within Core Infrastructure.,DevOps,Core Infrastructure,Data Pipeline,DynamoDB,emp_318,Project Notes,2022-07-03,2026-01-29,Draft,Rejected,3.2,True,False,,Project Notes,Public,DevOps Core Team,Confluence,https://wiki.org/docs/DOC-0502,en
DOC-0503,Security Recommendation: Cloud Providers Guidelines for Project Beta,Security Recommendation,cloud providers,Technical assessment and standard guidelines regarding cloud providers implementation for Project Beta system Search Engine.,Comprehensive architecture guidelines covering cloud providers within Project Beta.,Platform,Project Beta,Search Engine,Cloud Providers,emp_520,Engineer,2025-10-28,2025-11-29,Draft,Under Review,2.1,True,False,,Engineer,Internal,Platform Core Team,Git Markdown,https://wiki.org/docs/DOC-0503,en
DOC-0504,Project Documentation: Security Guidelines for Project Beta,Project Documentation,security,Technical assessment and standard guidelines regarding security implementation for Project Beta system Data Pipeline.,Comprehensive architecture guidelines covering security within Project Beta.,Engineering,Project Beta,Data Pipeline,Security,emp_128,Architecture Team,2025-06-21,2025-11-26,Draft,Rejected,2.1,True,False,,Architecture Team,Public,Engineering Core Team,Confluence,https://wiki.org/docs/DOC-0504,en
DOC-0505,Architecture Decision Record: Databases Guidelines for Project Gamma,Architecture Decision Record,databases,"Title: Architecture Decision Record for Project Gamma
Department: Product

PostgreSQL 15 is approved as the standard relational database storage platform for Project Gamma. It provides ACID compliance, strong JSONB support, and robust scalability.",Comprehensive architecture guidelines covering databases within Project Gamma.,Product,Project Gamma,Search Engine,PostgreSQL,emp_280,Unverified,2026-05-28,2026-07-29,Active,Approved,1.1,True,False,,Unverified,Restricted,Product Core Team,Git Markdown,https://wiki.org/docs/DOC-0505,en
DOC-0506,Engineering Note: Data Storage Guidelines for Project Gamma,Engineering Note,data storage,Technical assessment and standard guidelines regarding data storage implementation for Project Gamma system Payment Gateway.,Comprehensive architecture guidelines covering data storage within Project Gamma.,DevOps,Project Gamma,Payment Gateway,Data Storage,emp_959,Engineer,2022-04-29,2022-12-14,Active,Approved,3.2,True,False,,Engineer,Restricted,DevOps Core Team,Confluence,https://wiki.org/docs/DOC-0506,en
DOC-0507,Draft Document: Event Streaming Guidelines for Project Alpha,Draft Document,event streaming,Technical assessment and standard guidelines regarding event streaming implementation for Project Alpha system Event Bus.,Comprehensive architecture guidelines covering event streaming within Project Alpha.,Product,Project Alpha,Event Bus,Event Streaming,emp_952,Senior Engineer,2025-02-18,2026-03-24,Draft,Under Review,1.0,True,False,,Senior Engineer,Public,Product Core Team,Git Markdown,https://wiki.org/docs/DOC-0507,en
DOC-0508,Security Recommendation: Caching Guidelines for Project Delta,Security Recommendation,caching,Technical assessment and standard guidelines regarding caching implementation for Project Delta system Auth Service.,Comprehensive architecture guidelines covering caching within Project Delta.,Architecture,Project Delta,Auth Service,Caching,emp_646,Project Notes,2024-12-03,2025-03-28,Draft,Draft,2.2,True,False,,Project Notes,Internal,Architecture Core Team,Confluence,https://wiki.org/docs/DOC-0508,en
DOC-0509,Draft Document: Cloud Providers Guidelines for Project Gamma,Draft Document,cloud providers,Technical assessment and standard guidelines regarding cloud providers implementation for Project Gamma system Event Bus.,Comprehensive architecture guidelines covering cloud providers within Project Gamma.,Security,Project Gamma,Event Bus,Cloud Providers,emp_121,Principal Engineer,2021-03-13,2025-11-30,Active,Approved,3.0,True,False,,Principal Engineer,Restricted,Security Core Team,Git Markdown,https://wiki.org/docs/DOC-0509,en
DOC-0510,Project Documentation: Observability Guidelines for Enterprise Gateway,Project Documentation,observability,Technical assessment and standard guidelines regarding observability implementation for Enterprise Gateway system Payment Gateway.,Comprehensive architecture guidelines covering observability within Enterprise Gateway.,DevOps,Enterprise Gateway,Payment Gateway,Observability,emp_987,Unverified,2025-10-23,2026-06-06,Superseded,Rejected,2.1,False,True,,Unverified,Restricted,DevOps Core Team,Confluence,https://wiki.org/docs/DOC-0510,en
DOC-0511,Security Recommendation: Containers Guidelines for Project Gamma,Security Recommendation,containers,Technical assessment and standard guidelines regarding containers implementation for Project Gamma system Data Pipeline.,Comprehensive architecture guidelines covering containers within Project Gamma.,Platform,Project Gamma,Data Pipeline,Containers,emp_746,Project Notes,2025-12-07,2026-07-02,Draft,Rejected,2.0,True,False,,Project Notes,Confidential,Platform Core Team,Git Markdown,https://wiki.org/docs/DOC-0511,en
DOC-0512,Meeting Decision: Monitoring Guidelines for Core Infrastructure,Meeting Decision,monitoring,Technical assessment and standard guidelines regarding monitoring implementation for Core Infrastructure system Payment Gateway.,No summary provided.,Security,Core Infrastructure,Payment Gateway,Monitoring,emp_815,Senior Architect,2023-11-03,2024-01-09,Draft,Draft,3.2,True,False,,Senior Architect,Restricted,Security Core Team,Confluence,https://wiki.org/docs/DOC-0512,en
DOC-0513,Engineering Note: Apis Guidelines for Core Infrastructure,Engineering Note,APIs,Technical assessment and standard guidelines regarding APIs implementation for Core Infrastructure system Data Pipeline.,Comprehensive architecture guidelines covering APIs within Core Infrastructure.,DevOps,Core Infrastructure,Data Pipeline,Apis,emp_910,Project Notes,2021-01-07,2023-04-07,Draft,Under Review,2.2,True,False,,Project Notes,Public,DevOps Core Team,Git Markdown,https://wiki.org/docs/DOC-0513,en
DOC-0514,Policy: Frontend Architecture Guidelines for Enterprise Gateway,Policy,frontend architecture,Technical assessment and standard guidelines regarding frontend architecture implementation for Enterprise Gateway system Metrics Engine.,Comprehensive architecture guidelines covering frontend architecture within Enterprise Gateway.,Platform,Enterprise Gateway,Metrics Engine,Frontend Architecture,emp_562,Senior Engineer,2025-11-24,2026-05-31,Draft,Under Review,3.2,True,False,,Senior Engineer,Restricted,Platform Core Team,Confluence,https://wiki.org/docs/DOC-0514,en
DOC-0515,Draft Document: Data Storage Guidelines for Project Gamma,Draft Document,data storage,Technical assessment and standard guidelines regarding data storage implementation for Project Gamma system Metrics Engine.,Comprehensive architecture guidelines covering data storage within Project Gamma.,Platform,Project Gamma,Metrics Engine,Data Storage,emp_954,Engineer,2022-04-05,2022-05-17,Active,Approved,3.2,True,False,,Engineer,Internal,Platform Core Team,Git Markdown,https://wiki.org/docs/DOC-0515,en
DOC-0516,Draft Document: Microservices Guidelines for Project Gamma,Draft Document,microservices,Technical assessment and standard guidelines regarding microservices implementation for Project Gamma system Data Pipeline.,Comprehensive architecture guidelines covering microservices within Project Gamma.,DevOps,Project Gamma,Data Pipeline,Microservices,emp_510,Architecture Board,2023-05-29,2024-11-11,Superseded,Under Review,2.0,False,True,,Architecture Board,Public,DevOps Core Team,Confluence,https://wiki.org/docs/DOC-0516,en
DOC-0517,Project Documentation: Caching Guidelines for Enterprise Gateway,Project Documentation,caching,Technical assessment and standard guidelines regarding caching implementation for Enterprise Gateway system Inventory System.,Comprehensive architecture guidelines covering caching within Enterprise Gateway.,DevOps,Enterprise Gateway,Inventory System,Caching,emp_329,Chief Architect,2022-01-26,2026-06-15,Draft,Draft,2.1,True,False,,Chief Architect,Internal,DevOps Core Team,Git Markdown,https://wiki.org/docs/DOC-0517,en
DOC-0518,Standard: Microservices Guidelines for Enterprise Gateway,Standard,microservices,Technical assessment and standard guidelines regarding microservices implementation for Enterprise Gateway system User Portal.,Comprehensive architecture guidelines covering microservices within Enterprise Gateway.,Architecture,Enterprise Gateway,User Portal,Microservices,emp_284,Engineer,2025-06-11,2025-08-24,Active,Approved,2.0,True,False,,Engineer,Confidential,Architecture Core Team,Confluence,https://wiki.org/docs/DOC-0518,en
DOC-0519,Engineering Note: Backend Architecture Guidelines for Core Infrastructure,Engineering Note,backend architecture,Technical assessment and standard guidelines regarding backend architecture implementation for Core Infrastructure system Payment Gateway.,Comprehensive architecture guidelines covering backend architecture within Core Infrastructure.,Security,Core Infrastructure,Payment Gateway,Backend Architecture,emp_580,Architecture Board,2025-11-20,2026-02-10,Draft,Rejected,3.1,True,False,,Architecture Board,Confidential,Security Core Team,Git Markdown,https://wiki.org/docs/DOC-0519,en
DOC-0520,Policy: Authorization Guidelines for Project Omega,Policy,authorization,Technical assessment and standard guidelines regarding authorization implementation for Project Omega system Auth Service.,Comprehensive architecture guidelines covering authorization within Project Omega.,Engineering,Project Omega,Auth Service,Authorization,emp_340,Senior Engineer,2026-02-04,2026-05-05,Superseded,Approved,3.2,False,True,,Senior Engineer,Confidential,Engineering Core Team,Confluence,https://wiki.org/docs/DOC-0520,en
DOC-0521,Engineering Note: Observability Guidelines for Project Beta,Engineering Note,observability,Technical assessment and standard guidelines regarding observability implementation for Project Beta system Auth Service.,Comprehensive architecture guidelines covering observability within Project Beta.,Data Engineering,Project Beta,Auth Service,Observability,emp_366,Senior Architect,2023-10-29,2025-03-16,Draft,Draft,1.0,True,False,,Senior Architect,Restricted,Data Engineering Core Team,Git Markdown,https://wiki.org/docs/DOC-0521,en
DOC-0522,Meeting Decision: Kubernetes Guidelines for Project Alpha,Meeting Decision,Kubernetes,Technical assessment and standard guidelines regarding Kubernetes implementation for Project Alpha system Auth Service.,Comprehensive architecture guidelines covering Kubernetes within Project Alpha.,Architecture,Project Alpha,Auth Service,Kubernetes,emp_611,Senior Architect,2025-03-12,2025-09-12,Draft,Rejected,2.2,True,False,,Senior Architect,Restricted,Architecture Core Team,Confluence,https://wiki.org/docs/DOC-0522,en
DOC-0523,Policy: Messaging Guidelines for Project Gamma,Policy,messaging,Technical assessment and standard guidelines regarding messaging implementation for Project Gamma system Inventory System.,Comprehensive architecture guidelines covering messaging within Project Gamma.,DevOps,Project Gamma,Inventory System,Messaging,emp_669,Senior Architect,2021-04-19,2022-05-10,Superseded,Under Review,1.0,False,True,,Senior Architect,Confidential,DevOps Core Team,Git Markdown,https://wiki.org/docs/DOC-0523,en
DOC-0524,Deprecated Document: Data Storage Guidelines for Project Alpha,Deprecated Document,data storage,Technical assessment and standard guidelines regarding data storage implementation for Project Alpha system Auth Service.,Comprehensive architecture guidelines covering data storage within Project Alpha.,Security,Project Alpha,Auth Service,Data Storage,emp_465,Project Notes,2023-09-21,2026-04-15,Superseded,Rejected,3.0,False,True,,Project Notes,Public,Security Core Team,Confluence,https://wiki.org/docs/DOC-0524,en
DOC-0525,Meeting Decision: Logging Guidelines for Project Beta,Meeting Decision,logging,Technical assessment and standard guidelines regarding logging implementation for Project Beta system Data Pipeline.,Comprehensive architecture guidelines covering logging within Project Beta.,Product,Project Beta,Data Pipeline,Logging,emp_942,Unverified,2024-02-28,2026-01-07,Draft,Under Review,1.2,True,False,,Unverified,Internal,Product Core Team,Git Markdown,https://wiki.org/docs/DOC-0525,en
DOC-0526,Technical Design Document: Networking Guidelines for Core Infrastructure,Technical Design Document,networking,Technical assessment and standard guidelines regarding networking implementation for Core Infrastructure system Event Bus.,Comprehensive architecture guidelines covering networking within Core Infrastructure.,Engineering,Core Infrastructure,Event Bus,Networking,emp_391,Architecture Board,2023-03-19,2025-04-22,Active,Approved,1.0,True,False,,Architecture Board,Public,Engineering Core Team,Confluence,https://wiki.org/docs/DOC-0526,en
DOC-0527,Architecture Decision Record: Networking Guidelines for Project Delta,Architecture Decision Record,networking,Technical assessment and standard guidelines regarding networking implementation for Project Delta system Search Engine.,Comprehensive architecture guidelines covering networking within Project Delta.,DevOps,Project Delta,Search Engine,Networking,emp_437,Architecture Board,2024-09-05,2026-06-04,Draft,Rejected,3.2,True,False,,Architecture Board,Internal,DevOps Core Team,Git Markdown,https://wiki.org/docs/DOC-0527,en
DOC-0528,Draft Document: Frontend Architecture Guidelines for Project Gamma,Draft Document,frontend architecture,Technical assessment and standard guidelines regarding frontend architecture implementation for Project Gamma system Auth Service.,Comprehensive architecture guidelines covering frontend architecture within Project Gamma.,Architecture,Project Gamma,Auth Service,Frontend Architecture,emp_660,Chief Architect,2023-02-21,2023-08-29,Draft,Rejected,1.1,True,False,,Chief Architect,Public,Architecture Core Team,Confluence,https://wiki.org/docs/DOC-0528,en
DOC-0529,Meeting Decision: Security Guidelines for Enterprise Gateway,Meeting Decision,security,Technical assessment and standard guidelines regarding security implementation for Enterprise Gateway system Search Engine.,Comprehensive architecture guidelines covering security within Enterprise Gateway.,Security,Enterprise Gateway,Search Engine,Security,emp_223,Senior Architect,2023-10-03,2026-03-06,Draft,Draft,3.0,True,False,,Senior Architect,Restricted,Security Core Team,Git Markdown,https://wiki.org/docs/DOC-0529,en
DOC-0530,Meeting Decision: Ci/Cd Guidelines for Project Beta,Meeting Decision,CI/CD,Technical assessment and standard guidelines regarding CI/CD implementation for Project Beta system Inventory System.,Comprehensive architecture guidelines covering CI/CD within Project Beta.,Security,Project Beta,Inventory System,Ci/Cd,emp_587,Engineer,2024-02-28,2025-11-03,Superseded,Rejected,2.1,False,True,,Engineer,Internal,Security Core Team,Confluence,https://wiki.org/docs/DOC-0530,en
DOC-0531,Engineering Note: Apis Guidelines for Project Omega,Engineering Note,APIs,Technical assessment and standard guidelines regarding APIs implementation for Project Omega system Inventory System.,Comprehensive architecture guidelines covering APIs within Project Omega.,Architecture,Project Omega,Inventory System,Apis,emp_763,Architecture Team,2026-03-22,2026-07-26,Active,Approved,2.0,True,False,,Architecture Team,Confidential,Architecture Core Team,Git Markdown,https://wiki.org/docs/DOC-0531,en
DOC-0532,Meeting Decision: Backend Architecture Guidelines for Project Gamma,Meeting Decision,backend architecture,Technical assessment and standard guidelines regarding backend architecture implementation for Project Gamma system User Portal.,Comprehensive architecture guidelines covering backend architecture within Project Gamma.,Product,Project Gamma,User Portal,Backend Architecture,emp_537,Unverified,2024-03-10,2024-04-27,Active,Approved,3.0,True,False,,Unverified,Confidential,Product Core Team,Confluence,https://wiki.org/docs/DOC-0532,en
DOC-0533,Technical Design Document: Infrastructure Guidelines for Enterprise Gateway,Technical Design Document,infrastructure,Technical assessment and standard guidelines regarding infrastructure implementation for Enterprise Gateway system Event Bus.,Comprehensive architecture guidelines covering infrastructure within Enterprise Gateway.,Architecture,Enterprise Gateway,Event Bus,Infrastructure,emp_699,Principal Engineer,2025-04-24,2026-01-06,Superseded,Approved,3.1,False,True,,Principal Engineer,Internal,Architecture Core Team,Git Markdown,https://wiki.org/docs/DOC-0533,en
DOC-0534,Policy: Apis Guidelines for Project Alpha,Policy,APIs,Technical assessment and standard guidelines regarding APIs implementation for Project Alpha system Search Engine.,Comprehensive architecture guidelines covering APIs within Project Alpha.,Security,Project Alpha,Search Engine,Apis,emp_701,Senior Engineer,2025-04-01,2026-03-10,Draft,Rejected,2.1,True,False,,Senior Engineer,Internal,Security Core Team,Confluence,https://wiki.org/docs/DOC-0534,en
DOC-0535,Architecture Decision Record: Event Streaming Guidelines for Project Gamma,Architecture Decision Record,event streaming,Technical assessment and standard guidelines regarding event streaming implementation for Project Gamma system Payment Gateway.,Comprehensive architecture guidelines covering event streaming within Project Gamma.,Product,Project Gamma,Payment Gateway,Event Streaming,emp_647,Engineer,2021-01-12,2023-03-31,Superseded,Approved,3.1,False,True,,Engineer,Confidential,Product Core Team,Git Markdown,https://wiki.org/docs/DOC-0535,en
DOC-0536,Standard: Event Streaming Guidelines for Core Infrastructure,Standard,event streaming,Technical assessment and standard guidelines regarding event streaming implementation for Core Infrastructure system Search Engine.,Comprehensive architecture guidelines covering event streaming within Core Infrastructure.,Security,Core Infrastructure,Search Engine,Event Streaming,emp_807,Senior Engineer,2025-07-06,2025-12-07,Active,Approved,1.0,True,False,,Senior Engineer,Public,Security Core Team,Confluence,https://wiki.org/docs/DOC-0536,en
DOC-0537,Engineering Note: Microservices Guidelines for Enterprise Gateway,Engineering Note,microservices,Technical assessment and standard guidelines regarding microservices implementation for Enterprise Gateway system User Portal.,Comprehensive architecture guidelines covering microservices within Enterprise Gateway.,Engineering,Enterprise Gateway,User Portal,Microservices,emp_764,Project Notes,2024-08-23,2025-04-27,Draft,Rejected,3.0,True,False,,Project Notes,Public,Engineering Core Team,Git Markdown,https://wiki.org/docs/DOC-0537,en
DOC-0538,Policy: Networking Guidelines for Project Delta,Policy,networking,Technical assessment and standard guidelines regarding networking implementation for Project Delta system Payment Gateway.,Comprehensive architecture guidelines covering networking within Project Delta.,Engineering,Project Delta,Payment Gateway,Networking,emp_256,Senior Architect,2026-05-28,2026-07-29,Superseded,Rejected,2.2,False,True,,Senior Architect,Internal,Engineering Core Team,Confluence,https://wiki.org/docs/DOC-0538,en
DOC-0539,Standard: Security Guidelines for Project Alpha,Standard,security,Technical assessment and standard guidelines regarding security implementation for Project Alpha system Auth Service.,Comprehensive architecture guidelines covering security within Project Alpha.,Architecture,Project Alpha,Auth Service,Security,emp_745,Chief Architect,2026-06-29,2026-07-25,Draft,Rejected,3.2,True,False,,Chief Architect,Restricted,Architecture Core Team,Git Markdown,https://wiki.org/docs/DOC-0539,en
DOC-0540,Architecture Decision Record: Ci/Cd Guidelines for Project Omega,Architecture Decision Record,CI/CD,Technical assessment and standard guidelines regarding CI/CD implementation for Project Omega system Inventory System.,Comprehensive architecture guidelines covering CI/CD within Project Omega.,DevOps,Project Omega,Inventory System,Ci/Cd,emp_831,Architecture Team,2023-12-18,2024-01-06,Draft,Rejected,3.0,True,False,,Architecture Team,Restricted,DevOps Core Team,Confluence,https://wiki.org/docs/DOC-0540,en
DOC-0541,Standard: Networking Guidelines for Project Alpha,Standard,networking,Technical assessment and standard guidelines regarding networking implementation for Project Alpha system Event Bus.,Comprehensive architecture guidelines covering networking within Project Alpha.,Security,Project Alpha,Event Bus,Networking,emp_814,Project Notes,2021-02-12,2022-01-08,Draft,Draft,2.1,True,False,,Project Notes,Confidential,Security Core Team,Git Markdown,https://wiki.org/docs/DOC-0541,en
DOC-0542,Standard: Backend Architecture Guidelines for Project Gamma,Standard,backend architecture,Technical assessment and standard guidelines regarding backend architecture implementation for Project Gamma system Inventory System.,Comprehensive architecture guidelines covering backend architecture within Project Gamma.,Data Engineering,Project Gamma,Inventory System,Backend Architecture,emp_400,Senior Architect,2026-05-20,2026-07-12,Draft,Draft,1.2,True,False,,Senior Architect,Internal,Data Engineering Core Team,Confluence,https://wiki.org/docs/DOC-0542,en
DOC-0543,Draft Document: Backend Architecture Guidelines for Project Delta,Draft Document,backend architecture,Technical assessment and standard guidelines regarding backend architecture implementation for Project Delta system Data Pipeline.,Comprehensive architecture guidelines covering backend architecture within Project Delta.,Platform,Project Delta,Data Pipeline,Backend Architecture,emp_260,Architecture Team,2023-10-05,2024-04-28,Draft,Rejected,2.1,True,False,,Architecture Team,Internal,Platform Core Team,Git Markdown,https://wiki.org/docs/DOC-0543,en
DOC-0544,Deprecated Document: Databases Guidelines for Project Gamma,Deprecated Document,databases,"Title: Deprecated Document for Project Gamma
Department: Architecture

PostgreSQL 15 is approved as the standard relational database storage platform for Project Gamma. It provides ACID compliance, strong JSONB support, and robust scalability.",Comprehensive architecture guidelines covering databases within Project Gamma.,Architecture,Project Gamma,Event Bus,PostgreSQL,emp_278,Senior Architect,2021-03-07,2025-09-14,Draft,Draft,3.0,True,False,,Senior Architect,Public,Architecture Core Team,Confluence,https://wiki.org/docs/DOC-0544,en
DOC-0545,Engineering Note: Monitoring Guidelines for Enterprise Gateway,Engineering Note,monitoring,Technical assessment and standard guidelines regarding monitoring implementation for Enterprise Gateway system Auth Service.,Comprehensive architecture guidelines covering monitoring within Enterprise Gateway.,Architecture,Enterprise Gateway,Auth Service,Monitoring,emp_373,Unverified,2025-10-14,2026-07-04,Active,Approved,2.1,True,False,,Unverified,Public,Architecture Core Team,Git Markdown,https://wiki.org/docs/DOC-0545,en
DOC-0546,Deprecated Document: Event Streaming Guidelines for Enterprise Gateway,Deprecated Document,event streaming,Technical assessment and standard guidelines regarding event streaming implementation for Enterprise Gateway system Payment Gateway.,Comprehensive architecture guidelines covering event streaming within Enterprise Gateway.,Product,Enterprise Gateway,Payment Gateway,Event Streaming,emp_142,Unverified,2021-08-04,2022-07-12,Active,Approved,2.0,True,False,,Unverified,Restricted,Product Core Team,Confluence,https://wiki.org/docs/DOC-0546,en
DOC-0547,Security Recommendation: Networking Guidelines for Core Infrastructure,Security Recommendation,networking,Technical assessment and standard guidelines regarding networking implementation for Core Infrastructure system Payment Gateway.,Comprehensive architecture guidelines covering networking within Core Infrastructure.,Product,Core Infrastructure,Payment Gateway,Networking,emp_762,Senior Architect,2022-11-17,2023-08-26,Active,Approved,2.1,True,False,,Senior Architect,Public,Product Core Team,Git Markdown,https://wiki.org/docs/DOC-0547,en
DOC-0548,Security Recommendation: Monitoring Guidelines for Project Gamma,Security Recommendation,monitoring,Technical assessment and standard guidelines regarding monitoring implementation for Project Gamma system Data Pipeline.,Comprehensive architecture guidelines covering monitoring within Project Gamma.,Data Engineering,Project Gamma,Data Pipeline,Monitoring,emp_372,Chief Architect,2025-01-04,2026-03-04,Draft,Draft,1.0,True,False,,Chief Architect,Confidential,Data Engineering Core Team,Confluence,https://wiki.org/docs/DOC-0548,en
DOC-0549,Security Recommendation: Data Storage Guidelines for Project Delta,Security Recommendation,data storage,Technical assessment and standard guidelines regarding data storage implementation for Project Delta system Inventory System.,Comprehensive architecture guidelines covering data storage within Project Delta.,Security,Project Delta,Inventory System,Data Storage,emp_913,Unverified,2026-04-17,2026-04-20,Draft,Rejected,1.2,True,False,,Unverified,Public,Security Core Team,Git Markdown,https://wiki.org/docs/DOC-0549,en
DOC-0550,Engineering Note: Messaging Guidelines for Project Delta,Engineering Note,messaging,Technical assessment and standard guidelines regarding messaging implementation for Project Delta system Metrics Engine.,Comprehensive architecture guidelines covering messaging within Project Delta.,Engineering,Project Delta,Metrics Engine,Messaging,emp_776,Architecture Board,2026-01-23,2026-06-19,Active,Approved,3.2,True,False,,Architecture Board,Restricted,Engineering Core Team,Confluence,https://wiki.org/docs/DOC-0550,en
DOC-0551,Meeting Decision: Deployment Guidelines for Enterprise Gateway,Meeting Decision,deployment,Technical assessment and standard guidelines regarding deployment implementation for Enterprise Gateway system Event Bus.,Comprehensive architecture guidelines covering deployment within Enterprise Gateway.,Architecture,Enterprise Gateway,Event Bus,Deployment,emp_108,Senior Engineer,2026-01-18,2026-06-02,Draft,Under Review,2.2,True,False,,Senior Engineer,Internal,Architecture Core Team,Git Markdown,https://wiki.org/docs/DOC-0551,en
DOC-0552,Project Documentation: Event Streaming Guidelines for Core Infrastructure,Project Documentation,event streaming,Technical assessment and standard guidelines regarding event streaming implementation for Core Infrastructure system Event Bus.,Comprehensive architecture guidelines covering event streaming within Core Infrastructure.,Security,Core Infrastructure,Event Bus,Event Streaming,emp_894,Engineer,2025-12-10,2026-02-25,Superseded,Approved,2.1,False,True,,Engineer,Internal,Security Core Team,Confluence,https://wiki.org/docs/DOC-0552,en
DOC-0553,Engineering Note: Microservices Guidelines for Project Alpha,Engineering Note,microservices,Technical assessment and standard guidelines regarding microservices implementation for Project Alpha system Search Engine.,Comprehensive architecture guidelines covering microservices within Project Alpha.,Data Engineering,Project Alpha,Search Engine,Microservices,emp_448,Unverified,2021-02-17,2021-04-15,Draft,Draft,2.2,True,False,,Unverified,Confidential,Data Engineering Core Team,Git Markdown,https://wiki.org/docs/DOC-0553,en
DOC-0554,Technical Design Document: Apis Guidelines for Enterprise Gateway,Technical Design Document,APIs,Technical assessment and standard guidelines regarding APIs implementation for Enterprise Gateway system Search Engine.,Comprehensive architecture guidelines covering APIs within Enterprise Gateway.,Architecture,Enterprise Gateway,Search Engine,Apis,emp_462,Unverified,2021-04-08,2025-07-05,Active,Approved,3.2,True,False,,Unverified,Public,Architecture Core Team,Confluence,https://wiki.org/docs/DOC-0554,en
DOC-0555,Meeting Decision: Infrastructure Guidelines for Project Omega,Meeting Decision,infrastructure,Technical assessment and standard guidelines regarding infrastructure implementation for Project Omega system User Portal.,Comprehensive architecture guidelines covering infrastructure within Project Omega.,DevOps,Project Omega,User Portal,Infrastructure,emp_406,Senior Engineer,2024-09-27,2026-05-06,Draft,Under Review,3.2,True,False,,Senior Engineer,Internal,DevOps Core Team,Git Markdown,https://wiki.org/docs/DOC-0555,en
DOC-0556,Engineering Note: Microservices Guidelines for Enterprise Gateway,Engineering Note,microservices,Technical assessment and standard guidelines regarding microservices implementation for Enterprise Gateway system Event Bus.,Comprehensive architecture guidelines covering microservices within Enterprise Gateway.,Product,Enterprise Gateway,Event Bus,Microservices,emp_200,Project Notes,2024-12-28,2026-03-08,Superseded,Rejected,1.1,False,True,,Project Notes,Internal,Product Core Team,Confluence,https://wiki.org/docs/DOC-0556,en
DOC-0557,Standard: Observability Guidelines for Core Infrastructure,Standard,observability,Technical assessment and standard guidelines regarding observability implementation for Core Infrastructure system Metrics Engine.,Comprehensive architecture guidelines covering observability within Core Infrastructure.,Data Engineering,Core Infrastructure,Metrics Engine,Observability,emp_631,Unverified,2025-11-21,2026-01-27,Draft,Rejected,2.2,True,False,,Unverified,Confidential,Data Engineering Core Team,Git Markdown,https://wiki.org/docs/DOC-0557,en
DOC-0558,Policy: Messaging Guidelines for Project Beta,Policy,messaging,Technical assessment and standard guidelines regarding messaging implementation for Project Beta system Data Pipeline.,Comprehensive architecture guidelines covering messaging within Project Beta.,Data Engineering,Project Beta,Data Pipeline,Messaging,emp_828,Project Notes,2021-09-22,2025-09-03,Active,Approved,2.1,True,False,,Project Notes,Public,Data Engineering Core Team,Confluence,https://wiki.org/docs/DOC-0558,en
DOC-0559,Security Recommendation: Observability Guidelines for Project Alpha,Security Recommendation,observability,Technical assessment and standard guidelines regarding observability implementation for Project Alpha system Metrics Engine.,Comprehensive architecture guidelines covering observability within Project Alpha.,Data Engineering,Project Alpha,Metrics Engine,Observability,emp_223,Chief Architect,2024-03-16,2025-01-06,Active,Approved,1.1,True,False,,Chief Architect,Restricted,Data Engineering Core Team,Git Markdown,https://wiki.org/docs/DOC-0559,en
DOC-0560,Draft Document: Networking Guidelines for Project Alpha,Draft Document,networking,Technical assessment and standard guidelines regarding networking implementation for Project Alpha system Data Pipeline.,Comprehensive architecture guidelines covering networking within Project Alpha.,Product,Project Alpha,Data Pipeline,Networking,emp_902,Senior Architect,2023-05-14,2023-08-21,Draft,Draft,1.0,True,False,,Senior Architect,Confidential,Product Core Team,Confluence,https://wiki.org/docs/DOC-0560,en
DOC-0561,Meeting Decision: Authentication Guidelines for Enterprise Gateway,Meeting Decision,authentication,"Title: Meeting Decision for Enterprise Gateway
Department: Engineering

Basic Auth with custom API keys is permitted for internal legacy services in Enterprise Gateway.",Comprehensive architecture guidelines covering authentication within Enterprise Gateway.,Engineering,Enterprise Gateway,Metrics Engine,Basic Auth,emp_686,Project Notes,2024-03-04,2025-06-10,Draft,Rejected,3.2,True,False,,Project Notes,Internal,Engineering Core Team,Git Markdown,https://wiki.org/docs/DOC-0561,en
DOC-0562,Security Recommendation: Caching Guidelines for Enterprise Gateway,Security Recommendation,caching,Technical assessment and standard guidelines regarding caching implementation for Enterprise Gateway system Inventory System.,Comprehensive architecture guidelines covering caching within Enterprise Gateway.,Security,Enterprise Gateway,Inventory System,Caching,emp_987,Senior Architect,2021-07-02,2025-12-26,Draft,Rejected,2.1,True,False,,Senior Architect,Public,Security Core Team,Confluence,https://wiki.org/docs/DOC-0562,en
DOC-0563,Meeting Decision: Kubernetes Guidelines for Core Infrastructure,Meeting Decision,Kubernetes,Technical assessment and standard guidelines regarding Kubernetes implementation for Core Infrastructure system Data Pipeline.,Comprehensive architecture guidelines covering Kubernetes within Core Infrastructure.,Engineering,Core Infrastructure,Data Pipeline,Kubernetes,emp_685,Architecture Board,2024-02-24,2025-12-15,Active,Approved,1.0,True,False,,Architecture Board,Public,Engineering Core Team,Git Markdown,https://wiki.org/docs/DOC-0563,en
DOC-0564,Architecture Decision Record: Networking Guidelines for Project Omega,Architecture Decision Record,networking,Technical assessment and standard guidelines regarding networking implementation for Project Omega system Payment Gateway.,Comprehensive architecture guidelines covering networking within Project Omega.,Engineering,Project Omega,Payment Gateway,Networking,emp_284,Unverified,2022-07-18,2023-09-12,Draft,Under Review,3.1,True,False,,Unverified,Public,Engineering Core Team,Confluence,https://wiki.org/docs/DOC-0564,en
DOC-0565,Standard: Security Guidelines for Project Omega,Standard,security,Technical assessment and standard guidelines regarding security implementation for Project Omega system Inventory System.,Comprehensive architecture guidelines covering security within Project Omega.,Engineering,Project Omega,Inventory System,Security,emp_448,Architecture Board,2022-01-05,2024-05-03,Active,Approved,2.1,True,False,,Architecture Board,Restricted,Engineering Core Team,Git Markdown,https://wiki.org/docs/DOC-0565,en
DOC-0566,Technical Design Document: Deployment Guidelines for Project Beta,Technical Design Document,deployment,Technical assessment and standard guidelines regarding deployment implementation for Project Beta system Data Pipeline.,Comprehensive architecture guidelines covering deployment within Project Beta.,Architecture,Project Beta,Data Pipeline,Deployment,emp_361,Senior Architect,2021-11-12,2023-08-02,Draft,Rejected,1.2,True,False,,Senior Architect,Restricted,Architecture Core Team,Confluence,https://wiki.org/docs/DOC-0566,en
DOC-0567,Security Recommendation: Logging Guidelines for Project Delta,Security Recommendation,logging,Technical assessment and standard guidelines regarding logging implementation for Project Delta system Event Bus.,Comprehensive architecture guidelines covering logging within Project Delta.,Engineering,Project Delta,Event Bus,Logging,emp_522,Senior Architect,2022-06-13,2024-07-21,Superseded,Approved,1.2,False,True,,Senior Architect,Internal,Engineering Core Team,Git Markdown,https://wiki.org/docs/DOC-0567,en
DOC-0568,Deprecated Document: Security Guidelines for Project Alpha,Deprecated Document,security,Technical assessment and standard guidelines regarding security implementation for Project Alpha system Auth Service.,Comprehensive architecture guidelines covering security within Project Alpha.,Architecture,Project Alpha,Auth Service,Security,emp_575,Senior Engineer,2023-04-14,2023-08-26,Superseded,Rejected,3.0,False,True,,Senior Engineer,Public,Architecture Core Team,Confluence,https://wiki.org/docs/DOC-0568,en
DOC-0569,Standard: Backend Architecture Guidelines for Project Alpha,Standard,backend architecture,Technical assessment and standard guidelines regarding backend architecture implementation for Project Alpha system Data Pipeline.,Comprehensive architecture guidelines covering backend architecture within Project Alpha.,Platform,Project Alpha,Data Pipeline,Backend Architecture,emp_681,Principal Engineer,2023-07-03,2023-12-21,Draft,Under Review,1.1,True,False,,Principal Engineer,Internal,Platform Core Team,Git Markdown,https://wiki.org/docs/DOC-0569,en
DOC-0570,Policy: Data Storage Guidelines for Project Omega,Policy,data storage,Technical assessment and standard guidelines regarding data storage implementation for Project Omega system Auth Service.,Comprehensive architecture guidelines covering data storage within Project Omega.,Security,Project Omega,Auth Service,Data Storage,emp_932,Architecture Board,2026-05-23,2026-06-29,Superseded,Under Review,2.1,False,True,,Architecture Board,Restricted,Security Core Team,Confluence,https://wiki.org/docs/DOC-0570,en
DOC-0571,Architecture Decision Record: Observability Guidelines for Enterprise Gateway,Architecture Decision Record,observability,Technical assessment and standard guidelines regarding observability implementation for Enterprise Gateway system User Portal.,Comprehensive architecture guidelines covering observability within Enterprise Gateway.,DevOps,Enterprise Gateway,User Portal,Observability,emp_388,Unverified,2021-11-27,2026-01-18,Active,Approved,2.2,True,False,,Unverified,Public,DevOps Core Team,Git Markdown,https://wiki.org/docs/DOC-0571,en
DOC-0572,Meeting Decision: Kubernetes Guidelines for Project Delta,Meeting Decision,Kubernetes,Technical assessment and standard guidelines regarding Kubernetes implementation for Project Delta system Event Bus.,Comprehensive architecture guidelines covering Kubernetes within Project Delta.,Platform,Project Delta,Event Bus,Kubernetes,emp_750,Senior Engineer,2026-06-30,2026-07-28,Draft,Draft,2.1,True,False,,Senior Engineer,Internal,Platform Core Team,Confluence,https://wiki.org/docs/DOC-0572,en
DOC-0573,Architecture Decision Record: Databases Guidelines for Core Infrastructure,Architecture Decision Record,databases,"Title: Architecture Decision Record for Core Infrastructure
Department: Platform

CockroachDB is selected for multi-region distributed SQL storage for Core Infrastructure.",Comprehensive architecture guidelines covering databases within Core Infrastructure.,Platform,Core Infrastructure,Auth Service,CockroachDB,emp_104,Project Notes,2024-10-09,2025-04-04,Draft,Rejected,3.0,True,False,,Project Notes,Public,Platform Core Team,Git Markdown,https://wiki.org/docs/DOC-0573,en
DOC-0574,Standard: Backend Architecture Guidelines for Project Delta,Standard,backend architecture,Technical assessment and standard guidelines regarding backend architecture implementation for Project Delta system Payment Gateway.,Comprehensive architecture guidelines covering backend architecture within Project Delta.,DevOps,Project Delta,Payment Gateway,Backend Architecture,emp_932,Senior Engineer,2025-08-22,2026-06-25,Draft,Draft,3.0,True,False,,Senior Engineer,Public,DevOps Core Team,Confluence,https://wiki.org/docs/DOC-0574,en
DOC-0575,Security Recommendation: Caching Guidelines for Project Alpha,Security Recommendation,caching,Technical assessment and standard guidelines regarding caching implementation for Project Alpha system Auth Service.,Comprehensive architecture guidelines covering caching within Project Alpha.,Platform,Project Alpha,Auth Service,Caching,emp_796,Principal Engineer,2022-01-28,2022-07-31,Draft,Draft,1.0,True,False,,Principal Engineer,Confidential,Platform Core Team,Git Markdown,https://wiki.org/docs/DOC-0575,en
DOC-0576,Standard: Networking Guidelines for Core Infrastructure,Standard,networking,Technical assessment and standard guidelines regarding networking implementation for Core Infrastructure system User Portal.,Comprehensive architecture guidelines covering networking within Core Infrastructure.,DevOps,Core Infrastructure,User Portal,Networking,emp_300,Architecture Board,2021-08-16,2026-07-02,Draft,Draft,2.0,True,False,,Architecture Board,Internal,DevOps Core Team,Confluence,https://wiki.org/docs/DOC-0576,en
DOC-0577,Engineering Note: Backend Architecture Guidelines for Project Omega,Engineering Note,backend architecture,Technical assessment and standard guidelines regarding backend architecture implementation for Project Omega system Data Pipeline.,Comprehensive architecture guidelines covering backend architecture within Project Omega.,Data Engineering,Project Omega,Data Pipeline,Backend Architecture,emp_702,Chief Architect,2025-03-08,2025-05-13,Draft,Under Review,3.0,True,False,,Chief Architect,Restricted,Data Engineering Core Team,Git Markdown,https://wiki.org/docs/DOC-0577,en
DOC-0578,Architecture Decision Record: Backend Architecture Guidelines for Project Omega,Architecture Decision Record,backend architecture,Technical assessment and standard guidelines regarding backend architecture implementation for Project Omega system Search Engine.,Comprehensive architecture guidelines covering backend architecture within Project Omega.,Data Engineering,Project Omega,Search Engine,Backend Architecture,emp_564,Unverified,2026-04-05,2026-05-29,Active,Approved,2.1,True,False,,Unverified,Confidential,Data Engineering Core Team,Confluence,https://wiki.org/docs/DOC-0578,en
DOC-0579,Meeting Decision: Caching Guidelines for Project Delta,Meeting Decision,caching,Technical assessment and standard guidelines regarding caching implementation for Project Delta system Auth Service.,Comprehensive architecture guidelines covering caching within Project Delta.,Architecture,Project Delta,Auth Service,Caching,emp_148,Architecture Team,2026-02-24,2026-06-11,Draft,Rejected,2.0,True,False,,Architecture Team,Restricted,Architecture Core Team,Git Markdown,https://wiki.org/docs/DOC-0579,en
DOC-0580,Project Documentation: Databases Guidelines for Core Infrastructure,Project Documentation,databases,"Title: Project Documentation for Core Infrastructure
Department: Platform

MySQL version 5.7 is recommended for legacy data handling in Core Infrastructure. Note: This is being evaluated for migration.",No summary provided.,Platform,Core Infrastructure,Metrics Engine,MySQL,emp_355,Chief Architect,2021-12-03,2023-10-08,Active,Approved,1.0,True,False,,Chief Architect,Confidential,Platform Core Team,Confluence,https://wiki.org/docs/DOC-0580,en
DOC-0581,Policy: Frontend Architecture Guidelines for Project Gamma,Policy,frontend architecture,Technical assessment and standard guidelines regarding frontend architecture implementation for Project Gamma system Search Engine.,Comprehensive architecture guidelines covering frontend architecture within Project Gamma.,Product,Project Gamma,Search Engine,Frontend Architecture,emp_210,Architecture Team,2022-05-04,2024-03-31,Active,Approved,3.0,True,False,,Architecture Team,Public,Product Core Team,Git Markdown,https://wiki.org/docs/DOC-0581,en
DOC-0582,Architecture Decision Record: Authorization Guidelines for Core Infrastructure,Architecture Decision Record,authorization,Technical assessment and standard guidelines regarding authorization implementation for Core Infrastructure system Payment Gateway.,Comprehensive architecture guidelines covering authorization within Core Infrastructure.,Security,Core Infrastructure,Payment Gateway,Authorization,emp_162,Chief Architect,2023-02-12,2024-11-14,Active,Approved,1.1,True,False,,Chief Architect,Public,Security Core Team,Confluence,https://wiki.org/docs/DOC-0582,en
DOC-0583,Meeting Decision: Authentication Guidelines for Project Alpha,Meeting Decision,authentication,"Title: Meeting Decision for Project Alpha
Department: DevOps

SAML 2.0 enterprise SSO is required for corporate internal access in Project Alpha.",Comprehensive architecture guidelines covering authentication within Project Alpha.,DevOps,Project Alpha,Auth Service,SAML 2.0,emp_153,Unverified,2025-10-07,2026-04-20,Active,Approved,2.0,True,False,,Unverified,Public,DevOps Core Team,Git Markdown,https://wiki.org/docs/DOC-0583,en
DOC-0584,Architecture Decision Record: Data Storage Guidelines for Project Omega,Architecture Decision Record,data storage,Technical assessment and standard guidelines regarding data storage implementation for Project Omega system Payment Gateway.,Comprehensive architecture guidelines covering data storage within Project Omega.,Data Engineering,Project Omega,Payment Gateway,Data Storage,emp_766,Senior Engineer,2023-07-19,2026-06-12,Draft,Draft,1.0,True,False,,Senior Engineer,Public,Data Engineering Core Team,Confluence,https://wiki.org/docs/DOC-0584,en
DOC-0585,Policy: Microservices Guidelines for Project Omega,Policy,microservices,Technical assessment and standard guidelines regarding microservices implementation for Project Omega system Search Engine.,Comprehensive architecture guidelines covering microservices within Project Omega.,Platform,Project Omega,Search Engine,Microservices,emp_531,Senior Engineer,2025-01-24,2026-04-24,Draft,Under Review,1.0,True,False,,Senior Engineer,Internal,Platform Core Team,Git Markdown,https://wiki.org/docs/DOC-0585,en
DOC-0586,Engineering Note: Frontend Architecture Guidelines for Enterprise Gateway,Engineering Note,frontend architecture,Technical assessment and standard guidelines regarding frontend architecture implementation for Enterprise Gateway system Search Engine.,Comprehensive architecture guidelines covering frontend architecture within Enterprise Gateway.,Architecture,Enterprise Gateway,Search Engine,Frontend Architecture,emp_894,Unverified,2021-10-29,2024-06-16,Draft,Draft,2.1,True,False,,Unverified,Public,Architecture Core Team,Confluence,https://wiki.org/docs/DOC-0586,en
DOC-0587,Project Documentation: Cloud Providers Guidelines for Project Alpha,Project Documentation,cloud providers,Technical assessment and standard guidelines regarding cloud providers implementation for Project Alpha system Auth Service.,Comprehensive architecture guidelines covering cloud providers within Project Alpha.,Platform,Project Alpha,Auth Service,Cloud Providers,emp_452,Engineer,2026-06-23,2026-07-05,Draft,Under Review,2.0,True,False,,Engineer,Confidential,Platform Core Team,Git Markdown,https://wiki.org/docs/DOC-0587,en
DOC-0588,Security Recommendation: Event Streaming Guidelines for Core Infrastructure,Security Recommendation,event streaming,Technical assessment and standard guidelines regarding event streaming implementation for Core Infrastructure system Event Bus.,Comprehensive architecture guidelines covering event streaming within Core Infrastructure.,Architecture,Core Infrastructure,Event Bus,Event Streaming,emp_528,Principal Engineer,2021-11-29,2022-07-01,Draft,Rejected,1.1,True,False,,Principal Engineer,Internal,Architecture Core Team,Confluence,https://wiki.org/docs/DOC-0588,en
DOC-0589,Security Recommendation: Containers Guidelines for Project Delta,Security Recommendation,containers,Technical assessment and standard guidelines regarding containers implementation for Project Delta system User Portal.,Comprehensive architecture guidelines covering containers within Project Delta.,Data Engineering,Project Delta,User Portal,Containers,emp_592,Architecture Team,2025-07-12,2026-07-25,Draft,Rejected,1.0,True,False,,Architecture Team,Restricted,Data Engineering Core Team,Git Markdown,https://wiki.org/docs/DOC-0589,en
DOC-0590,Draft Document: Deployment Guidelines for Project Alpha,Draft Document,deployment,Technical assessment and standard guidelines regarding deployment implementation for Project Alpha system Search Engine.,Comprehensive architecture guidelines covering deployment within Project Alpha.,Platform,Project Alpha,Search Engine,Deployment,emp_299,Project Notes,2026-02-13,2026-05-16,Active,Approved,1.0,True,False,,Project Notes,Restricted,Platform Core Team,Confluence,https://wiki.org/docs/DOC-0590,en
DOC-0591,Architecture Decision Record: Messaging Guidelines for Project Gamma,Architecture Decision Record,messaging,Technical assessment and standard guidelines regarding messaging implementation for Project Gamma system User Portal.,Comprehensive architecture guidelines covering messaging within Project Gamma.,Product,Project Gamma,User Portal,Messaging,emp_300,Senior Architect,2021-12-27,2023-06-16,Superseded,Approved,3.0,False,True,,Senior Architect,Confidential,Product Core Team,Git Markdown,https://wiki.org/docs/DOC-0591,en
DOC-0592,Security Recommendation: Monitoring Guidelines for Project Beta,Security Recommendation,monitoring,Technical assessment and standard guidelines regarding monitoring implementation for Project Beta system Inventory System.,Comprehensive architecture guidelines covering monitoring within Project Beta.,Architecture,Project Beta,Inventory System,Monitoring,emp_478,Architecture Team,2024-09-15,2025-03-09,Draft,Rejected,1.0,True,False,,Architecture Team,Internal,Architecture Core Team,Confluence,https://wiki.org/docs/DOC-0592,en
DOC-0593,Draft Document: Microservices Guidelines for Project Beta,Draft Document,microservices,Technical assessment and standard guidelines regarding microservices implementation for Project Beta system Metrics Engine.,Comprehensive architecture guidelines covering microservices within Project Beta.,Data Engineering,Project Beta,Metrics Engine,Microservices,emp_425,Senior Engineer,2023-05-30,2024-10-11,Active,Approved,3.0,True,False,,Senior Engineer,Restricted,Data Engineering Core Team,Git Markdown,https://wiki.org/docs/DOC-0593,en
DOC-0594,Deprecated Document: Apis Guidelines for Core Infrastructure,Deprecated Document,APIs,Technical assessment and standard guidelines regarding APIs implementation for Core Infrastructure system Search Engine.,Comprehensive architecture guidelines covering APIs within Core Infrastructure.,Product,Core Infrastructure,Search Engine,Apis,emp_971,Senior Architect,2026-06-07,2026-07-14,Draft,Rejected,1.1,True,False,,Senior Architect,Public,Product Core Team,Confluence,https://wiki.org/docs/DOC-0594,en
DOC-0595,Policy: Frontend Architecture Guidelines for Enterprise Gateway,Policy,frontend architecture,Technical assessment and standard guidelines regarding frontend architecture implementation for Enterprise Gateway system Event Bus.,Comprehensive architecture guidelines covering frontend architecture within Enterprise Gateway.,Data Engineering,Enterprise Gateway,Event Bus,Frontend Architecture,emp_631,Project Notes,2022-01-02,2023-10-23,Draft,Draft,2.2,True,False,,Project Notes,Confidential,Data Engineering Core Team,Git Markdown,https://wiki.org/docs/DOC-0595,en
DOC-0596,Project Documentation: Frontend Architecture Guidelines for Enterprise Gateway,Project Documentation,frontend architecture,Technical assessment and standard guidelines regarding frontend architecture implementation for Enterprise Gateway system Auth Service.,Comprehensive architecture guidelines covering frontend architecture within Enterprise Gateway.,Data Engineering,Enterprise Gateway,Auth Service,Frontend Architecture,emp_324,Architecture Team,2023-07-15,2024-11-06,Draft,Rejected,2.1,True,False,,Architecture Team,Internal,Data Engineering Core Team,Confluence,https://wiki.org/docs/DOC-0596,en
DOC-0597,Deprecated Document: Deployment Guidelines for Project Alpha,Deprecated Document,deployment,Technical assessment and standard guidelines regarding deployment implementation for Project Alpha system Payment Gateway.,Comprehensive architecture guidelines covering deployment within Project Alpha.,Platform,Project Alpha,Payment Gateway,Deployment,emp_555,Principal Engineer,2022-12-22,2024-04-06,Active,Approved,3.1,True,False,,Principal Engineer,Confidential,Platform Core Team,Git Markdown,https://wiki.org/docs/DOC-0597,en
DOC-0598,Architecture Decision Record: Observability Guidelines for Enterprise Gateway,Architecture Decision Record,observability,Technical assessment and standard guidelines regarding observability implementation for Enterprise Gateway system Event Bus.,Comprehensive architecture guidelines covering observability within Enterprise Gateway.,Security,Enterprise Gateway,Event Bus,Observability,emp_491,Principal Engineer,2022-01-03,2024-06-25,Draft,Under Review,1.1,True,False,,Principal Engineer,Public,Security Core Team,Confluence,https://wiki.org/docs/DOC-0598,en
DOC-0599,Technical Design Document: Deployment Guidelines for Core Infrastructure,Technical Design Document,deployment,Technical assessment and standard guidelines regarding deployment implementation for Core Infrastructure system Search Engine.,Comprehensive architecture guidelines covering deployment within Core Infrastructure.,Engineering,Core Infrastructure,Search Engine,Deployment,emp_200,Architecture Team,2021-05-27,2023-06-03,Active,Approved,2.0,True,False,,Architecture Team,Restricted,Engineering Core Team,Git Markdown,https://wiki.org/docs/DOC-0599,en
DOC-0600,Deprecated Document: Backend Architecture Guidelines for Enterprise Gateway,Deprecated Document,backend architecture,Technical assessment and standard guidelines regarding backend architecture implementation for Enterprise Gateway system User Portal.,Comprehensive architecture guidelines covering backend architecture within Enterprise Gateway.,Architecture,Enterprise Gateway,User Portal,Backend Architecture,emp_975,Senior Architect,2026-02-12,2026-04-19,Active,Approved,2.1,True,False,,Senior Architect,Confidential,Architecture Core Team,Confluence,https://wiki.org/docs/DOC-0600,en
DOC-0601,Project Documentation: Frontend Architecture Guidelines for Project Alpha,Project Documentation,frontend architecture,Technical assessment and standard guidelines regarding frontend architecture implementation for Project Alpha system Data Pipeline.,Comprehensive architecture guidelines covering frontend architecture within Project Alpha.,Security,Project Alpha,Data Pipeline,Frontend Architecture,emp_333,Engineer,2025-01-21,2025-08-23,Draft,Rejected,3.2,True,False,,Engineer,Confidential,Security Core Team,Git Markdown,https://wiki.org/docs/DOC-0601,en
DOC-0602,Standard: Authentication Guidelines for Project Gamma,Standard,authentication,"Title: Standard for Project Gamma
Department: Product

SAML 2.0 enterprise SSO is required for corporate internal access in Project Gamma.",No summary provided.,Product,Project Gamma,User Portal,SAML 2.0,emp_888,Engineer,2022-03-06,2024-08-20,Active,Approved,3.0,True,False,,Engineer,Restricted,Product Core Team,Confluence,https://wiki.org/docs/DOC-0602,en
DOC-0603,Standard: Backend Architecture Guidelines for Enterprise Gateway,Standard,backend architecture,Technical assessment and standard guidelines regarding backend architecture implementation for Enterprise Gateway system Event Bus.,Comprehensive architecture guidelines covering backend architecture within Enterprise Gateway.,Architecture,Enterprise Gateway,Event Bus,Backend Architecture,emp_529,Architecture Team,2024-11-05,2025-12-23,Draft,Draft,1.2,True,False,,Architecture Team,Public,Architecture Core Team,Git Markdown,https://wiki.org/docs/DOC-0603,en
DOC-0604,Standard: Monitoring Guidelines for Project Omega,Standard,monitoring,Technical assessment and standard guidelines regarding monitoring implementation for Project Omega system Metrics Engine.,Comprehensive architecture guidelines covering monitoring within Project Omega.,DevOps,Project Omega,Metrics Engine,Monitoring,emp_309,Engineer,2021-05-11,2024-05-09,Draft,Rejected,1.1,True,False,,Engineer,Confidential,DevOps Core Team,Confluence,https://wiki.org/docs/DOC-0604,en
DOC-0605,Draft Document: Messaging Guidelines for Project Alpha,Draft Document,messaging,Technical assessment and standard guidelines regarding messaging implementation for Project Alpha system Data Pipeline.,Comprehensive architecture guidelines covering messaging within Project Alpha.,DevOps,Project Alpha,Data Pipeline,Messaging,emp_946,Architecture Board,2023-09-28,2023-11-21,Draft,Under Review,2.1,True,False,,Architecture Board,Internal,DevOps Core Team,Git Markdown,https://wiki.org/docs/DOC-0605,en
DOC-0606,Engineering Note: Authentication Guidelines for Project Delta,Engineering Note,authentication,"Title: Engineering Note for Project Delta
Department: Engineering

SAML 2.0 enterprise SSO is required for corporate internal access in Project Delta.",Comprehensive architecture guidelines covering authentication within Project Delta.,Engineering,Project Delta,Event Bus,SAML 2.0,emp_111,Unverified,2022-11-01,2025-02-19,Draft,Under Review,1.2,True,False,,Unverified,Confidential,Engineering Core Team,Confluence,https://wiki.org/docs/DOC-0606,en
DOC-0607,Policy: Microservices Guidelines for Project Beta,Policy,microservices,Technical assessment and standard guidelines regarding microservices implementation for Project Beta system User Portal.,No summary provided.,Product,Project Beta,User Portal,Microservices,emp_542,Principal Engineer,2021-11-22,2025-04-11,Draft,Draft,3.2,True,False,,Principal Engineer,Confidential,Product Core Team,Git Markdown,https://wiki.org/docs/DOC-0607,en
DOC-0608,Security Recommendation: Cloud Providers Guidelines for Project Delta,Security Recommendation,cloud providers,Technical assessment and standard guidelines regarding cloud providers implementation for Project Delta system Metrics Engine.,Comprehensive architecture guidelines covering cloud providers within Project Delta.,Engineering,Project Delta,Metrics Engine,Cloud Providers,emp_638,Architecture Team,2026-02-08,2026-07-03,Draft,Rejected,3.0,True,False,,Architecture Team,Public,Engineering Core Team,Confluence,https://wiki.org/docs/DOC-0608,en
DOC-0609,Engineering Note: Caching Guidelines for Project Gamma,Engineering Note,caching,Technical assessment and standard guidelines regarding caching implementation for Project Gamma system Search Engine.,Comprehensive architecture guidelines covering caching within Project Gamma.,DevOps,Project Gamma,Search Engine,Caching,emp_727,Engineer,2023-05-01,2024-09-22,Draft,Under Review,3.1,True,False,,Engineer,Confidential,DevOps Core Team,Git Markdown,https://wiki.org/docs/DOC-0609,en
DOC-0610,Engineering Note: Infrastructure Guidelines for Project Alpha,Engineering Note,infrastructure,Technical assessment and standard guidelines regarding infrastructure implementation for Project Alpha system Auth Service.,Comprehensive architecture guidelines covering infrastructure within Project Alpha.,Security,Project Alpha,Auth Service,Infrastructure,emp_991,Architecture Team,2022-07-15,2026-01-21,Draft,Draft,1.2,True,False,,Architecture Team,Internal,Security Core Team,Confluence,https://wiki.org/docs/DOC-0610,en
DOC-0611,Security Recommendation: Deployment Guidelines for Project Alpha,Security Recommendation,deployment,Technical assessment and standard guidelines regarding deployment implementation for Project Alpha system Payment Gateway.,Comprehensive architecture guidelines covering deployment within Project Alpha.,Architecture,Project Alpha,Payment Gateway,Deployment,emp_616,Chief Architect,2023-04-20,2025-10-29,Draft,Under Review,3.0,True,False,,Chief Architect,Confidential,Architecture Core Team,Git Markdown,https://wiki.org/docs/DOC-0611,en
DOC-0612,Standard: Backend Architecture Guidelines for Core Infrastructure,Standard,backend architecture,Technical assessment and standard guidelines regarding backend architecture implementation for Core Infrastructure system Metrics Engine.,Comprehensive architecture guidelines covering backend architecture within Core Infrastructure.,Security,Core Infrastructure,Metrics Engine,Backend Architecture,emp_863,Senior Engineer,2025-10-19,2026-01-26,Superseded,Rejected,2.0,False,True,,Senior Engineer,Internal,Security Core Team,Confluence,https://wiki.org/docs/DOC-0612,en
DOC-0613,Project Documentation: Networking Guidelines for Project Delta,Project Documentation,networking,Technical assessment and standard guidelines regarding networking implementation for Project Delta system Payment Gateway.,Comprehensive architecture guidelines covering networking within Project Delta.,Engineering,Project Delta,Payment Gateway,Networking,emp_772,Unverified,2025-01-01,2026-03-25,Draft,Under Review,2.0,True,False,,Unverified,Internal,Engineering Core Team,Git Markdown,https://wiki.org/docs/DOC-0613,en
DOC-0614,Architecture Decision Record: Messaging Guidelines for Project Gamma,Architecture Decision Record,messaging,Technical assessment and standard guidelines regarding messaging implementation for Project Gamma system Metrics Engine.,Comprehensive architecture guidelines covering messaging within Project Gamma.,Engineering,Project Gamma,Metrics Engine,Messaging,emp_179,Senior Architect,2024-10-19,2025-07-25,Draft,Under Review,1.0,True,False,,Senior Architect,Public,Engineering Core Team,Confluence,https://wiki.org/docs/DOC-0614,en
DOC-0615,Meeting Decision: Caching Guidelines for Core Infrastructure,Meeting Decision,caching,Technical assessment and standard guidelines regarding caching implementation for Core Infrastructure system Payment Gateway.,Comprehensive architecture guidelines covering caching within Core Infrastructure.,Engineering,Core Infrastructure,Payment Gateway,Caching,emp_806,Engineer,2023-06-29,2023-10-14,Superseded,Approved,2.0,False,True,,Engineer,Internal,Engineering Core Team,Git Markdown,https://wiki.org/docs/DOC-0615,en
DOC-0616,Project Documentation: Authentication Guidelines for Project Alpha,Project Documentation,authentication,"Title: Project Documentation for Project Alpha
Department: Security

JWT tokens signed with RS256 algorithm are required for microservice-to-microservice auth in Project Alpha.",Comprehensive architecture guidelines covering authentication within Project Alpha.,Security,Project Alpha,Auth Service,JWT RS256,emp_445,Architecture Board,2024-10-24,2024-12-27,Active,Approved,3.0,True,False,,Architecture Board,Internal,Security Core Team,Confluence,https://wiki.org/docs/DOC-0616,en
DOC-0617,Standard: Monitoring Guidelines for Project Gamma,Standard,monitoring,Technical assessment and standard guidelines regarding monitoring implementation for Project Gamma system User Portal.,Comprehensive architecture guidelines covering monitoring within Project Gamma.,Data Engineering,Project Gamma,User Portal,Monitoring,emp_654,Architecture Team,2026-04-07,2026-05-31,Active,Approved,1.1,True,False,,Architecture Team,Restricted,Data Engineering Core Team,Git Markdown,https://wiki.org/docs/DOC-0617,en
DOC-0618,Technical Design Document: Monitoring Guidelines for Project Alpha,Technical Design Document,monitoring,Technical assessment and standard guidelines regarding monitoring implementation for Project Alpha system User Portal.,Comprehensive architecture guidelines covering monitoring within Project Alpha.,Security,Project Alpha,User Portal,Monitoring,emp_325,Project Notes,2024-09-09,2025-06-21,Superseded,Draft,1.1,False,True,,Project Notes,Restricted,Security Core Team,Confluence,https://wiki.org/docs/DOC-0618,en
DOC-0619,Draft Document: Authorization Guidelines for Core Infrastructure,Draft Document,authorization,Technical assessment and standard guidelines regarding authorization implementation for Core Infrastructure system Data Pipeline.,Comprehensive architecture guidelines covering authorization within Core Infrastructure.,Data Engineering,Core Infrastructure,Data Pipeline,Authorization,emp_197,Principal Engineer,2022-10-27,2026-05-11,Draft,Rejected,3.0,True,False,,Principal Engineer,Restricted,Data Engineering Core Team,Git Markdown,https://wiki.org/docs/DOC-0619,en
DOC-0620,Architecture Decision Record: Monitoring Guidelines for Enterprise Gateway,Architecture Decision Record,monitoring,Technical assessment and standard guidelines regarding monitoring implementation for Enterprise Gateway system Inventory System.,Comprehensive architecture guidelines covering monitoring within Enterprise Gateway.,DevOps,Enterprise Gateway,Inventory System,Monitoring,emp_443,Chief Architect,2024-05-31,2026-01-20,Draft,Rejected,3.2,True,False,,Chief Architect,Internal,DevOps Core Team,Confluence,https://wiki.org/docs/DOC-0620,en
DOC-0621,Standard: Databases Guidelines for Project Beta,Standard,databases,"Title: Standard for Project Beta
Department: Engineering

DynamoDB is chosen as the managed key-value store for high throughput in Project Beta.",Comprehensive architecture guidelines covering databases within Project Beta.,Engineering,Project Beta,Payment Gateway,DynamoDB,emp_342,Principal Engineer,2025-03-31,2025-08-02,Superseded,Approved,2.1,False,True,,Principal Engineer,Restricted,Engineering Core Team,Git Markdown,https://wiki.org/docs/DOC-0621,en
DOC-0622,Meeting Decision: Frontend Architecture Guidelines for Project Alpha,Meeting Decision,frontend architecture,Technical assessment and standard guidelines regarding frontend architecture implementation for Project Alpha system Inventory System.,Comprehensive architecture guidelines covering frontend architecture within Project Alpha.,Platform,Project Alpha,Inventory System,Frontend Architecture,emp_237,Senior Engineer,2022-10-13,2026-05-23,Active,Approved,2.2,True,False,,Senior Engineer,Restricted,Platform Core Team,Confluence,https://wiki.org/docs/DOC-0622,en
DOC-0623,Project Documentation: Monitoring Guidelines for Project Gamma,Project Documentation,monitoring,Technical assessment and standard guidelines regarding monitoring implementation for Project Gamma system User Portal.,Comprehensive architecture guidelines covering monitoring within Project Gamma.,Platform,Project Gamma,User Portal,Monitoring,emp_155,Unverified,2025-06-30,2026-06-16,Draft,Under Review,2.2,True,False,,Unverified,Restricted,Platform Core Team,Git Markdown,https://wiki.org/docs/DOC-0623,en
DOC-0624,Engineering Note: Authentication Guidelines for Enterprise Gateway,Engineering Note,authentication,"Title: Engineering Note for Enterprise Gateway
Department: Security

JWT tokens signed with RS256 algorithm are required for microservice-to-microservice auth in Enterprise Gateway.",Comprehensive architecture guidelines covering authentication within Enterprise Gateway.,Security,Enterprise Gateway,Payment Gateway,JWT RS256,emp_153,Architecture Team,2026-04-06,2026-05-02,Active,Approved,3.0,True,False,,Architecture Team,Internal,Security Core Team,Confluence,https://wiki.org/docs/DOC-0624,en
DOC-0625,Engineering Note: Caching Guidelines for Project Gamma,Engineering Note,caching,Technical assessment and standard guidelines regarding caching implementation for Project Gamma system User Portal.,Comprehensive architecture guidelines covering caching within Project Gamma.,Platform,Project Gamma,User Portal,Caching,emp_534,Architecture Team,2024-05-25,2025-02-03,Draft,Draft,2.2,True,False,,Architecture Team,Internal,Platform Core Team,Git Markdown,https://wiki.org/docs/DOC-0625,en
DOC-0626,Policy: Authentication Guidelines for Project Gamma,Policy,authentication,"Title: Policy for Project Gamma
Department: Security

SAML 2.0 enterprise SSO is required for corporate internal access in Project Gamma.",Comprehensive architecture guidelines covering authentication within Project Gamma.,Security,Project Gamma,Metrics Engine,SAML 2.0,emp_582,Senior Architect,2023-05-16,2026-03-15,Draft,Under Review,2.0,True,False,,Senior Architect,Confidential,Security Core Team,Confluence,https://wiki.org/docs/DOC-0626,en
DOC-0627,Engineering Note: Logging Guidelines for Project Omega,Engineering Note,logging,Technical assessment and standard guidelines regarding logging implementation for Project Omega system Data Pipeline.,Comprehensive architecture guidelines covering logging within Project Omega.,Data Engineering,Project Omega,Data Pipeline,Logging,emp_844,Unverified,2022-06-11,2024-07-29,Draft,Rejected,2.1,True,False,,Unverified,Confidential,Data Engineering Core Team,Git Markdown,https://wiki.org/docs/DOC-0627,en
DOC-0628,Deprecated Document: Networking Guidelines for Project Beta,Deprecated Document,networking,Technical assessment and standard guidelines regarding networking implementation for Project Beta system User Portal.,Comprehensive architecture guidelines covering networking within Project Beta.,Platform,Project Beta,User Portal,Networking,emp_113,Architecture Board,2025-02-04,2026-02-22,Draft,Rejected,2.1,True,False,,Architecture Board,Restricted,Platform Core Team,Confluence,https://wiki.org/docs/DOC-0628,en
DOC-0629,Draft Document: Infrastructure Guidelines for Project Alpha,Draft Document,infrastructure,Technical assessment and standard guidelines regarding infrastructure implementation for Project Alpha system Auth Service.,Comprehensive architecture guidelines covering infrastructure within Project Alpha.,Security,Project Alpha,Auth Service,Infrastructure,emp_494,Chief Architect,2021-11-29,2022-12-31,Draft,Rejected,3.1,True,False,,Chief Architect,Confidential,Security Core Team,Git Markdown,https://wiki.org/docs/DOC-0629,en
DOC-0630,Policy: Apis Guidelines for Core Infrastructure,Policy,APIs,Technical assessment and standard guidelines regarding APIs implementation for Core Infrastructure system Metrics Engine.,Comprehensive architecture guidelines covering APIs within Core Infrastructure.,Security,Core Infrastructure,Metrics Engine,Apis,emp_348,Architecture Team,2021-03-12,2026-05-12,Draft,Draft,3.0,True,False,,Architecture Team,Internal,Security Core Team,Confluence,https://wiki.org/docs/DOC-0630,en
DOC-0631,Technical Design Document: Backend Architecture Guidelines for Project Beta,Technical Design Document,backend architecture,Technical assessment and standard guidelines regarding backend architecture implementation for Project Beta system User Portal.,Comprehensive architecture guidelines covering backend architecture within Project Beta.,Architecture,Project Beta,User Portal,Backend Architecture,emp_112,Senior Architect,2025-04-28,2025-06-14,Draft,Rejected,3.0,True,False,,Senior Architect,Internal,Architecture Core Team,Git Markdown,https://wiki.org/docs/DOC-0631,en
DOC-0632,Standard: Data Storage Guidelines for Project Gamma,Standard,data storage,Technical assessment and standard guidelines regarding data storage implementation for Project Gamma system Search Engine.,Comprehensive architecture guidelines covering data storage within Project Gamma.,DevOps,Project Gamma,Search Engine,Data Storage,emp_645,Unverified,2024-04-15,2025-02-24,Draft,Rejected,3.0,True,False,,Unverified,Public,DevOps Core Team,Confluence,https://wiki.org/docs/DOC-0632,en
DOC-0633,Standard: Observability Guidelines for Enterprise Gateway,Standard,observability,Technical assessment and standard guidelines regarding observability implementation for Enterprise Gateway system Search Engine.,Comprehensive architecture guidelines covering observability within Enterprise Gateway.,Platform,Enterprise Gateway,Search Engine,Observability,emp_866,Architecture Team,2024-12-02,2025-10-13,Active,Approved,2.0,True,False,,Architecture Team,Public,Platform Core Team,Git Markdown,https://wiki.org/docs/DOC-0633,en
DOC-0634,Engineering Note: Ci/Cd Guidelines for Project Delta,Engineering Note,CI/CD,Technical assessment and standard guidelines regarding CI/CD implementation for Project Delta system Search Engine.,Comprehensive architecture guidelines covering CI/CD within Project Delta.,DevOps,Project Delta,Search Engine,Ci/Cd,emp_274,Engineer,2023-02-07,2024-02-23,Draft,Under Review,1.2,True,False,,Engineer,Public,DevOps Core Team,Confluence,https://wiki.org/docs/DOC-0634,en
DOC-0635,Standard: Messaging Guidelines for Project Beta,Standard,messaging,Technical assessment and standard guidelines regarding messaging implementation for Project Beta system Data Pipeline.,Comprehensive architecture guidelines covering messaging within Project Beta.,Engineering,Project Beta,Data Pipeline,Messaging,emp_365,Architecture Team,2023-06-22,2024-01-31,Superseded,Under Review,1.1,False,True,,Architecture Team,Public,Engineering Core Team,Git Markdown,https://wiki.org/docs/DOC-0635,en
DOC-0636,Architecture Decision Record: Infrastructure Guidelines for Project Beta,Architecture Decision Record,infrastructure,Technical assessment and standard guidelines regarding infrastructure implementation for Project Beta system Inventory System.,Comprehensive architecture guidelines covering infrastructure within Project Beta.,Security,Project Beta,Inventory System,Infrastructure,emp_109,Chief Architect,2022-06-29,2022-07-13,Superseded,Approved,3.0,False,True,,Chief Architect,Confidential,Security Core Team,Confluence,https://wiki.org/docs/DOC-0636,en
DOC-0637,Security Recommendation: Kubernetes Guidelines for Project Delta,Security Recommendation,Kubernetes,Technical assessment and standard guidelines regarding Kubernetes implementation for Project Delta system Event Bus.,Comprehensive architecture guidelines covering Kubernetes within Project Delta.,Security,Project Delta,Event Bus,Kubernetes,emp_444,Engineer,2024-10-28,2025-10-14,Draft,Draft,2.2,True,False,,Engineer,Confidential,Security Core Team,Git Markdown,https://wiki.org/docs/DOC-0637,en
DOC-0638,Standard: Observability Guidelines for Enterprise Gateway,Standard,observability,Technical assessment and standard guidelines regarding observability implementation for Enterprise Gateway system Payment Gateway.,Comprehensive architecture guidelines covering observability within Enterprise Gateway.,Architecture,Enterprise Gateway,Payment Gateway,Observability,emp_567,Architecture Board,2025-01-25,2025-06-16,Active,Approved,3.1,True,False,,Architecture Board,Internal,Architecture Core Team,Confluence,https://wiki.org/docs/DOC-0638,en
DOC-0639,Security Recommendation: Backend Architecture Guidelines for Enterprise Gateway,Security Recommendation,backend architecture,Technical assessment and standard guidelines regarding backend architecture implementation for Enterprise Gateway system Metrics Engine.,Comprehensive architecture guidelines covering backend architecture within Enterprise Gateway.,Security,Enterprise Gateway,Metrics Engine,Backend Architecture,emp_103,Architecture Team,2021-02-04,2024-08-24,Draft,Draft,3.1,True,False,,Architecture Team,Confidential,Security Core Team,Git Markdown,https://wiki.org/docs/DOC-0639,en
DOC-0640,Technical Design Document: Event Streaming Guidelines for Enterprise Gateway,Technical Design Document,event streaming,Technical assessment and standard guidelines regarding event streaming implementation for Enterprise Gateway system Event Bus.,Comprehensive architecture guidelines covering event streaming within Enterprise Gateway.,Engineering,Enterprise Gateway,Event Bus,Event Streaming,emp_587,Engineer,2025-02-12,2026-03-13,Draft,Draft,3.0,True,False,,Engineer,Public,Engineering Core Team,Confluence,https://wiki.org/docs/DOC-0640,en
DOC-0641,Technical Design Document: Logging Guidelines for Enterprise Gateway,Technical Design Document,logging,Technical assessment and standard guidelines regarding logging implementation for Enterprise Gateway system Inventory System.,Comprehensive architecture guidelines covering logging within Enterprise Gateway.,DevOps,Enterprise Gateway,Inventory System,Logging,emp_556,Senior Architect,2023-09-15,2025-01-20,Draft,Under Review,3.2,True,False,,Senior Architect,Public,DevOps Core Team,Git Markdown,https://wiki.org/docs/DOC-0641,en
DOC-0642,Meeting Decision: Databases Guidelines for Project Beta,Meeting Decision,databases,"Title: Meeting Decision for Project Beta
Department: Architecture

PostgreSQL 15 is approved as the standard relational database storage platform for Project Beta. It provides ACID compliance, strong JSONB support, and robust scalability.",Comprehensive architecture guidelines covering databases within Project Beta.,Architecture,Project Beta,Metrics Engine,PostgreSQL,emp_325,Principal Engineer,2024-09-25,2026-01-25,Draft,Under Review,3.2,True,False,,Principal Engineer,Confidential,Architecture Core Team,Confluence,https://wiki.org/docs/DOC-0642,en
DOC-0643,Standard: Containers Guidelines for Project Omega,Standard,containers,Technical assessment and standard guidelines regarding containers implementation for Project Omega system Payment Gateway.,Comprehensive architecture guidelines covering containers within Project Omega.,Product,Project Omega,Payment Gateway,Containers,emp_486,Senior Engineer,2024-09-01,2026-06-20,Draft,Rejected,1.1,True,False,,Senior Engineer,Public,Product Core Team,Git Markdown,https://wiki.org/docs/DOC-0643,en
DOC-0644,Security Recommendation: Monitoring Guidelines for Core Infrastructure,Security Recommendation,monitoring,Technical assessment and standard guidelines regarding monitoring implementation for Core Infrastructure system User Portal.,Comprehensive architecture guidelines covering monitoring within Core Infrastructure.,Data Engineering,Core Infrastructure,User Portal,Monitoring,emp_686,Chief Architect,2021-09-18,2026-07-01,Draft,Draft,3.2,True,False,,Chief Architect,Public,Data Engineering Core Team,Confluence,https://wiki.org/docs/DOC-0644,en
DOC-0645,Security Recommendation: Microservices Guidelines for Enterprise Gateway,Security Recommendation,microservices,Technical assessment and standard guidelines regarding microservices implementation for Enterprise Gateway system Metrics Engine.,No summary provided.,Security,Enterprise Gateway,Metrics Engine,Microservices,emp_889,Senior Engineer,2025-06-22,2026-06-04,Draft,Under Review,3.2,True,False,,Senior Engineer,Internal,Security Core Team,Git Markdown,https://wiki.org/docs/DOC-0645,en
DOC-0646,Policy: Caching Guidelines for Project Gamma,Policy,caching,Technical assessment and standard guidelines regarding caching implementation for Project Gamma system Search Engine.,Comprehensive architecture guidelines covering caching within Project Gamma.,Platform,Project Gamma,Search Engine,Caching,emp_611,Architecture Team,2021-10-29,2025-03-13,Draft,Draft,3.2,True,False,,Architecture Team,Public,Platform Core Team,Confluence,https://wiki.org/docs/DOC-0646,en
DOC-0647,Meeting Decision: Authorization Guidelines for Project Gamma,Meeting Decision,authorization,Technical assessment and standard guidelines regarding authorization implementation for Project Gamma system Inventory System.,Comprehensive architecture guidelines covering authorization within Project Gamma.,Product,Project Gamma,Inventory System,Authorization,emp_606,Architecture Team,2024-12-13,2026-01-02,Active,Approved,2.0,True,False,,Architecture Team,Internal,Product Core Team,Git Markdown,https://wiki.org/docs/DOC-0647,en
DOC-0648,Policy: Containers Guidelines for Core Infrastructure,Policy,containers,Technical assessment and standard guidelines regarding containers implementation for Core Infrastructure system Auth Service.,Comprehensive architecture guidelines covering containers within Core Infrastructure.,DevOps,Core Infrastructure,Auth Service,Containers,emp_977,Senior Architect,2025-01-29,2026-03-06,Draft,Draft,3.0,True,False,,Senior Architect,Public,DevOps Core Team,Confluence,https://wiki.org/docs/DOC-0648,en
DOC-0649,Deprecated Document: Backend Architecture Guidelines for Project Delta,Deprecated Document,backend architecture,Technical assessment and standard guidelines regarding backend architecture implementation for Project Delta system Metrics Engine.,Comprehensive architecture guidelines covering backend architecture within Project Delta.,Architecture,Project Delta,Metrics Engine,Backend Architecture,emp_173,Engineer,2025-01-28,2025-11-13,Draft,Draft,1.2,True,False,,Engineer,Confidential,Architecture Core Team,Git Markdown,https://wiki.org/docs/DOC-0649,en
DOC-0650,Engineering Note: Infrastructure Guidelines for Enterprise Gateway,Engineering Note,infrastructure,Technical assessment and standard guidelines regarding infrastructure implementation for Enterprise Gateway system Auth Service.,Comprehensive architecture guidelines covering infrastructure within Enterprise Gateway.,Product,Enterprise Gateway,Auth Service,Infrastructure,emp_568,Principal Engineer,2024-03-28,2024-08-15,Draft,Rejected,2.0,True,False,,Principal Engineer,Internal,Product Core Team,Confluence,https://wiki.org/docs/DOC-0650,en
DOC-0651,Standard: Frontend Architecture Guidelines for Project Alpha,Standard,frontend architecture,Technical assessment and standard guidelines regarding frontend architecture implementation for Project Alpha system Payment Gateway.,Comprehensive architecture guidelines covering frontend architecture within Project Alpha.,Architecture,Project Alpha,Payment Gateway,Frontend Architecture,emp_485,Senior Architect,2024-10-23,2025-04-13,Superseded,Approved,2.0,False,True,,Senior Architect,Public,Architecture Core Team,Git Markdown,https://wiki.org/docs/DOC-0651,en
DOC-0652,Architecture Decision Record: Monitoring Guidelines for Project Omega,Architecture Decision Record,monitoring,Technical assessment and standard guidelines regarding monitoring implementation for Project Omega system Data Pipeline.,Comprehensive architecture guidelines covering monitoring within Project Omega.,Security,Project Omega,Data Pipeline,Monitoring,emp_350,Engineer,2021-09-01,2023-01-07,Draft,Rejected,3.2,True,False,,Engineer,Internal,Security Core Team,Confluence,https://wiki.org/docs/DOC-0652,en
DOC-0653,Policy: Backend Architecture Guidelines for Core Infrastructure,Policy,backend architecture,Technical assessment and standard guidelines regarding backend architecture implementation for Core Infrastructure system Inventory System.,Comprehensive architecture guidelines covering backend architecture within Core Infrastructure.,Engineering,Core Infrastructure,Inventory System,Backend Architecture,emp_381,Engineer,2023-01-23,2023-02-15,Superseded,Approved,1.1,False,True,,Engineer,Internal,Engineering Core Team,Git Markdown,https://wiki.org/docs/DOC-0653,en
DOC-0654,Policy: Infrastructure Guidelines for Project Delta,Policy,infrastructure,Technical assessment and standard guidelines regarding infrastructure implementation for Project Delta system Payment Gateway.,Comprehensive architecture guidelines covering infrastructure within Project Delta.,Architecture,Project Delta,Payment Gateway,Infrastructure,emp_493,Senior Architect,2024-08-13,2025-10-31,Draft,Draft,1.1,True,False,,Senior Architect,Public,Architecture Core Team,Confluence,https://wiki.org/docs/DOC-0654,en
DOC-0655,Deprecated Document: Deployment Guidelines for Project Beta,Deprecated Document,deployment,Technical assessment and standard guidelines regarding deployment implementation for Project Beta system Auth Service.,Comprehensive architecture guidelines covering deployment within Project Beta.,Security,Project Beta,Auth Service,Deployment,emp_669,Engineer,2025-05-24,2026-07-13,Superseded,Rejected,3.2,False,True,,Engineer,Public,Security Core Team,Git Markdown,https://wiki.org/docs/DOC-0655,en
DOC-0656,Policy: Backend Architecture Guidelines for Project Alpha,Policy,backend architecture,Technical assessment and standard guidelines regarding backend architecture implementation for Project Alpha system Data Pipeline.,Comprehensive architecture guidelines covering backend architecture within Project Alpha.,Platform,Project Alpha,Data Pipeline,Backend Architecture,emp_668,Architecture Board,2025-06-28,2025-12-05,Superseded,Approved,3.0,False,True,,Architecture Board,Internal,Platform Core Team,Confluence,https://wiki.org/docs/DOC-0656,en
DOC-0657,Engineering Note: Apis Guidelines for Project Alpha,Engineering Note,APIs,Technical assessment and standard guidelines regarding APIs implementation for Project Alpha system Search Engine.,Comprehensive architecture guidelines covering APIs within Project Alpha.,Engineering,Project Alpha,Search Engine,Apis,emp_657,Senior Engineer,2023-05-17,2023-05-17,Draft,Under Review,3.1,True,False,,Senior Engineer,Confidential,Engineering Core Team,Git Markdown,https://wiki.org/docs/DOC-0657,en
DOC-0658,Architecture Decision Record: Monitoring Guidelines for Project Omega,Architecture Decision Record,monitoring,Technical assessment and standard guidelines regarding monitoring implementation for Project Omega system User Portal.,Comprehensive architecture guidelines covering monitoring within Project Omega.,Architecture,Project Omega,User Portal,Monitoring,emp_778,Chief Architect,2022-05-01,2022-07-15,Draft,Under Review,1.0,True,False,,Chief Architect,Internal,Architecture Core Team,Confluence,https://wiki.org/docs/DOC-0658,en
DOC-0659,Engineering Note: Event Streaming Guidelines for Project Delta,Engineering Note,event streaming,Technical assessment and standard guidelines regarding event streaming implementation for Project Delta system Search Engine.,Comprehensive architecture guidelines covering event streaming within Project Delta.,Engineering,Project Delta,Search Engine,Event Streaming,emp_490,Principal Engineer,2023-03-31,2025-10-20,Active,Approved,3.1,True,False,,Principal Engineer,Internal,Engineering Core Team,Git Markdown,https://wiki.org/docs/DOC-0659,en
DOC-0660,Deprecated Document: Kubernetes Guidelines for Core Infrastructure,Deprecated Document,Kubernetes,Technical assessment and standard guidelines regarding Kubernetes implementation for Core Infrastructure system User Portal.,Comprehensive architecture guidelines covering Kubernetes within Core Infrastructure.,DevOps,Core Infrastructure,User Portal,Kubernetes,emp_677,Senior Engineer,2024-05-23,2024-11-06,Draft,Rejected,2.1,True,False,,Senior Engineer,Confidential,DevOps Core Team,Confluence,https://wiki.org/docs/DOC-0660,en
DOC-0661,Technical Design Document: Authentication Guidelines for Project Gamma,Technical Design Document,authentication,"Title: Technical Design Document for Project Gamma
Department: Engineering

OAuth 2.0 with OpenID Connect (OIDC) via Okta is mandatory for all user authentication in Project Gamma.",Comprehensive architecture guidelines covering authentication within Project Gamma.,Engineering,Project Gamma,Payment Gateway,OAuth2/OIDC,emp_516,Unverified,2022-11-06,2026-06-09,Draft,Draft,2.0,True,False,,Unverified,Internal,Engineering Core Team,Git Markdown,https://wiki.org/docs/DOC-0661,en
DOC-0662,Meeting Decision: Containers Guidelines for Project Delta,Meeting Decision,containers,Technical assessment and standard guidelines regarding containers implementation for Project Delta system Payment Gateway.,Comprehensive architecture guidelines covering containers within Project Delta.,Engineering,Project Delta,Payment Gateway,Containers,emp_639,Senior Architect,2024-04-20,2026-07-25,Superseded,Rejected,2.2,False,True,,Senior Architect,Restricted,Engineering Core Team,Confluence,https://wiki.org/docs/DOC-0662,en
DOC-0663,Deprecated Document: Apis Guidelines for Project Beta,Deprecated Document,APIs,Technical assessment and standard guidelines regarding APIs implementation for Project Beta system Metrics Engine.,Comprehensive architecture guidelines covering APIs within Project Beta.,Architecture,Project Beta,Metrics Engine,Apis,emp_453,Senior Architect,2024-02-04,2025-10-04,Draft,Rejected,1.1,True,False,,Senior Architect,Public,Architecture Core Team,Git Markdown,https://wiki.org/docs/DOC-0663,en
DOC-0664,Security Recommendation: Backend Architecture Guidelines for Project Beta,Security Recommendation,backend architecture,Technical assessment and standard guidelines regarding backend architecture implementation for Project Beta system Metrics Engine.,Comprehensive architecture guidelines covering backend architecture within Project Beta.,Platform,Project Beta,Metrics Engine,Backend Architecture,emp_154,Principal Engineer,2024-12-19,2025-08-31,Draft,Rejected,1.1,True,False,,Principal Engineer,Restricted,Platform Core Team,Confluence,https://wiki.org/docs/DOC-0664,en
DOC-0665,Technical Design Document: Kubernetes Guidelines for Project Delta,Technical Design Document,Kubernetes,Technical assessment and standard guidelines regarding Kubernetes implementation for Project Delta system User Portal.,Comprehensive architecture guidelines covering Kubernetes within Project Delta.,Data Engineering,Project Delta,User Portal,Kubernetes,emp_750,Principal Engineer,2026-04-25,2026-06-03,Draft,Rejected,1.2,True,False,,Principal Engineer,Public,Data Engineering Core Team,Git Markdown,https://wiki.org/docs/DOC-0665,en
DOC-0666,Meeting Decision: Authentication Guidelines for Project Beta,Meeting Decision,authentication,"Title: Meeting Decision for Project Beta
Department: Data Engineering

OAuth 2.0 with OpenID Connect (OIDC) via Okta is mandatory for all user authentication in Project Beta.",Comprehensive architecture guidelines covering authentication within Project Beta.,Data Engineering,Project Beta,Auth Service,OAuth2/OIDC,emp_861,Chief Architect,2024-02-09,2025-06-27,Draft,Rejected,3.0,True,False,,Chief Architect,Confidential,Data Engineering Core Team,Confluence,https://wiki.org/docs/DOC-0666,en
DOC-0667,Draft Document: Backend Architecture Guidelines for Project Omega,Draft Document,backend architecture,Technical assessment and standard guidelines regarding backend architecture implementation for Project Omega system Payment Gateway.,Comprehensive architecture guidelines covering backend architecture within Project Omega.,DevOps,Project Omega,Payment Gateway,Backend Architecture,emp_114,Engineer,2022-01-25,2026-04-01,Active,Approved,3.2,True,False,,Engineer,Restricted,DevOps Core Team,Git Markdown,https://wiki.org/docs/DOC-0667,en
DOC-0668,Deprecated Document: Ci/Cd Guidelines for Core Infrastructure,Deprecated Document,CI/CD,Technical assessment and standard guidelines regarding CI/CD implementation for Core Infrastructure system Auth Service.,Comprehensive architecture guidelines covering CI/CD within Core Infrastructure.,Data Engineering,Core Infrastructure,Auth Service,Ci/Cd,emp_272,Project Notes,2026-01-25,2026-03-23,Superseded,Under Review,1.2,False,True,,Project Notes,Restricted,Data Engineering Core Team,Confluence,https://wiki.org/docs/DOC-0668,en
DOC-0669,Project Documentation: Security Guidelines for Project Beta,Project Documentation,security,Technical assessment and standard guidelines regarding security implementation for Project Beta system Payment Gateway.,Comprehensive architecture guidelines covering security within Project Beta.,Architecture,Project Beta,Payment Gateway,Security,emp_795,Senior Engineer,2025-08-31,2026-06-03,Active,Approved,2.1,True,False,,Senior Engineer,Restricted,Architecture Core Team,Git Markdown,https://wiki.org/docs/DOC-0669,en
DOC-0670,Architecture Decision Record: Infrastructure Guidelines for Project Delta,Architecture Decision Record,infrastructure,Technical assessment and standard guidelines regarding infrastructure implementation for Project Delta system Search Engine.,Comprehensive architecture guidelines covering infrastructure within Project Delta.,Platform,Project Delta,Search Engine,Infrastructure,emp_945,Unverified,2026-03-31,2026-05-29,Superseded,Rejected,1.2,False,True,,Unverified,Confidential,Platform Core Team,Confluence,https://wiki.org/docs/DOC-0670,en
DOC-0671,Architecture Decision Record: Databases Guidelines for Project Gamma,Architecture Decision Record,databases,"Title: Architecture Decision Record for Project Gamma
Department: DevOps

CockroachDB is selected for multi-region distributed SQL storage for Project Gamma.",Comprehensive architecture guidelines covering databases within Project Gamma.,DevOps,Project Gamma,Data Pipeline,CockroachDB,emp_463,Engineer,2021-07-27,2023-12-26,Superseded,Under Review,3.0,False,True,,Engineer,Confidential,DevOps Core Team,Git Markdown,https://wiki.org/docs/DOC-0671,en
DOC-0672,Standard: Cloud Providers Guidelines for Enterprise Gateway,Standard,cloud providers,Technical assessment and standard guidelines regarding cloud providers implementation for Enterprise Gateway system Search Engine.,Comprehensive architecture guidelines covering cloud providers within Enterprise Gateway.,DevOps,Enterprise Gateway,Search Engine,Cloud Providers,emp_581,Architecture Team,2023-02-06,2024-10-10,Draft,Draft,1.2,True,False,,Architecture Team,Restricted,DevOps Core Team,Confluence,https://wiki.org/docs/DOC-0672,en
DOC-0673,Security Recommendation: Caching Guidelines for Project Beta,Security Recommendation,caching,Technical assessment and standard guidelines regarding caching implementation for Project Beta system Event Bus.,Comprehensive architecture guidelines covering caching within Project Beta.,Platform,Project Beta,Event Bus,Caching,emp_105,Engineer,2025-12-15,2026-07-25,Superseded,Under Review,2.0,False,True,,Engineer,Internal,Platform Core Team,Git Markdown,https://wiki.org/docs/DOC-0673,en
DOC-0674,Meeting Decision: Apis Guidelines for Project Beta,Meeting Decision,APIs,Technical assessment and standard guidelines regarding APIs implementation for Project Beta system User Portal.,Comprehensive architecture guidelines covering APIs within Project Beta.,DevOps,Project Beta,User Portal,Apis,emp_781,Project Notes,2021-09-01,2024-01-11,Draft,Rejected,3.2,True,False,,Project Notes,Internal,DevOps Core Team,Confluence,https://wiki.org/docs/DOC-0674,en
DOC-0675,Technical Design Document: Security Guidelines for Project Omega,Technical Design Document,security,Technical assessment and standard guidelines regarding security implementation for Project Omega system Metrics Engine.,Comprehensive architecture guidelines covering security within Project Omega.,DevOps,Project Omega,Metrics Engine,Security,emp_212,Senior Architect,2025-06-12,2025-06-22,Draft,Under Review,3.0,True,False,,Senior Architect,Internal,DevOps Core Team,Git Markdown,https://wiki.org/docs/DOC-0675,en
DOC-0676,Meeting Decision: Data Storage Guidelines for Project Omega,Meeting Decision,data storage,Technical assessment and standard guidelines regarding data storage implementation for Project Omega system Auth Service.,Comprehensive architecture guidelines covering data storage within Project Omega.,DevOps,Project Omega,Auth Service,Data Storage,emp_591,Engineer,2022-08-01,2025-04-22,Active,Approved,1.2,True,False,,Engineer,Internal,DevOps Core Team,Confluence,https://wiki.org/docs/DOC-0676,en
DOC-0677,Standard: Kubernetes Guidelines for Enterprise Gateway,Standard,Kubernetes,Technical assessment and standard guidelines regarding Kubernetes implementation for Enterprise Gateway system Search Engine.,Comprehensive architecture guidelines covering Kubernetes within Enterprise Gateway.,Engineering,Enterprise Gateway,Search Engine,Kubernetes,emp_782,Architecture Team,2022-02-11,2024-10-08,Active,Approved,3.2,True,False,,Architecture Team,Internal,Engineering Core Team,Git Markdown,https://wiki.org/docs/DOC-0677,en
DOC-0678,Standard: Frontend Architecture Guidelines for Core Infrastructure,Standard,frontend architecture,Technical assessment and standard guidelines regarding frontend architecture implementation for Core Infrastructure system User Portal.,Comprehensive architecture guidelines covering frontend architecture within Core Infrastructure.,Platform,Core Infrastructure,User Portal,Frontend Architecture,emp_235,Chief Architect,2021-03-20,2022-10-01,Draft,Under Review,2.0,True,False,,Chief Architect,Internal,Platform Core Team,Confluence,https://wiki.org/docs/DOC-0678,en
DOC-0679,Standard: Data Storage Guidelines for Project Omega,Standard,data storage,Technical assessment and standard guidelines regarding data storage implementation for Project Omega system User Portal.,Comprehensive architecture guidelines covering data storage within Project Omega.,Architecture,Project Omega,User Portal,Data Storage,emp_444,Architecture Team,2023-09-09,2024-01-12,Draft,Rejected,2.0,True,False,,Architecture Team,Restricted,Architecture Core Team,Git Markdown,https://wiki.org/docs/DOC-0679,en
DOC-0680,Architecture Decision Record: Data Storage Guidelines for Project Beta,Architecture Decision Record,data storage,Technical assessment and standard guidelines regarding data storage implementation for Project Beta system Auth Service.,Comprehensive architecture guidelines covering data storage within Project Beta.,Architecture,Project Beta,Auth Service,Data Storage,emp_141,Senior Architect,2021-04-17,2024-12-29,Draft,Draft,2.1,True,False,,Senior Architect,Public,Architecture Core Team,Confluence,https://wiki.org/docs/DOC-0680,en
DOC-0681,Architecture Decision Record: Networking Guidelines for Project Gamma,Architecture Decision Record,networking,Technical assessment and standard guidelines regarding networking implementation for Project Gamma system Search Engine.,Comprehensive architecture guidelines covering networking within Project Gamma.,Architecture,Project Gamma,Search Engine,Networking,emp_199,Chief Architect,2024-10-30,2026-05-18,Draft,Under Review,3.1,True,False,,Chief Architect,Restricted,Architecture Core Team,Git Markdown,https://wiki.org/docs/DOC-0681,en
DOC-0682,Draft Document: Infrastructure Guidelines for Project Delta,Draft Document,infrastructure,Technical assessment and standard guidelines regarding infrastructure implementation for Project Delta system Payment Gateway.,Comprehensive architecture guidelines covering infrastructure within Project Delta.,Engineering,Project Delta,Payment Gateway,Infrastructure,emp_744,Senior Architect,2021-09-04,2021-11-27,Draft,Under Review,2.0,True,False,,Senior Architect,Public,Engineering Core Team,Confluence,https://wiki.org/docs/DOC-0682,en
DOC-0683,Engineering Note: Logging Guidelines for Core Infrastructure,Engineering Note,logging,Technical assessment and standard guidelines regarding logging implementation for Core Infrastructure system User Portal.,Comprehensive architecture guidelines covering logging within Core Infrastructure.,Security,Core Infrastructure,User Portal,Logging,emp_838,Unverified,2021-03-31,2021-12-17,Draft,Under Review,3.1,True,False,,Unverified,Restricted,Security Core Team,Git Markdown,https://wiki.org/docs/DOC-0683,en
DOC-0684,Deprecated Document: Authorization Guidelines for Project Delta,Deprecated Document,authorization,Technical assessment and standard guidelines regarding authorization implementation for Project Delta system Inventory System.,Comprehensive architecture guidelines covering authorization within Project Delta.,Engineering,Project Delta,Inventory System,Authorization,emp_636,Engineer,2025-06-08,2025-06-19,Draft,Under Review,3.0,True,False,,Engineer,Restricted,Engineering Core Team,Confluence,https://wiki.org/docs/DOC-0684,en
DOC-0685,Deprecated Document: Microservices Guidelines for Core Infrastructure,Deprecated Document,microservices,Technical assessment and standard guidelines regarding microservices implementation for Core Infrastructure system Metrics Engine.,Comprehensive architecture guidelines covering microservices within Core Infrastructure.,Product,Core Infrastructure,Metrics Engine,Microservices,emp_801,Project Notes,2025-11-18,2025-12-26,Draft,Under Review,3.1,True,False,,Project Notes,Confidential,Product Core Team,Git Markdown,https://wiki.org/docs/DOC-0685,en
DOC-0686,Deprecated Document: Messaging Guidelines for Project Alpha,Deprecated Document,messaging,Technical assessment and standard guidelines regarding messaging implementation for Project Alpha system User Portal.,Comprehensive architecture guidelines covering messaging within Project Alpha.,Platform,Project Alpha,User Portal,Messaging,emp_909,Architecture Board,2023-07-22,2026-05-18,Draft,Draft,1.1,True,False,,Architecture Board,Restricted,Platform Core Team,Confluence,https://wiki.org/docs/DOC-0686,en
DOC-0687,Engineering Note: Apis Guidelines for Project Omega,Engineering Note,APIs,Technical assessment and standard guidelines regarding APIs implementation for Project Omega system Search Engine.,Comprehensive architecture guidelines covering APIs within Project Omega.,Platform,Project Omega,Search Engine,Apis,emp_754,Architecture Board,2026-04-14,2026-05-19,Draft,Under Review,1.2,True,False,,Architecture Board,Internal,Platform Core Team,Git Markdown,https://wiki.org/docs/DOC-0687,en
DOC-0688,Technical Design Document: Authorization Guidelines for Project Alpha,Technical Design Document,authorization,Technical assessment and standard guidelines regarding authorization implementation for Project Alpha system Event Bus.,Comprehensive architecture guidelines covering authorization within Project Alpha.,DevOps,Project Alpha,Event Bus,Authorization,emp_432,Senior Engineer,2026-04-23,2026-07-22,Draft,Draft,2.2,True,False,,Senior Engineer,Restricted,DevOps Core Team,Confluence,https://wiki.org/docs/DOC-0688,en
DOC-0689,Meeting Decision: Databases Guidelines for Enterprise Gateway,Meeting Decision,databases,"Title: Meeting Decision for Enterprise Gateway
Department: Architecture

DynamoDB is chosen as the managed key-value store for high throughput in Enterprise Gateway.",Comprehensive architecture guidelines covering databases within Enterprise Gateway.,Architecture,Enterprise Gateway,User Portal,DynamoDB,emp_280,Principal Engineer,2026-06-13,2026-06-14,Active,Approved,3.1,True,False,,Principal Engineer,Restricted,Architecture Core Team,Git Markdown,https://wiki.org/docs/DOC-0689,en
DOC-0690,Meeting Decision: Deployment Guidelines for Project Beta,Meeting Decision,deployment,Technical assessment and standard guidelines regarding deployment implementation for Project Beta system Inventory System.,Comprehensive architecture guidelines covering deployment within Project Beta.,Product,Project Beta,Inventory System,Deployment,emp_432,Architecture Team,2022-02-22,2025-05-28,Draft,Rejected,1.2,True,False,,Architecture Team,Confidential,Product Core Team,Confluence,https://wiki.org/docs/DOC-0690,en
DOC-0691,Engineering Note: Authentication Guidelines for Project Delta,Engineering Note,authentication,"Title: Engineering Note for Project Delta
Department: Platform

SAML 2.0 enterprise SSO is required for corporate internal access in Project Delta.",Comprehensive architecture guidelines covering authentication within Project Delta.,Platform,Project Delta,Inventory System,SAML 2.0,emp_935,Senior Architect,2022-01-22,2025-04-02,Draft,Under Review,1.1,True,False,,Senior Architect,Internal,Platform Core Team,Git Markdown,https://wiki.org/docs/DOC-0691,en
DOC-0692,Standard: Backend Architecture Guidelines for Project Omega,Standard,backend architecture,Technical assessment and standard guidelines regarding backend architecture implementation for Project Omega system Payment Gateway.,Comprehensive architecture guidelines covering backend architecture within Project Omega.,Platform,Project Omega,Payment Gateway,Backend Architecture,emp_173,Senior Architect,2022-05-18,2024-12-04,Superseded,Rejected,3.0,False,True,,Senior Architect,Public,Platform Core Team,Confluence,https://wiki.org/docs/DOC-0692,en
DOC-0693,Project Documentation: Databases Guidelines for Project Alpha,Project Documentation,databases,"Title: Project Documentation for Project Alpha
Department: Product

MySQL version 5.7 is recommended for legacy data handling in Project Alpha. Note: This is being evaluated for migration.",Comprehensive architecture guidelines covering databases within Project Alpha.,Product,Project Alpha,Auth Service,MySQL,emp_235,Architecture Board,2025-04-27,2025-06-08,Draft,Under Review,3.0,True,False,,Architecture Board,Public,Product Core Team,Git Markdown,https://wiki.org/docs/DOC-0693,en
DOC-0694,Policy: Monitoring Guidelines for Enterprise Gateway,Policy,monitoring,Technical assessment and standard guidelines regarding monitoring implementation for Enterprise Gateway system Payment Gateway.,Comprehensive architecture guidelines covering monitoring within Enterprise Gateway.,DevOps,Enterprise Gateway,Payment Gateway,Monitoring,emp_242,Architecture Team,2025-04-05,2026-01-18,Draft,Rejected,2.1,True,False,,Architecture Team,Confidential,DevOps Core Team,Confluence,https://wiki.org/docs/DOC-0694,en
DOC-0695,Architecture Decision Record: Kubernetes Guidelines for Core Infrastructure,Architecture Decision Record,Kubernetes,Technical assessment and standard guidelines regarding Kubernetes implementation for Core Infrastructure system Payment Gateway.,No summary provided.,Data Engineering,Core Infrastructure,Payment Gateway,Kubernetes,emp_944,Architecture Board,2021-07-30,2024-08-18,Superseded,Draft,2.0,False,True,,Architecture Board,Public,Data Engineering Core Team,Git Markdown,https://wiki.org/docs/DOC-0695,en
DOC-0696,Standard: Data Storage Guidelines for Project Delta,Standard,data storage,Technical assessment and standard guidelines regarding data storage implementation for Project Delta system Event Bus.,Comprehensive architecture guidelines covering data storage within Project Delta.,Platform,Project Delta,Event Bus,Data Storage,emp_331,Principal Engineer,2024-11-07,2025-03-02,Draft,Rejected,1.0,True,False,,Principal Engineer,Public,Platform Core Team,Confluence,https://wiki.org/docs/DOC-0696,en
DOC-0697,Architecture Decision Record: Authentication Guidelines for Project Omega,Architecture Decision Record,authentication,"Title: Architecture Decision Record for Project Omega
Department: Architecture

JWT tokens signed with RS256 algorithm are required for microservice-to-microservice auth in Project Omega.",Comprehensive architecture guidelines covering authentication within Project Omega.,Architecture,Project Omega,Payment Gateway,JWT RS256,emp_186,Senior Engineer,2024-05-23,2024-10-24,Draft,Rejected,3.0,True,False,,Senior Engineer,Confidential,Architecture Core Team,Git Markdown,https://wiki.org/docs/DOC-0697,en
DOC-0698,Technical Design Document: Logging Guidelines for Project Omega,Technical Design Document,logging,Technical assessment and standard guidelines regarding logging implementation for Project Omega system Search Engine.,Comprehensive architecture guidelines covering logging within Project Omega.,Product,Project Omega,Search Engine,Logging,emp_996,Senior Engineer,2022-07-10,2025-04-27,Draft,Draft,3.0,True,False,,Senior Engineer,Public,Product Core Team,Confluence,https://wiki.org/docs/DOC-0698,en
DOC-0699,Policy: Frontend Architecture Guidelines for Project Beta,Policy,frontend architecture,Technical assessment and standard guidelines regarding frontend architecture implementation for Project Beta system Data Pipeline.,Comprehensive architecture guidelines covering frontend architecture within Project Beta.,Architecture,Project Beta,Data Pipeline,Frontend Architecture,emp_557,Engineer,2025-07-27,2025-08-30,Active,Approved,3.1,True,False,,Engineer,Internal,Architecture Core Team,Git Markdown,https://wiki.org/docs/DOC-0699,en
DOC-0700,Standard: Messaging Guidelines for Enterprise Gateway,Standard,messaging,Technical assessment and standard guidelines regarding messaging implementation for Enterprise Gateway system Event Bus.,Comprehensive architecture guidelines covering messaging within Enterprise Gateway.,Security,Enterprise Gateway,Event Bus,Messaging,emp_606,Senior Engineer,2023-09-13,2026-01-07,Draft,Draft,3.0,True,False,,Senior Engineer,Confidential,Security Core Team,Confluence,https://wiki.org/docs/DOC-0700,en
DOC-0701,Draft Document: Deployment Guidelines for Project Delta,Draft Document,deployment,Technical assessment and standard guidelines regarding deployment implementation for Project Delta system User Portal.,Comprehensive architecture guidelines covering deployment within Project Delta.,Data Engineering,Project Delta,User Portal,Deployment,emp_185,Engineer,2025-01-04,2026-03-11,Draft,Under Review,1.1,True,False,,Engineer,Public,Data Engineering Core Team,Git Markdown,https://wiki.org/docs/DOC-0701,en
DOC-0702,Security Recommendation: Observability Guidelines for Project Omega,Security Recommendation,observability,Technical assessment and standard guidelines regarding observability implementation for Project Omega system Data Pipeline.,Comprehensive architecture guidelines covering observability within Project Omega.,Security,Project Omega,Data Pipeline,Observability,emp_161,Chief Architect,2023-01-10,2023-10-22,Draft,Draft,3.1,True,False,,Chief Architect,Internal,Security Core Team,Confluence,https://wiki.org/docs/DOC-0702,en
DOC-0703,Architecture Decision Record: Cloud Providers Guidelines for Project Alpha,Architecture Decision Record,cloud providers,Technical assessment and standard guidelines regarding cloud providers implementation for Project Alpha system Data Pipeline.,Comprehensive architecture guidelines covering cloud providers within Project Alpha.,DevOps,Project Alpha,Data Pipeline,Cloud Providers,emp_850,Engineer,2024-11-26,2026-02-03,Superseded,Draft,1.2,False,True,,Engineer,Public,DevOps Core Team,Git Markdown,https://wiki.org/docs/DOC-0703,en
DOC-0704,Project Documentation: Messaging Guidelines for Project Alpha,Project Documentation,messaging,Technical assessment and standard guidelines regarding messaging implementation for Project Alpha system Event Bus.,Comprehensive architecture guidelines covering messaging within Project Alpha.,Platform,Project Alpha,Event Bus,Messaging,emp_180,Senior Architect,2021-06-07,2021-07-02,Draft,Rejected,1.1,True,False,,Senior Architect,Internal,Platform Core Team,Confluence,https://wiki.org/docs/DOC-0704,en
DOC-0705,Architecture Decision Record: Logging Guidelines for Project Delta,Architecture Decision Record,logging,Technical assessment and standard guidelines regarding logging implementation for Project Delta system Event Bus.,No summary provided.,Security,Project Delta,Event Bus,Logging,emp_900,Project Notes,2022-08-11,2023-03-26,Superseded,Under Review,3.0,False,True,,Project Notes,Internal,Security Core Team,Git Markdown,https://wiki.org/docs/DOC-0705,en
DOC-0706,Project Documentation: Data Storage Guidelines for Core Infrastructure,Project Documentation,data storage,Technical assessment and standard guidelines regarding data storage implementation for Core Infrastructure system Search Engine.,Comprehensive architecture guidelines covering data storage within Core Infrastructure.,Security,Core Infrastructure,Search Engine,Data Storage,emp_413,Unverified,2023-05-18,2024-04-03,Draft,Draft,3.1,True,False,,Unverified,Internal,Security Core Team,Confluence,https://wiki.org/docs/DOC-0706,en
DOC-0707,Technical Design Document: Apis Guidelines for Project Beta,Technical Design Document,APIs,Technical assessment and standard guidelines regarding APIs implementation for Project Beta system Data Pipeline.,Comprehensive architecture guidelines covering APIs within Project Beta.,Security,Project Beta,Data Pipeline,Apis,emp_719,Unverified,2025-07-31,2026-07-20,Draft,Rejected,3.2,True,False,,Unverified,Confidential,Security Core Team,Git Markdown,https://wiki.org/docs/DOC-0707,en
DOC-0708,Technical Design Document: Observability Guidelines for Core Infrastructure,Technical Design Document,observability,Technical assessment and standard guidelines regarding observability implementation for Core Infrastructure system User Portal.,Comprehensive architecture guidelines covering observability within Core Infrastructure.,Security,Core Infrastructure,User Portal,Observability,emp_211,Principal Engineer,2021-06-09,2023-06-21,Superseded,Draft,2.0,False,True,,Principal Engineer,Public,Security Core Team,Confluence,https://wiki.org/docs/DOC-0708,en
DOC-0709,Meeting Decision: Logging Guidelines for Project Beta,Meeting Decision,logging,Technical assessment and standard guidelines regarding logging implementation for Project Beta system User Portal.,Comprehensive architecture guidelines covering logging within Project Beta.,Data Engineering,Project Beta,User Portal,Logging,emp_346,Architecture Board,2021-06-24,2024-09-03,Active,Approved,2.0,True,False,,Architecture Board,Public,Data Engineering Core Team,Git Markdown,https://wiki.org/docs/DOC-0709,en
DOC-0710,Project Documentation: Databases Guidelines for Project Gamma,Project Documentation,databases,"Title: Project Documentation for Project Gamma
Department: Product

MySQL version 5.7 is recommended for legacy data handling in Project Gamma. Note: This is being evaluated for migration.",Comprehensive architecture guidelines covering databases within Project Gamma.,Product,Project Gamma,Search Engine,MySQL,emp_612,Engineer,2022-10-07,2024-12-15,Draft,Under Review,1.1,True,False,,Engineer,Confidential,Product Core Team,Confluence,https://wiki.org/docs/DOC-0710,en
DOC-0711,Standard: Ci/Cd Guidelines for Enterprise Gateway,Standard,CI/CD,Technical assessment and standard guidelines regarding CI/CD implementation for Enterprise Gateway system Data Pipeline.,Comprehensive architecture guidelines covering CI/CD within Enterprise Gateway.,Product,Enterprise Gateway,Data Pipeline,Ci/Cd,emp_701,Architecture Board,2023-09-04,2023-11-19,Draft,Draft,3.1,True,False,,Architecture Board,Public,Product Core Team,Git Markdown,https://wiki.org/docs/DOC-0711,en
DOC-0712,Deprecated Document: Containers Guidelines for Project Beta,Deprecated Document,containers,Technical assessment and standard guidelines regarding containers implementation for Project Beta system Data Pipeline.,Comprehensive architecture guidelines covering containers within Project Beta.,Product,Project Beta,Data Pipeline,Containers,emp_613,Senior Architect,2026-07-26,2026-07-31,Draft,Draft,1.1,True,False,,Senior Architect,Restricted,Product Core Team,Confluence,https://wiki.org/docs/DOC-0712,en
DOC-0713,Draft Document: Data Storage Guidelines for Project Alpha,Draft Document,data storage,Technical assessment and standard guidelines regarding data storage implementation for Project Alpha system Metrics Engine.,Comprehensive architecture guidelines covering data storage within Project Alpha.,DevOps,Project Alpha,Metrics Engine,Data Storage,emp_313,Architecture Team,2024-05-27,2024-08-11,Draft,Under Review,2.0,True,False,,Architecture Team,Public,DevOps Core Team,Git Markdown,https://wiki.org/docs/DOC-0713,en
DOC-0714,Policy: Deployment Guidelines for Enterprise Gateway,Policy,deployment,Technical assessment and standard guidelines regarding deployment implementation for Enterprise Gateway system Payment Gateway.,Comprehensive architecture guidelines covering deployment within Enterprise Gateway.,Product,Enterprise Gateway,Payment Gateway,Deployment,emp_196,Project Notes,2022-10-05,2023-09-17,Draft,Draft,2.2,True,False,,Project Notes,Restricted,Product Core Team,Confluence,https://wiki.org/docs/DOC-0714,en
DOC-0715,Engineering Note: Caching Guidelines for Project Gamma,Engineering Note,caching,Technical assessment and standard guidelines regarding caching implementation for Project Gamma system Search Engine.,Comprehensive architecture guidelines covering caching within Project Gamma.,Security,Project Gamma,Search Engine,Caching,emp_765,Project Notes,2026-04-09,2026-04-24,Superseded,Rejected,2.1,False,True,,Project Notes,Confidential,Security Core Team,Git Markdown,https://wiki.org/docs/DOC-0715,en
DOC-0716,Standard: Cloud Providers Guidelines for Project Delta,Standard,cloud providers,Technical assessment and standard guidelines regarding cloud providers implementation for Project Delta system Event Bus.,Comprehensive architecture guidelines covering cloud providers within Project Delta.,Architecture,Project Delta,Event Bus,Cloud Providers,emp_185,Senior Engineer,2023-11-03,2025-02-05,Draft,Draft,3.0,True,False,,Senior Engineer,Public,Architecture Core Team,Confluence,https://wiki.org/docs/DOC-0716,en
DOC-0717,Engineering Note: Deployment Guidelines for Project Alpha,Engineering Note,deployment,Technical assessment and standard guidelines regarding deployment implementation for Project Alpha system Payment Gateway.,Comprehensive architecture guidelines covering deployment within Project Alpha.,Platform,Project Alpha,Payment Gateway,Deployment,emp_484,Principal Engineer,2024-03-13,2025-04-25,Active,Approved,2.2,True,False,,Principal Engineer,Public,Platform Core Team,Git Markdown,https://wiki.org/docs/DOC-0717,en
DOC-0718,Technical Design Document: Deployment Guidelines for Enterprise Gateway,Technical Design Document,deployment,Technical assessment and standard guidelines regarding deployment implementation for Enterprise Gateway system Payment Gateway.,Comprehensive architecture guidelines covering deployment within Enterprise Gateway.,Security,Enterprise Gateway,Payment Gateway,Deployment,emp_284,Chief Architect,2026-02-22,2026-06-03,Draft,Rejected,2.0,True,False,,Chief Architect,Restricted,Security Core Team,Confluence,https://wiki.org/docs/DOC-0718,en
DOC-0719,Policy: Microservices Guidelines for Core Infrastructure,Policy,microservices,Technical assessment and standard guidelines regarding microservices implementation for Core Infrastructure system Inventory System.,Comprehensive architecture guidelines covering microservices within Core Infrastructure.,DevOps,Core Infrastructure,Inventory System,Microservices,emp_385,Chief Architect,2021-03-20,2024-04-09,Draft,Under Review,1.2,True,False,,Chief Architect,Internal,DevOps Core Team,Git Markdown,https://wiki.org/docs/DOC-0719,en
DOC-0720,Standard: Event Streaming Guidelines for Enterprise Gateway,Standard,event streaming,Technical assessment and standard guidelines regarding event streaming implementation for Enterprise Gateway system Auth Service.,Comprehensive architecture guidelines covering event streaming within Enterprise Gateway.,Security,Enterprise Gateway,Auth Service,Event Streaming,emp_908,Senior Engineer,2026-06-28,2026-07-28,Superseded,Under Review,1.2,False,True,,Senior Engineer,Confidential,Security Core Team,Confluence,https://wiki.org/docs/DOC-0720,en
DOC-0721,Meeting Decision: Authentication Guidelines for Project Beta,Meeting Decision,authentication,"Title: Meeting Decision for Project Beta
Department: Engineering

SAML 2.0 enterprise SSO is required for corporate internal access in Project Beta.",Comprehensive architecture guidelines covering authentication within Project Beta.,Engineering,Project Beta,Search Engine,SAML 2.0,emp_183,Engineer,2025-11-25,2026-05-26,Draft,Rejected,3.1,True,False,,Engineer,Internal,Engineering Core Team,Git Markdown,https://wiki.org/docs/DOC-0721,en
DOC-0722,Security Recommendation: Data Storage Guidelines for Project Gamma,Security Recommendation,data storage,Technical assessment and standard guidelines regarding data storage implementation for Project Gamma system Search Engine.,Comprehensive architecture guidelines covering data storage within Project Gamma.,Product,Project Gamma,Search Engine,Data Storage,emp_303,Senior Architect,2026-04-14,2026-06-06,Draft,Rejected,3.0,True,False,,Senior Architect,Confidential,Product Core Team,Confluence,https://wiki.org/docs/DOC-0722,en
DOC-0723,Draft Document: Security Guidelines for Enterprise Gateway,Draft Document,security,Technical assessment and standard guidelines regarding security implementation for Enterprise Gateway system User Portal.,Comprehensive architecture guidelines covering security within Enterprise Gateway.,Engineering,Enterprise Gateway,User Portal,Security,emp_840,Chief Architect,2024-06-16,2024-11-11,Draft,Draft,3.2,True,False,,Chief Architect,Restricted,Engineering Core Team,Git Markdown,https://wiki.org/docs/DOC-0723,en
DOC-0724,Standard: Cloud Providers Guidelines for Project Delta,Standard,cloud providers,Technical assessment and standard guidelines regarding cloud providers implementation for Project Delta system Event Bus.,Comprehensive architecture guidelines covering cloud providers within Project Delta.,Product,Project Delta,Event Bus,Cloud Providers,emp_911,Chief Architect,2022-06-23,2025-05-24,Active,Approved,1.2,True,False,,Chief Architect,Confidential,Product Core Team,Confluence,https://wiki.org/docs/DOC-0724,en
DOC-0725,Deprecated Document: Apis Guidelines for Project Beta,Deprecated Document,APIs,Technical assessment and standard guidelines regarding APIs implementation for Project Beta system User Portal.,Comprehensive architecture guidelines covering APIs within Project Beta.,DevOps,Project Beta,User Portal,Apis,emp_813,Engineer,2025-05-05,2025-07-29,Draft,Rejected,1.0,True,False,,Engineer,Public,DevOps Core Team,Git Markdown,https://wiki.org/docs/DOC-0725,en
DOC-0726,Policy: Logging Guidelines for Project Gamma,Policy,logging,Technical assessment and standard guidelines regarding logging implementation for Project Gamma system Payment Gateway.,Comprehensive architecture guidelines covering logging within Project Gamma.,Data Engineering,Project Gamma,Payment Gateway,Logging,emp_764,Project Notes,2023-04-28,2025-08-15,Draft,Draft,3.1,True,False,,Project Notes,Restricted,Data Engineering Core Team,Confluence,https://wiki.org/docs/DOC-0726,en
DOC-0727,Standard: Data Storage Guidelines for Project Gamma,Standard,data storage,Technical assessment and standard guidelines regarding data storage implementation for Project Gamma system Data Pipeline.,Comprehensive architecture guidelines covering data storage within Project Gamma.,Platform,Project Gamma,Data Pipeline,Data Storage,emp_546,Unverified,2022-08-07,2026-04-18,Draft,Rejected,3.2,True,False,,Unverified,Public,Platform Core Team,Git Markdown,https://wiki.org/docs/DOC-0727,en
DOC-0728,Policy: Authorization Guidelines for Project Alpha,Policy,authorization,Technical assessment and standard guidelines regarding authorization implementation for Project Alpha system Auth Service.,Comprehensive architecture guidelines covering authorization within Project Alpha.,DevOps,Project Alpha,Auth Service,Authorization,emp_206,Engineer,2025-03-16,2026-04-04,Active,Approved,3.2,True,False,,Engineer,Public,DevOps Core Team,Confluence,https://wiki.org/docs/DOC-0728,en
DOC-0729,Technical Design Document: Microservices Guidelines for Project Beta,Technical Design Document,microservices,Technical assessment and standard guidelines regarding microservices implementation for Project Beta system Inventory System.,Comprehensive architecture guidelines covering microservices within Project Beta.,Product,Project Beta,Inventory System,Microservices,emp_490,Unverified,2022-02-05,2024-09-23,Active,Approved,2.1,True,False,,Unverified,Confidential,Product Core Team,Git Markdown,https://wiki.org/docs/DOC-0729,en
DOC-0730,Standard: Containers Guidelines for Project Omega,Standard,containers,Technical assessment and standard guidelines regarding containers implementation for Project Omega system Search Engine.,Comprehensive architecture guidelines covering containers within Project Omega.,Architecture,Project Omega,Search Engine,Containers,emp_414,Principal Engineer,2024-10-10,2025-06-14,Active,Approved,2.0,True,False,,Principal Engineer,Public,Architecture Core Team,Confluence,https://wiki.org/docs/DOC-0730,en
DOC-0731,Draft Document: Ci/Cd Guidelines for Enterprise Gateway,Draft Document,CI/CD,Technical assessment and standard guidelines regarding CI/CD implementation for Enterprise Gateway system Event Bus.,Comprehensive architecture guidelines covering CI/CD within Enterprise Gateway.,DevOps,Enterprise Gateway,Event Bus,Ci/Cd,emp_274,Senior Engineer,2026-07-27,2026-07-30,Draft,Under Review,2.0,True,False,,Senior Engineer,Confidential,DevOps Core Team,Git Markdown,https://wiki.org/docs/DOC-0731,en
DOC-0732,Security Recommendation: Infrastructure Guidelines for Project Delta,Security Recommendation,infrastructure,Technical assessment and standard guidelines regarding infrastructure implementation for Project Delta system Metrics Engine.,Comprehensive architecture guidelines covering infrastructure within Project Delta.,Platform,Project Delta,Metrics Engine,Infrastructure,emp_512,Senior Architect,2023-11-26,2024-05-06,Draft,Rejected,3.0,True,False,,Senior Architect,Public,Platform Core Team,Confluence,https://wiki.org/docs/DOC-0732,en
DOC-0733,Technical Design Document: Frontend Architecture Guidelines for Project Gamma,Technical Design Document,frontend architecture,Technical assessment and standard guidelines regarding frontend architecture implementation for Project Gamma system Data Pipeline.,Comprehensive architecture guidelines covering frontend architecture within Project Gamma.,Product,Project Gamma,Data Pipeline,Frontend Architecture,emp_308,Senior Engineer,2021-07-11,2021-09-01,Superseded,Rejected,3.0,False,True,,Senior Engineer,Public,Product Core Team,Git Markdown,https://wiki.org/docs/DOC-0733,en
DOC-0734,Security Recommendation: Authentication Guidelines for Project Omega,Security Recommendation,authentication,"Title: Security Recommendation for Project Omega
Department: Security

JWT tokens signed with RS256 algorithm are required for microservice-to-microservice auth in Project Omega.",Comprehensive architecture guidelines covering authentication within Project Omega.,Security,Project Omega,Auth Service,JWT RS256,emp_564,Senior Architect,2022-01-18,2023-05-23,Draft,Draft,1.2,True,False,,Senior Architect,Confidential,Security Core Team,Confluence,https://wiki.org/docs/DOC-0734,en
DOC-0735,Policy: Kubernetes Guidelines for Project Alpha,Policy,Kubernetes,Technical assessment and standard guidelines regarding Kubernetes implementation for Project Alpha system Auth Service.,Comprehensive architecture guidelines covering Kubernetes within Project Alpha.,Platform,Project Alpha,Auth Service,Kubernetes,emp_213,Chief Architect,2026-03-14,2026-04-14,Active,Approved,2.0,True,False,,Chief Architect,Public,Platform Core Team,Git Markdown,https://wiki.org/docs/DOC-0735,en
DOC-0736,Technical Design Document: Microservices Guidelines for Project Delta,Technical Design Document,microservices,Technical assessment and standard guidelines regarding microservices implementation for Project Delta system Inventory System.,Comprehensive architecture guidelines covering microservices within Project Delta.,Engineering,Project Delta,Inventory System,Microservices,emp_523,Architecture Board,2023-09-24,2024-02-27,Draft,Under Review,2.1,True,False,,Architecture Board,Confidential,Engineering Core Team,Confluence,https://wiki.org/docs/DOC-0736,en
DOC-0737,Security Recommendation: Databases Guidelines for Project Beta,Security Recommendation,databases,"Title: Security Recommendation for Project Beta
Department: DevOps

MongoDB 6.0 is selected for non-relational document storage in Project Beta due to flexible schema requirements.",Comprehensive architecture guidelines covering databases within Project Beta.,DevOps,Project Beta,Auth Service,MongoDB,emp_451,Chief Architect,2023-09-19,2023-09-29,Draft,Draft,1.2,True,False,,Chief Architect,Public,DevOps Core Team,Git Markdown,https://wiki.org/docs/DOC-0737,en
DOC-0738,Architecture Decision Record: Cloud Providers Guidelines for Project Beta,Architecture Decision Record,cloud providers,Technical assessment and standard guidelines regarding cloud providers implementation for Project Beta system Event Bus.,Comprehensive architecture guidelines covering cloud providers within Project Beta.,Product,Project Beta,Event Bus,Cloud Providers,emp_322,Chief Architect,2022-11-02,2023-08-12,Superseded,Under Review,3.0,False,True,,Chief Architect,Restricted,Product Core Team,Confluence,https://wiki.org/docs/DOC-0738,en
DOC-0739,Policy: Authentication Guidelines for Project Gamma,Policy,authentication,"Title: Policy for Project Gamma
Department: DevOps

SAML 2.0 enterprise SSO is required for corporate internal access in Project Gamma.",Comprehensive architecture guidelines covering authentication within Project Gamma.,DevOps,Project Gamma,Search Engine,SAML 2.0,emp_863,Project Notes,2023-06-13,2026-04-27,Draft,Under Review,1.2,True,False,,Project Notes,Restricted,DevOps Core Team,Git Markdown,https://wiki.org/docs/DOC-0739,en
DOC-0740,Policy: Infrastructure Guidelines for Project Gamma,Policy,infrastructure,Technical assessment and standard guidelines regarding infrastructure implementation for Project Gamma system User Portal.,Comprehensive architecture guidelines covering infrastructure within Project Gamma.,Platform,Project Gamma,User Portal,Infrastructure,emp_543,Project Notes,2023-05-18,2024-11-24,Draft,Draft,3.1,True,False,,Project Notes,Confidential,Platform Core Team,Confluence,https://wiki.org/docs/DOC-0740,en
DOC-0741,Deprecated Document: Frontend Architecture Guidelines for Enterprise Gateway,Deprecated Document,frontend architecture,Technical assessment and standard guidelines regarding frontend architecture implementation for Enterprise Gateway system Inventory System.,Comprehensive architecture guidelines covering frontend architecture within Enterprise Gateway.,Engineering,Enterprise Gateway,Inventory System,Frontend Architecture,emp_134,Senior Architect,2022-06-03,2025-09-16,Draft,Rejected,3.2,True,False,,Senior Architect,Restricted,Engineering Core Team,Git Markdown,https://wiki.org/docs/DOC-0741,en
DOC-0742,Technical Design Document: Monitoring Guidelines for Project Delta,Technical Design Document,monitoring,Technical assessment and standard guidelines regarding monitoring implementation for Project Delta system Data Pipeline.,No summary provided.,Product,Project Delta,Data Pipeline,Monitoring,emp_351,Senior Engineer,2022-03-17,2025-11-21,Draft,Draft,2.0,True,False,,Senior Engineer,Public,Product Core Team,Confluence,https://wiki.org/docs/DOC-0742,en
DOC-0743,Technical Design Document: Monitoring Guidelines for Project Beta,Technical Design Document,monitoring,Technical assessment and standard guidelines regarding monitoring implementation for Project Beta system Event Bus.,Comprehensive architecture guidelines covering monitoring within Project Beta.,Security,Project Beta,Event Bus,Monitoring,emp_675,Architecture Team,2023-03-01,2024-10-01,Draft,Under Review,1.2,True,False,,Architecture Team,Restricted,Security Core Team,Git Markdown,https://wiki.org/docs/DOC-0743,en
DOC-0744,Security Recommendation: Backend Architecture Guidelines for Project Alpha,Security Recommendation,backend architecture,Technical assessment and standard guidelines regarding backend architecture implementation for Project Alpha system Metrics Engine.,Comprehensive architecture guidelines covering backend architecture within Project Alpha.,Data Engineering,Project Alpha,Metrics Engine,Backend Architecture,emp_425,Engineer,2022-02-10,2023-03-20,Active,Approved,2.0,True,False,,Engineer,Restricted,Data Engineering Core Team,Confluence,https://wiki.org/docs/DOC-0744,en
DOC-0745,Architecture Decision Record: Messaging Guidelines for Project Omega,Architecture Decision Record,messaging,Technical assessment and standard guidelines regarding messaging implementation for Project Omega system Metrics Engine.,Comprehensive architecture guidelines covering messaging within Project Omega.,Architecture,Project Omega,Metrics Engine,Messaging,emp_690,Architecture Team,2022-08-07,2022-09-12,Active,Approved,2.0,True,False,,Architecture Team,Confidential,Architecture Core Team,Git Markdown,https://wiki.org/docs/DOC-0745,en
DOC-0746,Technical Design Document: Ci/Cd Guidelines for Project Alpha,Technical Design Document,CI/CD,Technical assessment and standard guidelines regarding CI/CD implementation for Project Alpha system Auth Service.,Comprehensive architecture guidelines covering CI/CD within Project Alpha.,Architecture,Project Alpha,Auth Service,Ci/Cd,emp_581,Chief Architect,2025-08-27,2026-03-27,Draft,Draft,2.1,True,False,,Chief Architect,Public,Architecture Core Team,Confluence,https://wiki.org/docs/DOC-0746,en
DOC-0747,Technical Design Document: Event Streaming Guidelines for Project Alpha,Technical Design Document,event streaming,Technical assessment and standard guidelines regarding event streaming implementation for Project Alpha system Search Engine.,Comprehensive architecture guidelines covering event streaming within Project Alpha.,Security,Project Alpha,Search Engine,Event Streaming,emp_605,Project Notes,2025-09-23,2026-04-02,Superseded,Approved,1.0,False,True,,Project Notes,Internal,Security Core Team,Git Markdown,https://wiki.org/docs/DOC-0747,en
DOC-0748,Security Recommendation: Data Storage Guidelines for Project Beta,Security Recommendation,data storage,Technical assessment and standard guidelines regarding data storage implementation for Project Beta system Payment Gateway.,Comprehensive architecture guidelines covering data storage within Project Beta.,Platform,Project Beta,Payment Gateway,Data Storage,emp_841,Architecture Team,2025-07-30,2026-05-01,Active,Approved,1.1,True,False,,Architecture Team,Public,Platform Core Team,Confluence,https://wiki.org/docs/DOC-0748,en
DOC-0749,Engineering Note: Authentication Guidelines for Project Gamma,Engineering Note,authentication,"Title: Engineering Note for Project Gamma
Department: Architecture

SAML 2.0 enterprise SSO is required for corporate internal access in Project Gamma.",Comprehensive architecture guidelines covering authentication within Project Gamma.,Architecture,Project Gamma,Metrics Engine,SAML 2.0,emp_815,Principal Engineer,2026-03-10,2026-04-14,Active,Approved,1.2,True,False,,Principal Engineer,Confidential,Architecture Core Team,Git Markdown,https://wiki.org/docs/DOC-0749,en
DOC-0750,Security Recommendation: Ci/Cd Guidelines for Project Omega,Security Recommendation,CI/CD,Technical assessment and standard guidelines regarding CI/CD implementation for Project Omega system Inventory System.,Comprehensive architecture guidelines covering CI/CD within Project Omega.,Platform,Project Omega,Inventory System,Ci/Cd,emp_387,Project Notes,2025-05-02,2026-05-11,Draft,Rejected,2.1,True,False,,Project Notes,Public,Platform Core Team,Confluence,https://wiki.org/docs/DOC-0750,en
DOC-0751,Policy: Containers Guidelines for Core Infrastructure,Policy,containers,Technical assessment and standard guidelines regarding containers implementation for Core Infrastructure system User Portal.,Comprehensive architecture guidelines covering containers within Core Infrastructure.,DevOps,Core Infrastructure,User Portal,Containers,emp_176,Chief Architect,2021-05-04,2022-07-13,Active,Approved,2.1,True,False,,Chief Architect,Internal,DevOps Core Team,Git Markdown,https://wiki.org/docs/DOC-0751,en
DOC-0752,Policy: Infrastructure Guidelines for Enterprise Gateway,Policy,infrastructure,Technical assessment and standard guidelines regarding infrastructure implementation for Enterprise Gateway system Event Bus.,Comprehensive architecture guidelines covering infrastructure within Enterprise Gateway.,Data Engineering,Enterprise Gateway,Event Bus,Infrastructure,emp_825,Principal Engineer,2024-09-04,2025-02-08,Active,Approved,1.1,True,False,,Principal Engineer,Confidential,Data Engineering Core Team,Confluence,https://wiki.org/docs/DOC-0752,en
DOC-0753,Meeting Decision: Ci/Cd Guidelines for Project Beta,Meeting Decision,CI/CD,Technical assessment and standard guidelines regarding CI/CD implementation for Project Beta system Metrics Engine.,Comprehensive architecture guidelines covering CI/CD within Project Beta.,Product,Project Beta,Metrics Engine,Ci/Cd,emp_170,Architecture Team,2023-05-17,2024-04-17,Draft,Draft,3.2,True,False,,Architecture Team,Public,Product Core Team,Git Markdown,https://wiki.org/docs/DOC-0753,en
DOC-0754,Architecture Decision Record: Authorization Guidelines for Project Beta,Architecture Decision Record,authorization,Technical assessment and standard guidelines regarding authorization implementation for Project Beta system Inventory System.,Comprehensive architecture guidelines covering authorization within Project Beta.,Engineering,Project Beta,Inventory System,Authorization,emp_373,Senior Architect,2023-09-03,2026-03-18,Draft,Draft,3.0,True,False,,Senior Architect,Restricted,Engineering Core Team,Confluence,https://wiki.org/docs/DOC-0754,en
DOC-0755,Meeting Decision: Ci/Cd Guidelines for Project Delta,Meeting Decision,CI/CD,Technical assessment and standard guidelines regarding CI/CD implementation for Project Delta system Event Bus.,Comprehensive architecture guidelines covering CI/CD within Project Delta.,Data Engineering,Project Delta,Event Bus,Ci/Cd,emp_551,Architecture Board,2023-01-28,2023-08-16,Active,Approved,3.1,True,False,,Architecture Board,Internal,Data Engineering Core Team,Git Markdown,https://wiki.org/docs/DOC-0755,en
DOC-0756,Technical Design Document: Event Streaming Guidelines for Project Gamma,Technical Design Document,event streaming,Technical assessment and standard guidelines regarding event streaming implementation for Project Gamma system Inventory System.,Comprehensive architecture guidelines covering event streaming within Project Gamma.,Data Engineering,Project Gamma,Inventory System,Event Streaming,emp_543,Unverified,2024-10-27,2024-12-17,Draft,Under Review,1.0,True,False,,Unverified,Public,Data Engineering Core Team,Confluence,https://wiki.org/docs/DOC-0756,en
DOC-0757,Draft Document: Containers Guidelines for Project Alpha,Draft Document,containers,Technical assessment and standard guidelines regarding containers implementation for Project Alpha system Payment Gateway.,Comprehensive architecture guidelines covering containers within Project Alpha.,Data Engineering,Project Alpha,Payment Gateway,Containers,emp_331,Principal Engineer,2024-12-03,2026-01-21,Draft,Rejected,1.2,True,False,,Principal Engineer,Restricted,Data Engineering Core Team,Git Markdown,https://wiki.org/docs/DOC-0757,en
DOC-0758,Architecture Decision Record: Microservices Guidelines for Project Gamma,Architecture Decision Record,microservices,Technical assessment and standard guidelines regarding microservices implementation for Project Gamma system Search Engine.,Comprehensive architecture guidelines covering microservices within Project Gamma.,DevOps,Project Gamma,Search Engine,Microservices,emp_851,Principal Engineer,2021-07-13,2022-07-27,Draft,Rejected,3.0,True,False,,Principal Engineer,Internal,DevOps Core Team,Confluence,https://wiki.org/docs/DOC-0758,en
DOC-0759,Policy: Messaging Guidelines for Project Gamma,Policy,messaging,Technical assessment and standard guidelines regarding messaging implementation for Project Gamma system Data Pipeline.,Comprehensive architecture guidelines covering messaging within Project Gamma.,Security,Project Gamma,Data Pipeline,Messaging,emp_782,Architecture Board,2023-05-27,2025-04-10,Active,Approved,2.0,True,False,,Architecture Board,Internal,Security Core Team,Git Markdown,https://wiki.org/docs/DOC-0759,en
DOC-0760,Project Documentation: Event Streaming Guidelines for Project Gamma,Project Documentation,event streaming,Technical assessment and standard guidelines regarding event streaming implementation for Project Gamma system Auth Service.,Comprehensive architecture guidelines covering event streaming within Project Gamma.,Security,Project Gamma,Auth Service,Event Streaming,emp_994,Project Notes,2023-08-26,2024-04-06,Active,Approved,3.2,True,False,,Project Notes,Restricted,Security Core Team,Confluence,https://wiki.org/docs/DOC-0760,en
DOC-0761,Security Recommendation: Messaging Guidelines for Enterprise Gateway,Security Recommendation,messaging,Technical assessment and standard guidelines regarding messaging implementation for Enterprise Gateway system Payment Gateway.,Comprehensive architecture guidelines covering messaging within Enterprise Gateway.,Platform,Enterprise Gateway,Payment Gateway,Messaging,emp_411,Chief Architect,2023-07-16,2026-04-15,Draft,Draft,2.2,True,False,,Chief Architect,Confidential,Platform Core Team,Git Markdown,https://wiki.org/docs/DOC-0761,en
DOC-0762,Draft Document: Observability Guidelines for Project Gamma,Draft Document,observability,Technical assessment and standard guidelines regarding observability implementation for Project Gamma system Event Bus.,Comprehensive architecture guidelines covering observability within Project Gamma.,DevOps,Project Gamma,Event Bus,Observability,emp_893,Unverified,2023-09-19,2024-05-06,Draft,Draft,3.2,True,False,,Unverified,Public,DevOps Core Team,Confluence,https://wiki.org/docs/DOC-0762,en
DOC-0763,Project Documentation: Containers Guidelines for Core Infrastructure,Project Documentation,containers,Technical assessment and standard guidelines regarding containers implementation for Core Infrastructure system Event Bus.,Comprehensive architecture guidelines covering containers within Core Infrastructure.,Platform,Core Infrastructure,Event Bus,Containers,emp_131,Project Notes,2024-03-28,2026-04-25,Draft,Rejected,3.0,True,False,,Project Notes,Internal,Platform Core Team,Git Markdown,https://wiki.org/docs/DOC-0763,en
DOC-0764,Meeting Decision: Authorization Guidelines for Project Gamma,Meeting Decision,authorization,Technical assessment and standard guidelines regarding authorization implementation for Project Gamma system Inventory System.,Comprehensive architecture guidelines covering authorization within Project Gamma.,DevOps,Project Gamma,Inventory System,Authorization,emp_279,Unverified,2026-02-08,2026-07-31,Draft,Draft,2.2,True,False,,Unverified,Confidential,DevOps Core Team,Confluence,https://wiki.org/docs/DOC-0764,en
DOC-0765,Policy: Microservices Guidelines for Project Alpha,Policy,microservices,Technical assessment and standard guidelines regarding microservices implementation for Project Alpha system Event Bus.,Comprehensive architecture guidelines covering microservices within Project Alpha.,Data Engineering,Project Alpha,Event Bus,Microservices,emp_543,Chief Architect,2024-03-06,2026-05-26,Draft,Draft,1.1,True,False,,Chief Architect,Internal,Data Engineering Core Team,Git Markdown,https://wiki.org/docs/DOC-0765,en
DOC-0766,Meeting Decision: Logging Guidelines for Project Omega,Meeting Decision,logging,Technical assessment and standard guidelines regarding logging implementation for Project Omega system Data Pipeline.,Comprehensive architecture guidelines covering logging within Project Omega.,Data Engineering,Project Omega,Data Pipeline,Logging,emp_598,Principal Engineer,2021-05-13,2025-11-05,Superseded,Draft,1.0,False,True,,Principal Engineer,Restricted,Data Engineering Core Team,Confluence,https://wiki.org/docs/DOC-0766,en
DOC-0767,Architecture Decision Record: Networking Guidelines for Project Gamma,Architecture Decision Record,networking,Technical assessment and standard guidelines regarding networking implementation for Project Gamma system Metrics Engine.,Comprehensive architecture guidelines covering networking within Project Gamma.,Engineering,Project Gamma,Metrics Engine,Networking,emp_776,Senior Engineer,2021-04-13,2022-09-09,Draft,Under Review,2.2,True,False,,Senior Engineer,Internal,Engineering Core Team,Git Markdown,https://wiki.org/docs/DOC-0767,en
DOC-0768,Project Documentation: Cloud Providers Guidelines for Core Infrastructure,Project Documentation,cloud providers,Technical assessment and standard guidelines regarding cloud providers implementation for Core Infrastructure system Metrics Engine.,Comprehensive architecture guidelines covering cloud providers within Core Infrastructure.,Platform,Core Infrastructure,Metrics Engine,Cloud Providers,emp_397,Chief Architect,2021-03-07,2023-11-01,Draft,Draft,3.2,True,False,,Chief Architect,Confidential,Platform Core Team,Confluence,https://wiki.org/docs/DOC-0768,en
DOC-0769,Standard: Authorization Guidelines for Project Gamma,Standard,authorization,Technical assessment and standard guidelines regarding authorization implementation for Project Gamma system Search Engine.,Comprehensive architecture guidelines covering authorization within Project Gamma.,Architecture,Project Gamma,Search Engine,Authorization,emp_677,Senior Architect,2024-10-22,2025-09-17,Draft,Under Review,1.1,True,False,,Senior Architect,Internal,Architecture Core Team,Git Markdown,https://wiki.org/docs/DOC-0769,en
DOC-0770,Standard: Logging Guidelines for Project Alpha,Standard,logging,Technical assessment and standard guidelines regarding logging implementation for Project Alpha system Inventory System.,Comprehensive architecture guidelines covering logging within Project Alpha.,Architecture,Project Alpha,Inventory System,Logging,emp_287,Unverified,2025-05-22,2026-07-22,Superseded,Rejected,3.1,False,True,,Unverified,Restricted,Architecture Core Team,Confluence,https://wiki.org/docs/DOC-0770,en
DOC-0771,Standard: Observability Guidelines for Project Delta,Standard,observability,Technical assessment and standard guidelines regarding observability implementation for Project Delta system Metrics Engine.,Comprehensive architecture guidelines covering observability within Project Delta.,Architecture,Project Delta,Metrics Engine,Observability,emp_530,Project Notes,2023-08-03,2023-09-28,Active,Approved,2.0,True,False,,Project Notes,Internal,Architecture Core Team,Git Markdown,https://wiki.org/docs/DOC-0771,en
DOC-0772,Deprecated Document: Containers Guidelines for Project Omega,Deprecated Document,containers,Technical assessment and standard guidelines regarding containers implementation for Project Omega system Event Bus.,Comprehensive architecture guidelines covering containers within Project Omega.,Data Engineering,Project Omega,Event Bus,Containers,emp_735,Senior Architect,2026-01-18,2026-06-11,Superseded,Draft,2.0,False,True,,Senior Architect,Confidential,Data Engineering Core Team,Confluence,https://wiki.org/docs/DOC-0772,en
DOC-0773,Meeting Decision: Ci/Cd Guidelines for Project Delta,Meeting Decision,CI/CD,Technical assessment and standard guidelines regarding CI/CD implementation for Project Delta system Auth Service.,Comprehensive architecture guidelines covering CI/CD within Project Delta.,Product,Project Delta,Auth Service,Ci/Cd,emp_156,Chief Architect,2025-08-27,2026-07-25,Active,Approved,1.1,True,False,,Chief Architect,Confidential,Product Core Team,Git Markdown,https://wiki.org/docs/DOC-0773,en
DOC-0774,Engineering Note: Authorization Guidelines for Core Infrastructure,Engineering Note,authorization,Technical assessment and standard guidelines regarding authorization implementation for Core Infrastructure system Auth Service.,Comprehensive architecture guidelines covering authorization within Core Infrastructure.,Data Engineering,Core Infrastructure,Auth Service,Authorization,emp_628,Architecture Team,2024-02-26,2026-03-25,Draft,Rejected,3.2,True,False,,Architecture Team,Internal,Data Engineering Core Team,Confluence,https://wiki.org/docs/DOC-0774,en
DOC-0775,Architecture Decision Record: Databases Guidelines for Enterprise Gateway,Architecture Decision Record,databases,"Title: Architecture Decision Record for Enterprise Gateway
Department: Security

PostgreSQL 15 is approved as the standard relational database storage platform for Enterprise Gateway. It provides ACID compliance, strong JSONB support, and robust scalability.",Comprehensive architecture guidelines covering databases within Enterprise Gateway.,Security,Enterprise Gateway,User Portal,PostgreSQL,emp_168,Chief Architect,2021-11-10,2025-03-30,Active,Approved,1.1,True,False,,Chief Architect,Public,Security Core Team,Git Markdown,https://wiki.org/docs/DOC-0775,en
DOC-0776,Project Documentation: Apis Guidelines for Project Alpha,Project Documentation,APIs,Technical assessment and standard guidelines regarding APIs implementation for Project Alpha system Metrics Engine.,Comprehensive architecture guidelines covering APIs within Project Alpha.,Architecture,Project Alpha,Metrics Engine,Apis,emp_288,Project Notes,2025-09-20,2026-06-26,Draft,Draft,3.1,True,False,,Project Notes,Public,Architecture Core Team,Confluence,https://wiki.org/docs/DOC-0776,en
DOC-0777,Deprecated Document: Messaging Guidelines for Project Beta,Deprecated Document,messaging,Technical assessment and standard guidelines regarding messaging implementation for Project Beta system User Portal.,Comprehensive architecture guidelines covering messaging within Project Beta.,Product,Project Beta,User Portal,Messaging,emp_623,Senior Architect,2022-02-15,2024-10-17,Draft,Rejected,3.0,True,False,,Senior Architect,Confidential,Product Core Team,Git Markdown,https://wiki.org/docs/DOC-0777,en
DOC-0778,Standard: Security Guidelines for Core Infrastructure,Standard,security,Technical assessment and standard guidelines regarding security implementation for Core Infrastructure system Payment Gateway.,Comprehensive architecture guidelines covering security within Core Infrastructure.,Product,Core Infrastructure,Payment Gateway,Security,emp_526,Project Notes,2021-10-31,2021-12-27,Draft,Draft,3.1,True,False,,Project Notes,Public,Product Core Team,Confluence,https://wiki.org/docs/DOC-0778,en
DOC-0779,Engineering Note: Frontend Architecture Guidelines for Core Infrastructure,Engineering Note,frontend architecture,Technical assessment and standard guidelines regarding frontend architecture implementation for Core Infrastructure system Inventory System.,Comprehensive architecture guidelines covering frontend architecture within Core Infrastructure.,Data Engineering,Core Infrastructure,Inventory System,Frontend Architecture,emp_463,Architecture Board,2023-08-17,2026-03-12,Superseded,Draft,1.1,False,True,,Architecture Board,Internal,Data Engineering Core Team,Git Markdown,https://wiki.org/docs/DOC-0779,en
DOC-0780,Draft Document: Security Guidelines for Project Omega,Draft Document,security,Technical assessment and standard guidelines regarding security implementation for Project Omega system Data Pipeline.,Comprehensive architecture guidelines covering security within Project Omega.,Engineering,Project Omega,Data Pipeline,Security,emp_460,Senior Architect,2022-11-26,2025-06-24,Draft,Under Review,3.1,True,False,,Senior Architect,Confidential,Engineering Core Team,Confluence,https://wiki.org/docs/DOC-0780,en
DOC-0781,Deprecated Document: Networking Guidelines for Project Delta,Deprecated Document,networking,Technical assessment and standard guidelines regarding networking implementation for Project Delta system Data Pipeline.,No summary provided.,Security,Project Delta,Data Pipeline,Networking,emp_894,Unverified,2022-06-15,2023-03-07,Draft,Draft,3.1,True,False,,Unverified,Confidential,Security Core Team,Git Markdown,https://wiki.org/docs/DOC-0781,en
DOC-0782,Policy: Messaging Guidelines for Project Beta,Policy,messaging,Technical assessment and standard guidelines regarding messaging implementation for Project Beta system Payment Gateway.,Comprehensive architecture guidelines covering messaging within Project Beta.,Engineering,Project Beta,Payment Gateway,Messaging,emp_795,Project Notes,2022-10-25,2024-02-11,Superseded,Under Review,1.2,False,True,,Project Notes,Confidential,Engineering Core Team,Confluence,https://wiki.org/docs/DOC-0782,en
DOC-0783,Technical Design Document: Authentication Guidelines for Project Alpha,Technical Design Document,authentication,"Title: Technical Design Document for Project Alpha
Department: Data Engineering

OAuth 2.0 with OpenID Connect (OIDC) via Okta is mandatory for all user authentication in Project Alpha.",Comprehensive architecture guidelines covering authentication within Project Alpha.,Data Engineering,Project Alpha,Search Engine,OAuth2/OIDC,emp_138,Chief Architect,2023-06-24,2025-07-29,Draft,Under Review,3.1,True,False,,Chief Architect,Confidential,Data Engineering Core Team,Git Markdown,https://wiki.org/docs/DOC-0783,en
DOC-0784,Meeting Decision: Deployment Guidelines for Project Beta,Meeting Decision,deployment,Technical assessment and standard guidelines regarding deployment implementation for Project Beta system Search Engine.,Comprehensive architecture guidelines covering deployment within Project Beta.,Platform,Project Beta,Search Engine,Deployment,emp_548,Project Notes,2022-04-07,2023-05-24,Draft,Under Review,3.0,True,False,,Project Notes,Public,Platform Core Team,Confluence,https://wiki.org/docs/DOC-0784,en
DOC-0785,Security Recommendation: Backend Architecture Guidelines for Project Alpha,Security Recommendation,backend architecture,Technical assessment and standard guidelines regarding backend architecture implementation for Project Alpha system Auth Service.,Comprehensive architecture guidelines covering backend architecture within Project Alpha.,Platform,Project Alpha,Auth Service,Backend Architecture,emp_105,Senior Architect,2025-05-05,2025-11-29,Active,Approved,3.2,True,False,,Senior Architect,Confidential,Platform Core Team,Git Markdown,https://wiki.org/docs/DOC-0785,en
DOC-0786,Engineering Note: Networking Guidelines for Project Omega,Engineering Note,networking,Technical assessment and standard guidelines regarding networking implementation for Project Omega system Event Bus.,Comprehensive architecture guidelines covering networking within Project Omega.,Architecture,Project Omega,Event Bus,Networking,emp_973,Unverified,2025-06-30,2025-08-03,Draft,Rejected,2.0,True,False,,Unverified,Public,Architecture Core Team,Confluence,https://wiki.org/docs/DOC-0786,en
DOC-0787,Deprecated Document: Authorization Guidelines for Project Alpha,Deprecated Document,authorization,Technical assessment and standard guidelines regarding authorization implementation for Project Alpha system User Portal.,Comprehensive architecture guidelines covering authorization within Project Alpha.,Security,Project Alpha,User Portal,Authorization,emp_715,Architecture Board,2022-11-09,2022-12-25,Draft,Under Review,2.1,True,False,,Architecture Board,Confidential,Security Core Team,Git Markdown,https://wiki.org/docs/DOC-0787,en
DOC-0788,Deprecated Document: Messaging Guidelines for Project Gamma,Deprecated Document,messaging,Technical assessment and standard guidelines regarding messaging implementation for Project Gamma system User Portal.,Comprehensive architecture guidelines covering messaging within Project Gamma.,Engineering,Project Gamma,User Portal,Messaging,emp_725,Unverified,2022-10-02,2024-12-27,Active,Approved,1.2,True,False,,Unverified,Confidential,Engineering Core Team,Confluence,https://wiki.org/docs/DOC-0788,en
DOC-0789,Project Documentation: Frontend Architecture Guidelines for Project Alpha,Project Documentation,frontend architecture,Technical assessment and standard guidelines regarding frontend architecture implementation for Project Alpha system Event Bus.,Comprehensive architecture guidelines covering frontend architecture within Project Alpha.,Engineering,Project Alpha,Event Bus,Frontend Architecture,emp_367,Engineer,2022-11-17,2023-03-18,Draft,Under Review,3.1,True,False,,Engineer,Public,Engineering Core Team,Git Markdown,https://wiki.org/docs/DOC-0789,en
DOC-0790,Standard: Infrastructure Guidelines for Project Omega,Standard,infrastructure,Technical assessment and standard guidelines regarding infrastructure implementation for Project Omega system Auth Service.,Comprehensive architecture guidelines covering infrastructure within Project Omega.,DevOps,Project Omega,Auth Service,Infrastructure,emp_172,Senior Engineer,2024-05-10,2026-06-06,Active,Approved,2.0,True,False,,Senior Engineer,Restricted,DevOps Core Team,Confluence,https://wiki.org/docs/DOC-0790,en
DOC-0791,Meeting Decision: Networking Guidelines for Project Omega,Meeting Decision,networking,Technical assessment and standard guidelines regarding networking implementation for Project Omega system Event Bus.,Comprehensive architecture guidelines covering networking within Project Omega.,Platform,Project Omega,Event Bus,Networking,emp_589,Engineer,2025-05-20,2026-07-29,Superseded,Under Review,1.0,False,True,,Engineer,Internal,Platform Core Team,Git Markdown,https://wiki.org/docs/DOC-0791,en
DOC-0792,Architecture Decision Record: Backend Architecture Guidelines for Core Infrastructure,Architecture Decision Record,backend architecture,Technical assessment and standard guidelines regarding backend architecture implementation for Core Infrastructure system Auth Service.,Comprehensive architecture guidelines covering backend architecture within Core Infrastructure.,DevOps,Core Infrastructure,Auth Service,Backend Architecture,emp_593,Unverified,2023-03-04,2025-04-14,Draft,Under Review,2.2,True,False,,Unverified,Internal,DevOps Core Team,Confluence,https://wiki.org/docs/DOC-0792,en
DOC-0793,Architecture Decision Record: Event Streaming Guidelines for Project Gamma,Architecture Decision Record,event streaming,Technical assessment and standard guidelines regarding event streaming implementation for Project Gamma system User Portal.,No summary provided.,Architecture,Project Gamma,User Portal,Event Streaming,emp_547,Senior Engineer,2022-05-03,2023-08-21,Active,Approved,1.1,True,False,,Senior Engineer,Public,Architecture Core Team,Git Markdown,https://wiki.org/docs/DOC-0793,en
DOC-0794,Policy: Containers Guidelines for Enterprise Gateway,Policy,containers,Technical assessment and standard guidelines regarding containers implementation for Enterprise Gateway system Payment Gateway.,Comprehensive architecture guidelines covering containers within Enterprise Gateway.,Engineering,Enterprise Gateway,Payment Gateway,Containers,emp_229,Architecture Board,2022-01-05,2023-08-06,Active,Approved,3.2,True,False,,Architecture Board,Internal,Engineering Core Team,Confluence,https://wiki.org/docs/DOC-0794,en
DOC-0795,Meeting Decision: Security Guidelines for Project Delta,Meeting Decision,security,Technical assessment and standard guidelines regarding security implementation for Project Delta system Payment Gateway.,Comprehensive architecture guidelines covering security within Project Delta.,DevOps,Project Delta,Payment Gateway,Security,emp_178,Chief Architect,2026-04-06,2026-06-14,Draft,Under Review,3.1,True,False,,Chief Architect,Internal,DevOps Core Team,Git Markdown,https://wiki.org/docs/DOC-0795,en
DOC-0796,Meeting Decision: Observability Guidelines for Enterprise Gateway,Meeting Decision,observability,Technical assessment and standard guidelines regarding observability implementation for Enterprise Gateway system Search Engine.,Comprehensive architecture guidelines covering observability within Enterprise Gateway.,Data Engineering,Enterprise Gateway,Search Engine,Observability,emp_639,Architecture Team,2022-10-16,2025-10-28,Superseded,Approved,2.2,False,True,,Architecture Team,Confidential,Data Engineering Core Team,Confluence,https://wiki.org/docs/DOC-0796,en
DOC-0797,Deprecated Document: Cloud Providers Guidelines for Enterprise Gateway,Deprecated Document,cloud providers,Technical assessment and standard guidelines regarding cloud providers implementation for Enterprise Gateway system User Portal.,Comprehensive architecture guidelines covering cloud providers within Enterprise Gateway.,Data Engineering,Enterprise Gateway,User Portal,Cloud Providers,emp_859,Principal Engineer,2022-03-08,2022-11-14,Draft,Draft,1.0,True,False,,Principal Engineer,Internal,Data Engineering Core Team,Git Markdown,https://wiki.org/docs/DOC-0797,en
DOC-0798,Meeting Decision: Caching Guidelines for Project Alpha,Meeting Decision,caching,Technical assessment and standard guidelines regarding caching implementation for Project Alpha system Inventory System.,Comprehensive architecture guidelines covering caching within Project Alpha.,Engineering,Project Alpha,Inventory System,Caching,emp_376,Architecture Board,2024-04-19,2025-05-17,Draft,Draft,1.0,True,False,,Architecture Board,Restricted,Engineering Core Team,Confluence,https://wiki.org/docs/DOC-0798,en
DOC-0799,Project Documentation: Databases Guidelines for Enterprise Gateway,Project Documentation,databases,"Title: Project Documentation for Enterprise Gateway
Department: Security

MongoDB 6.0 is selected for non-relational document storage in Enterprise Gateway due to flexible schema requirements.",Comprehensive architecture guidelines covering databases within Enterprise Gateway.,Security,Enterprise Gateway,Metrics Engine,MongoDB,emp_145,Project Notes,2022-02-26,2024-04-12,Draft,Rejected,3.1,True,False,,Project Notes,Public,Security Core Team,Git Markdown,https://wiki.org/docs/DOC-0799,en
DOC-0800,Draft Document: Databases Guidelines for Project Omega,Draft Document,databases,"Title: Draft Document for Project Omega
Department: Product

PostgreSQL 15 is approved as the standard relational database storage platform for Project Omega. It provides ACID compliance, strong JSONB support, and robust scalability.",Comprehensive architecture guidelines covering databases within Project Omega.,Product,Project Omega,Event Bus,PostgreSQL,emp_929,Principal Engineer,2022-03-20,2026-06-17,Draft,Draft,3.1,True,False,,Principal Engineer,Confidential,Product Core Team,Confluence,https://wiki.org/docs/DOC-0800,en
DOC-0801,Deprecated Document: Apis Guidelines for Enterprise Gateway,Deprecated Document,APIs,Technical assessment and standard guidelines regarding APIs implementation for Enterprise Gateway system Metrics Engine.,No summary provided.,Engineering,Enterprise Gateway,Metrics Engine,Apis,emp_979,Principal Engineer,2023-08-08,2025-12-23,Draft,Draft,2.1,True,False,,Principal Engineer,Internal,Engineering Core Team,Git Markdown,https://wiki.org/docs/DOC-0801,en
DOC-0802,Security Recommendation: Backend Architecture Guidelines for Project Gamma,Security Recommendation,backend architecture,Technical assessment and standard guidelines regarding backend architecture implementation for Project Gamma system User Portal.,Comprehensive architecture guidelines covering backend architecture within Project Gamma.,Engineering,Project Gamma,User Portal,Backend Architecture,emp_402,Unverified,2024-03-15,2025-04-23,Active,Approved,2.1,True,False,,Unverified,Restricted,Engineering Core Team,Confluence,https://wiki.org/docs/DOC-0802,en
DOC-0803,Meeting Decision: Event Streaming Guidelines for Project Alpha,Meeting Decision,event streaming,Technical assessment and standard guidelines regarding event streaming implementation for Project Alpha system Search Engine.,Comprehensive architecture guidelines covering event streaming within Project Alpha.,Engineering,Project Alpha,Search Engine,Event Streaming,emp_956,Senior Engineer,2025-10-02,2026-01-01,Draft,Rejected,2.0,True,False,,Senior Engineer,Confidential,Engineering Core Team,Git Markdown,https://wiki.org/docs/DOC-0803,en
DOC-0804,Draft Document: Frontend Architecture Guidelines for Enterprise Gateway,Draft Document,frontend architecture,Technical assessment and standard guidelines regarding frontend architecture implementation for Enterprise Gateway system User Portal.,Comprehensive architecture guidelines covering frontend architecture within Enterprise Gateway.,Data Engineering,Enterprise Gateway,User Portal,Frontend Architecture,emp_159,Engineer,2026-04-07,2026-04-17,Draft,Draft,3.1,True,False,,Engineer,Public,Data Engineering Core Team,Confluence,https://wiki.org/docs/DOC-0804,en
DOC-0805,Engineering Note: Kubernetes Guidelines for Project Gamma,Engineering Note,Kubernetes,Technical assessment and standard guidelines regarding Kubernetes implementation for Project Gamma system Inventory System.,Comprehensive architecture guidelines covering Kubernetes within Project Gamma.,Product,Project Gamma,Inventory System,Kubernetes,emp_332,Senior Architect,2021-10-28,2025-04-15,Active,Approved,3.0,True,False,,Senior Architect,Internal,Product Core Team,Git Markdown,https://wiki.org/docs/DOC-0805,en
DOC-0806,Meeting Decision: Infrastructure Guidelines for Project Gamma,Meeting Decision,infrastructure,Technical assessment and standard guidelines regarding infrastructure implementation for Project Gamma system User Portal.,Comprehensive architecture guidelines covering infrastructure within Project Gamma.,Engineering,Project Gamma,User Portal,Infrastructure,emp_831,Architecture Board,2026-06-21,2026-07-07,Active,Approved,2.2,True,False,,Architecture Board,Public,Engineering Core Team,Confluence,https://wiki.org/docs/DOC-0806,en
DOC-0807,Project Documentation: Authentication Guidelines for Project Omega,Project Documentation,authentication,"Title: Project Documentation for Project Omega
Department: Security

Basic Auth with custom API keys is permitted for internal legacy services in Project Omega.",Comprehensive architecture guidelines covering authentication within Project Omega.,Security,Project Omega,Payment Gateway,Basic Auth,emp_179,Unverified,2022-02-22,2023-12-21,Superseded,Rejected,2.1,False,True,,Unverified,Internal,Security Core Team,Git Markdown,https://wiki.org/docs/DOC-0807,en
DOC-0808,Draft Document: Observability Guidelines for Project Gamma,Draft Document,observability,Technical assessment and standard guidelines regarding observability implementation for Project Gamma system Event Bus.,Comprehensive architecture guidelines covering observability within Project Gamma.,Security,Project Gamma,Event Bus,Observability,emp_401,Project Notes,2021-03-05,2022-01-27,Superseded,Draft,1.2,False,True,,Project Notes,Public,Security Core Team,Confluence,https://wiki.org/docs/DOC-0808,en
DOC-0809,Draft Document: Monitoring Guidelines for Project Omega,Draft Document,monitoring,Technical assessment and standard guidelines regarding monitoring implementation for Project Omega system Event Bus.,Comprehensive architecture guidelines covering monitoring within Project Omega.,DevOps,Project Omega,Event Bus,Monitoring,emp_487,Architecture Team,2021-03-08,2024-11-12,Draft,Under Review,3.0,True,False,,Architecture Team,Public,DevOps Core Team,Git Markdown,https://wiki.org/docs/DOC-0809,en
DOC-0810,Technical Design Document: Infrastructure Guidelines for Project Omega,Technical Design Document,infrastructure,Technical assessment and standard guidelines regarding infrastructure implementation for Project Omega system Metrics Engine.,Comprehensive architecture guidelines covering infrastructure within Project Omega.,Data Engineering,Project Omega,Metrics Engine,Infrastructure,emp_850,Unverified,2025-10-02,2026-06-29,Active,Approved,3.2,True,False,,Unverified,Confidential,Data Engineering Core Team,Confluence,https://wiki.org/docs/DOC-0810,en
DOC-0811,Security Recommendation: Infrastructure Guidelines for Project Gamma,Security Recommendation,infrastructure,Technical assessment and standard guidelines regarding infrastructure implementation for Project Gamma system Event Bus.,Comprehensive architecture guidelines covering infrastructure within Project Gamma.,Platform,Project Gamma,Event Bus,Infrastructure,emp_918,Architecture Team,2022-04-18,2024-11-06,Draft,Draft,1.2,True,False,,Architecture Team,Internal,Platform Core Team,Git Markdown,https://wiki.org/docs/DOC-0811,en
DOC-0812,Technical Design Document: Data Storage Guidelines for Project Gamma,Technical Design Document,data storage,Technical assessment and standard guidelines regarding data storage implementation for Project Gamma system Event Bus.,Comprehensive architecture guidelines covering data storage within Project Gamma.,Engineering,Project Gamma,Event Bus,Data Storage,emp_617,Unverified,2026-02-17,2026-05-20,Draft,Rejected,2.1,True,False,,Unverified,Internal,Engineering Core Team,Confluence,https://wiki.org/docs/DOC-0812,en
DOC-0813,Meeting Decision: Cloud Providers Guidelines for Project Omega,Meeting Decision,cloud providers,Technical assessment and standard guidelines regarding cloud providers implementation for Project Omega system Metrics Engine.,Comprehensive architecture guidelines covering cloud providers within Project Omega.,Platform,Project Omega,Metrics Engine,Cloud Providers,emp_720,Senior Architect,2025-06-18,2025-11-11,Draft,Draft,1.1,True,False,,Senior Architect,Confidential,Platform Core Team,Git Markdown,https://wiki.org/docs/DOC-0813,en
DOC-0814,Policy: Networking Guidelines for Core Infrastructure,Policy,networking,Technical assessment and standard guidelines regarding networking implementation for Core Infrastructure system User Portal.,Comprehensive architecture guidelines covering networking within Core Infrastructure.,Product,Core Infrastructure,User Portal,Networking,emp_997,Senior Architect,2021-02-01,2022-01-08,Active,Approved,3.2,True,False,,Senior Architect,Confidential,Product Core Team,Confluence,https://wiki.org/docs/DOC-0814,en
DOC-0815,Engineering Note: Apis Guidelines for Enterprise Gateway,Engineering Note,APIs,Technical assessment and standard guidelines regarding APIs implementation for Enterprise Gateway system Auth Service.,Comprehensive architecture guidelines covering APIs within Enterprise Gateway.,Security,Enterprise Gateway,Auth Service,Apis,emp_174,Senior Architect,2023-11-21,2026-04-26,Draft,Rejected,2.0,True,False,,Senior Architect,Confidential,Security Core Team,Git Markdown,https://wiki.org/docs/DOC-0815,en
DOC-0816,Architecture Decision Record: Logging Guidelines for Project Alpha,Architecture Decision Record,logging,Technical assessment and standard guidelines regarding logging implementation for Project Alpha system Event Bus.,Comprehensive architecture guidelines covering logging within Project Alpha.,Architecture,Project Alpha,Event Bus,Logging,emp_839,Chief Architect,2021-06-01,2025-07-22,Draft,Draft,2.2,True,False,,Chief Architect,Confidential,Architecture Core Team,Confluence,https://wiki.org/docs/DOC-0816,en
DOC-0817,Engineering Note: Networking Guidelines for Core Infrastructure,Engineering Note,networking,Technical assessment and standard guidelines regarding networking implementation for Core Infrastructure system Data Pipeline.,Comprehensive architecture guidelines covering networking within Core Infrastructure.,Platform,Core Infrastructure,Data Pipeline,Networking,emp_185,Unverified,2026-01-09,2026-01-10,Draft,Draft,2.1,True,False,,Unverified,Restricted,Platform Core Team,Git Markdown,https://wiki.org/docs/DOC-0817,en
DOC-0818,Policy: Infrastructure Guidelines for Project Gamma,Policy,infrastructure,Technical assessment and standard guidelines regarding infrastructure implementation for Project Gamma system Payment Gateway.,Comprehensive architecture guidelines covering infrastructure within Project Gamma.,Product,Project Gamma,Payment Gateway,Infrastructure,emp_404,Architecture Team,2022-11-30,2023-03-08,Draft,Rejected,2.1,True,False,,Architecture Team,Internal,Product Core Team,Confluence,https://wiki.org/docs/DOC-0818,en
DOC-0819,Security Recommendation: Microservices Guidelines for Project Delta,Security Recommendation,microservices,Technical assessment and standard guidelines regarding microservices implementation for Project Delta system Search Engine.,Comprehensive architecture guidelines covering microservices within Project Delta.,Data Engineering,Project Delta,Search Engine,Microservices,emp_201,Senior Engineer,2022-08-07,2023-07-12,Active,Approved,2.1,True,False,,Senior Engineer,Internal,Data Engineering Core Team,Git Markdown,https://wiki.org/docs/DOC-0819,en
DOC-0820,Meeting Decision: Kubernetes Guidelines for Project Omega,Meeting Decision,Kubernetes,Technical assessment and standard guidelines regarding Kubernetes implementation for Project Omega system Payment Gateway.,Comprehensive architecture guidelines covering Kubernetes within Project Omega.,Product,Project Omega,Payment Gateway,Kubernetes,emp_782,Architecture Team,2021-10-16,2022-04-30,Draft,Under Review,3.0,True,False,,Architecture Team,Public,Product Core Team,Confluence,https://wiki.org/docs/DOC-0820,en
DOC-0821,Architecture Decision Record: Deployment Guidelines for Project Omega,Architecture Decision Record,deployment,Technical assessment and standard guidelines regarding deployment implementation for Project Omega system User Portal.,Comprehensive architecture guidelines covering deployment within Project Omega.,Product,Project Omega,User Portal,Deployment,emp_600,Architecture Board,2023-01-27,2024-03-18,Draft,Draft,3.1,True,False,,Architecture Board,Confidential,Product Core Team,Git Markdown,https://wiki.org/docs/DOC-0821,en
DOC-0822,Policy: Logging Guidelines for Project Alpha,Policy,logging,Technical assessment and standard guidelines regarding logging implementation for Project Alpha system Payment Gateway.,Comprehensive architecture guidelines covering logging within Project Alpha.,DevOps,Project Alpha,Payment Gateway,Logging,emp_542,Project Notes,2022-06-23,2022-12-17,Draft,Under Review,3.2,True,False,,Project Notes,Public,DevOps Core Team,Confluence,https://wiki.org/docs/DOC-0822,en
DOC-0823,Security Recommendation: Containers Guidelines for Core Infrastructure,Security Recommendation,containers,Technical assessment and standard guidelines regarding containers implementation for Core Infrastructure system Event Bus.,Comprehensive architecture guidelines covering containers within Core Infrastructure.,Engineering,Core Infrastructure,Event Bus,Containers,emp_619,Senior Architect,2022-07-20,2025-02-02,Active,Approved,2.0,True,False,,Senior Architect,Confidential,Engineering Core Team,Git Markdown,https://wiki.org/docs/DOC-0823,en
DOC-0824,Engineering Note: Ci/Cd Guidelines for Project Gamma,Engineering Note,CI/CD,Technical assessment and standard guidelines regarding CI/CD implementation for Project Gamma system Auth Service.,Comprehensive architecture guidelines covering CI/CD within Project Gamma.,Platform,Project Gamma,Auth Service,Ci/Cd,emp_351,Architecture Board,2024-04-15,2025-05-05,Draft,Under Review,2.1,True,False,,Architecture Board,Internal,Platform Core Team,Confluence,https://wiki.org/docs/DOC-0824,en
DOC-0825,Project Documentation: Networking Guidelines for Project Gamma,Project Documentation,networking,Technical assessment and standard guidelines regarding networking implementation for Project Gamma system User Portal.,Comprehensive architecture guidelines covering networking within Project Gamma.,Platform,Project Gamma,User Portal,Networking,emp_628,Chief Architect,2021-01-07,2023-06-15,Active,Approved,3.0,True,False,,Chief Architect,Internal,Platform Core Team,Git Markdown,https://wiki.org/docs/DOC-0825,en
DOC-0826,Deprecated Document: Event Streaming Guidelines for Project Delta,Deprecated Document,event streaming,Technical assessment and standard guidelines regarding event streaming implementation for Project Delta system User Portal.,Comprehensive architecture guidelines covering event streaming within Project Delta.,DevOps,Project Delta,User Portal,Event Streaming,emp_595,Senior Engineer,2024-09-07,2025-03-10,Draft,Draft,2.2,True,False,,Senior Engineer,Confidential,DevOps Core Team,Confluence,https://wiki.org/docs/DOC-0826,en
DOC-0827,Project Documentation: Event Streaming Guidelines for Project Gamma,Project Documentation,event streaming,Technical assessment and standard guidelines regarding event streaming implementation for Project Gamma system Inventory System.,Comprehensive architecture guidelines covering event streaming within Project Gamma.,Data Engineering,Project Gamma,Inventory System,Event Streaming,emp_198,Principal Engineer,2021-08-19,2026-07-28,Draft,Draft,2.1,True,False,,Principal Engineer,Internal,Data Engineering Core Team,Git Markdown,https://wiki.org/docs/DOC-0827,en
DOC-0828,Standard: Caching Guidelines for Project Gamma,Standard,caching,Technical assessment and standard guidelines regarding caching implementation for Project Gamma system Payment Gateway.,No summary provided.,DevOps,Project Gamma,Payment Gateway,Caching,emp_813,Senior Engineer,2024-12-14,2025-04-24,Draft,Rejected,2.2,True,False,,Senior Engineer,Confidential,DevOps Core Team,Confluence,https://wiki.org/docs/DOC-0828,en
DOC-0829,Security Recommendation: Kubernetes Guidelines for Project Omega,Security Recommendation,Kubernetes,Technical assessment and standard guidelines regarding Kubernetes implementation for Project Omega system Metrics Engine.,Comprehensive architecture guidelines covering Kubernetes within Project Omega.,Platform,Project Omega,Metrics Engine,Kubernetes,emp_675,Architecture Board,2022-06-20,2026-04-02,Draft,Draft,2.1,True,False,,Architecture Board,Confidential,Platform Core Team,Git Markdown,https://wiki.org/docs/DOC-0829,en
DOC-0830,Policy: Networking Guidelines for Core Infrastructure,Policy,networking,Technical assessment and standard guidelines regarding networking implementation for Core Infrastructure system Event Bus.,Comprehensive architecture guidelines covering networking within Core Infrastructure.,Platform,Core Infrastructure,Event Bus,Networking,emp_415,Architecture Board,2023-04-20,2024-07-16,Draft,Under Review,3.0,True,False,,Architecture Board,Restricted,Platform Core Team,Confluence,https://wiki.org/docs/DOC-0830,en
DOC-0831,Deprecated Document: Databases Guidelines for Enterprise Gateway,Deprecated Document,databases,"Title: Deprecated Document for Enterprise Gateway
Department: Security

PostgreSQL 15 is approved as the standard relational database storage platform for Enterprise Gateway. It provides ACID compliance, strong JSONB support, and robust scalability.",Comprehensive architecture guidelines covering databases within Enterprise Gateway.,Security,Enterprise Gateway,Payment Gateway,PostgreSQL,emp_461,Senior Engineer,2021-05-10,2025-01-10,Draft,Under Review,1.0,True,False,,Senior Engineer,Confidential,Security Core Team,Git Markdown,https://wiki.org/docs/DOC-0831,en
DOC-0832,Project Documentation: Messaging Guidelines for Project Gamma,Project Documentation,messaging,Technical assessment and standard guidelines regarding messaging implementation for Project Gamma system Metrics Engine.,Comprehensive architecture guidelines covering messaging within Project Gamma.,Architecture,Project Gamma,Metrics Engine,Messaging,emp_666,Architecture Team,2026-04-10,2026-04-11,Active,Approved,3.0,True,False,,Architecture Team,Confidential,Architecture Core Team,Confluence,https://wiki.org/docs/DOC-0832,en
DOC-0833,Meeting Decision: Logging Guidelines for Project Gamma,Meeting Decision,logging,Technical assessment and standard guidelines regarding logging implementation for Project Gamma system User Portal.,Comprehensive architecture guidelines covering logging within Project Gamma.,Engineering,Project Gamma,User Portal,Logging,emp_134,Architecture Team,2025-03-16,2025-05-18,Draft,Rejected,1.2,True,False,,Architecture Team,Restricted,Engineering Core Team,Git Markdown,https://wiki.org/docs/DOC-0833,en
DOC-0834,Deprecated Document: Ci/Cd Guidelines for Core Infrastructure,Deprecated Document,CI/CD,Technical assessment and standard guidelines regarding CI/CD implementation for Core Infrastructure system Metrics Engine.,Comprehensive architecture guidelines covering CI/CD within Core Infrastructure.,DevOps,Core Infrastructure,Metrics Engine,Ci/Cd,emp_115,Architecture Board,2024-05-23,2024-10-25,Active,Approved,2.0,True,False,,Architecture Board,Restricted,DevOps Core Team,Confluence,https://wiki.org/docs/DOC-0834,en
DOC-0835,Meeting Decision: Databases Guidelines for Project Gamma,Meeting Decision,databases,"Title: Meeting Decision for Project Gamma
Department: Architecture

DynamoDB is chosen as the managed key-value store for high throughput in Project Gamma.",Comprehensive architecture guidelines covering databases within Project Gamma.,Architecture,Project Gamma,Inventory System,DynamoDB,emp_202,Architecture Team,2026-06-09,2026-07-20,Draft,Rejected,2.0,True,False,,Architecture Team,Internal,Architecture Core Team,Git Markdown,https://wiki.org/docs/DOC-0835,en
DOC-0836,Policy: Networking Guidelines for Project Gamma,Policy,networking,Technical assessment and standard guidelines regarding networking implementation for Project Gamma system User Portal.,Comprehensive architecture guidelines covering networking within Project Gamma.,DevOps,Project Gamma,User Portal,Networking,emp_117,Engineer,2025-01-30,2026-03-09,Draft,Draft,3.0,True,False,,Engineer,Confidential,DevOps Core Team,Confluence,https://wiki.org/docs/DOC-0836,en
DOC-0837,Draft Document: Security Guidelines for Enterprise Gateway,Draft Document,security,Technical assessment and standard guidelines regarding security implementation for Enterprise Gateway system Inventory System.,Comprehensive architecture guidelines covering security within Enterprise Gateway.,Platform,Enterprise Gateway,Inventory System,Security,emp_588,Senior Engineer,2021-08-12,2025-03-20,Draft,Draft,3.0,True,False,,Senior Engineer,Public,Platform Core Team,Git Markdown,https://wiki.org/docs/DOC-0837,en
DOC-0838,Draft Document: Networking Guidelines for Project Omega,Draft Document,networking,Technical assessment and standard guidelines regarding networking implementation for Project Omega system Payment Gateway.,Comprehensive architecture guidelines covering networking within Project Omega.,Platform,Project Omega,Payment Gateway,Networking,emp_512,Senior Architect,2025-09-13,2026-05-13,Superseded,Under Review,2.1,False,True,,Senior Architect,Confidential,Platform Core Team,Confluence,https://wiki.org/docs/DOC-0838,en
DOC-0839,Project Documentation: Cloud Providers Guidelines for Project Alpha,Project Documentation,cloud providers,Technical assessment and standard guidelines regarding cloud providers implementation for Project Alpha system Metrics Engine.,Comprehensive architecture guidelines covering cloud providers within Project Alpha.,Architecture,Project Alpha,Metrics Engine,Cloud Providers,emp_374,Architecture Board,2025-03-27,2026-01-08,Draft,Rejected,2.2,True,False,,Architecture Board,Internal,Architecture Core Team,Git Markdown,https://wiki.org/docs/DOC-0839,en
DOC-0840,Technical Design Document: Ci/Cd Guidelines for Project Omega,Technical Design Document,CI/CD,Technical assessment and standard guidelines regarding CI/CD implementation for Project Omega system Payment Gateway.,Comprehensive architecture guidelines covering CI/CD within Project Omega.,Product,Project Omega,Payment Gateway,Ci/Cd,emp_535,Chief Architect,2023-02-09,2023-10-27,Active,Approved,3.0,True,False,,Chief Architect,Internal,Product Core Team,Confluence,https://wiki.org/docs/DOC-0840,en
DOC-0841,Deprecated Document: Authorization Guidelines for Project Alpha,Deprecated Document,authorization,Technical assessment and standard guidelines regarding authorization implementation for Project Alpha system Inventory System.,Comprehensive architecture guidelines covering authorization within Project Alpha.,Security,Project Alpha,Inventory System,Authorization,emp_741,Senior Architect,2023-09-25,2024-07-07,Draft,Rejected,2.0,True,False,,Senior Architect,Confidential,Security Core Team,Git Markdown,https://wiki.org/docs/DOC-0841,en
DOC-0842,Engineering Note: Backend Architecture Guidelines for Project Gamma,Engineering Note,backend architecture,Technical assessment and standard guidelines regarding backend architecture implementation for Project Gamma system Event Bus.,Comprehensive architecture guidelines covering backend architecture within Project Gamma.,Data Engineering,Project Gamma,Event Bus,Backend Architecture,emp_677,Senior Engineer,2021-10-17,2023-06-03,Draft,Under Review,3.1,True,False,,Senior Engineer,Restricted,Data Engineering Core Team,Confluence,https://wiki.org/docs/DOC-0842,en
DOC-0843,Policy: Monitoring Guidelines for Core Infrastructure,Policy,monitoring,Technical assessment and standard guidelines regarding monitoring implementation for Core Infrastructure system Data Pipeline.,Comprehensive architecture guidelines covering monitoring within Core Infrastructure.,DevOps,Core Infrastructure,Data Pipeline,Monitoring,emp_636,Senior Architect,2021-01-21,2022-11-02,Draft,Rejected,2.0,True,False,,Senior Architect,Public,DevOps Core Team,Git Markdown,https://wiki.org/docs/DOC-0843,en
DOC-0844,Draft Document: Authorization Guidelines for Project Omega,Draft Document,authorization,Technical assessment and standard guidelines regarding authorization implementation for Project Omega system Event Bus.,Comprehensive architecture guidelines covering authorization within Project Omega.,Security,Project Omega,Event Bus,Authorization,emp_162,Chief Architect,2023-08-18,2024-07-03,Active,Approved,3.0,True,False,,Chief Architect,Restricted,Security Core Team,Confluence,https://wiki.org/docs/DOC-0844,en
DOC-0845,Draft Document: Kubernetes Guidelines for Project Gamma,Draft Document,Kubernetes,Technical assessment and standard guidelines regarding Kubernetes implementation for Project Gamma system Metrics Engine.,Comprehensive architecture guidelines covering Kubernetes within Project Gamma.,Product,Project Gamma,Metrics Engine,Kubernetes,emp_476,Principal Engineer,2025-04-20,2025-11-12,Draft,Draft,3.2,True,False,,Principal Engineer,Internal,Product Core Team,Git Markdown,https://wiki.org/docs/DOC-0845,en
DOC-0846,Deprecated Document: Microservices Guidelines for Project Gamma,Deprecated Document,microservices,Technical assessment and standard guidelines regarding microservices implementation for Project Gamma system Search Engine.,Comprehensive architecture guidelines covering microservices within Project Gamma.,Platform,Project Gamma,Search Engine,Microservices,emp_229,Chief Architect,2024-04-17,2026-02-06,Draft,Rejected,3.2,True,False,,Chief Architect,Restricted,Platform Core Team,Confluence,https://wiki.org/docs/DOC-0846,en
DOC-0847,Project Documentation: Event Streaming Guidelines for Core Infrastructure,Project Documentation,event streaming,Technical assessment and standard guidelines regarding event streaming implementation for Core Infrastructure system User Portal.,Comprehensive architecture guidelines covering event streaming within Core Infrastructure.,Security,Core Infrastructure,User Portal,Event Streaming,emp_102,Senior Architect,2026-07-19,2026-07-22,Active,Approved,3.0,True,False,,Senior Architect,Internal,Security Core Team,Git Markdown,https://wiki.org/docs/DOC-0847,en
DOC-0848,Policy: Monitoring Guidelines for Project Alpha,Policy,monitoring,Technical assessment and standard guidelines regarding monitoring implementation for Project Alpha system Data Pipeline.,Comprehensive architecture guidelines covering monitoring within Project Alpha.,Engineering,Project Alpha,Data Pipeline,Monitoring,emp_926,Unverified,2023-05-22,2026-01-12,Draft,Draft,1.0,True,False,,Unverified,Confidential,Engineering Core Team,Confluence,https://wiki.org/docs/DOC-0848,en
DOC-0849,Draft Document: Networking Guidelines for Project Gamma,Draft Document,networking,Technical assessment and standard guidelines regarding networking implementation for Project Gamma system Event Bus.,Comprehensive architecture guidelines covering networking within Project Gamma.,Architecture,Project Gamma,Event Bus,Networking,emp_180,Unverified,2025-09-21,2026-01-08,Draft,Under Review,2.2,True,False,,Unverified,Internal,Architecture Core Team,Git Markdown,https://wiki.org/docs/DOC-0849,en
DOC-0850,Standard: Networking Guidelines for Core Infrastructure,Standard,networking,Technical assessment and standard guidelines regarding networking implementation for Core Infrastructure system Search Engine.,Comprehensive architecture guidelines covering networking within Core Infrastructure.,Product,Core Infrastructure,Search Engine,Networking,emp_671,Chief Architect,2024-08-28,2025-08-19,Superseded,Under Review,2.1,False,True,,Chief Architect,Restricted,Product Core Team,Confluence,https://wiki.org/docs/DOC-0850,en
DOC-0851,Architecture Decision Record: Deployment Guidelines for Project Beta,Architecture Decision Record,deployment,Technical assessment and standard guidelines regarding deployment implementation for Project Beta system Event Bus.,Comprehensive architecture guidelines covering deployment within Project Beta.,Security,Project Beta,Event Bus,Deployment,emp_865,Senior Architect,2022-02-06,2024-07-30,Draft,Draft,1.2,True,False,,Senior Architect,Restricted,Security Core Team,Git Markdown,https://wiki.org/docs/DOC-0851,en
DOC-0852,Meeting Decision: Kubernetes Guidelines for Project Omega,Meeting Decision,Kubernetes,Technical assessment and standard guidelines regarding Kubernetes implementation for Project Omega system Search Engine.,Comprehensive architecture guidelines covering Kubernetes within Project Omega.,Engineering,Project Omega,Search Engine,Kubernetes,emp_762,Architecture Board,2024-08-07,2025-12-10,Superseded,Rejected,3.2,False,True,,Architecture Board,Restricted,Engineering Core Team,Confluence,https://wiki.org/docs/DOC-0852,en
DOC-0853,Engineering Note: Infrastructure Guidelines for Enterprise Gateway,Engineering Note,infrastructure,Technical assessment and standard guidelines regarding infrastructure implementation for Enterprise Gateway system Inventory System.,Comprehensive architecture guidelines covering infrastructure within Enterprise Gateway.,Engineering,Enterprise Gateway,Inventory System,Infrastructure,emp_602,Project Notes,2023-08-28,2024-03-27,Active,Approved,3.2,True,False,,Project Notes,Internal,Engineering Core Team,Git Markdown,https://wiki.org/docs/DOC-0853,en
DOC-0854,Architecture Decision Record: Cloud Providers Guidelines for Project Alpha,Architecture Decision Record,cloud providers,Technical assessment and standard guidelines regarding cloud providers implementation for Project Alpha system Payment Gateway.,Comprehensive architecture guidelines covering cloud providers within Project Alpha.,Security,Project Alpha,Payment Gateway,Cloud Providers,emp_554,Architecture Board,2022-10-06,2023-04-23,Draft,Draft,1.2,True,False,,Architecture Board,Public,Security Core Team,Confluence,https://wiki.org/docs/DOC-0854,en
DOC-0855,Standard: Monitoring Guidelines for Core Infrastructure,Standard,monitoring,Technical assessment and standard guidelines regarding monitoring implementation for Core Infrastructure system Event Bus.,Comprehensive architecture guidelines covering monitoring within Core Infrastructure.,Platform,Core Infrastructure,Event Bus,Monitoring,emp_114,Unverified,2023-05-03,2023-09-05,Active,Approved,3.0,True,False,,Unverified,Restricted,Platform Core Team,Git Markdown,https://wiki.org/docs/DOC-0855,en
DOC-0856,Architecture Decision Record: Kubernetes Guidelines for Project Omega,Architecture Decision Record,Kubernetes,Technical assessment and standard guidelines regarding Kubernetes implementation for Project Omega system Metrics Engine.,Comprehensive architecture guidelines covering Kubernetes within Project Omega.,Platform,Project Omega,Metrics Engine,Kubernetes,emp_750,Senior Architect,2022-09-30,2024-04-12,Superseded,Draft,2.2,False,True,,Senior Architect,Public,Platform Core Team,Confluence,https://wiki.org/docs/DOC-0856,en
DOC-0857,Draft Document: Authorization Guidelines for Project Alpha,Draft Document,authorization,Technical assessment and standard guidelines regarding authorization implementation for Project Alpha system Payment Gateway.,Comprehensive architecture guidelines covering authorization within Project Alpha.,Platform,Project Alpha,Payment Gateway,Authorization,emp_425,Senior Architect,2024-07-07,2024-07-27,Draft,Under Review,1.2,True,False,,Senior Architect,Restricted,Platform Core Team,Git Markdown,https://wiki.org/docs/DOC-0857,en
DOC-0858,Architecture Decision Record: Containers Guidelines for Project Gamma,Architecture Decision Record,containers,Technical assessment and standard guidelines regarding containers implementation for Project Gamma system User Portal.,Comprehensive architecture guidelines covering containers within Project Gamma.,Product,Project Gamma,User Portal,Containers,emp_417,Senior Architect,2023-02-16,2024-09-25,Draft,Under Review,3.1,True,False,,Senior Architect,Confidential,Product Core Team,Confluence,https://wiki.org/docs/DOC-0858,en
DOC-0859,Technical Design Document: Microservices Guidelines for Project Beta,Technical Design Document,microservices,Technical assessment and standard guidelines regarding microservices implementation for Project Beta system Search Engine.,Comprehensive architecture guidelines covering microservices within Project Beta.,Architecture,Project Beta,Search Engine,Microservices,emp_370,Project Notes,2023-10-01,2025-09-27,Draft,Draft,3.2,True,False,,Project Notes,Confidential,Architecture Core Team,Git Markdown,https://wiki.org/docs/DOC-0859,en
DOC-0860,Draft Document: Messaging Guidelines for Project Alpha,Draft Document,messaging,Technical assessment and standard guidelines regarding messaging implementation for Project Alpha system Metrics Engine.,Comprehensive architecture guidelines covering messaging within Project Alpha.,Product,Project Alpha,Metrics Engine,Messaging,emp_650,Senior Architect,2022-03-08,2026-02-13,Draft,Rejected,3.1,True,False,,Senior Architect,Internal,Product Core Team,Confluence,https://wiki.org/docs/DOC-0860,en
DOC-0861,Project Documentation: Deployment Guidelines for Enterprise Gateway,Project Documentation,deployment,Technical assessment and standard guidelines regarding deployment implementation for Enterprise Gateway system Search Engine.,Comprehensive architecture guidelines covering deployment within Enterprise Gateway.,DevOps,Enterprise Gateway,Search Engine,Deployment,emp_625,Chief Architect,2022-06-13,2023-09-02,Draft,Rejected,1.2,True,False,,Chief Architect,Internal,DevOps Core Team,Git Markdown,https://wiki.org/docs/DOC-0861,en
DOC-0862,Technical Design Document: Monitoring Guidelines for Project Gamma,Technical Design Document,monitoring,Technical assessment and standard guidelines regarding monitoring implementation for Project Gamma system Metrics Engine.,Comprehensive architecture guidelines covering monitoring within Project Gamma.,Data Engineering,Project Gamma,Metrics Engine,Monitoring,emp_430,Architecture Board,2024-07-13,2025-07-15,Active,Approved,2.1,True,False,,Architecture Board,Restricted,Data Engineering Core Team,Confluence,https://wiki.org/docs/DOC-0862,en
DOC-0863,Architecture Decision Record: Observability Guidelines for Project Gamma,Architecture Decision Record,observability,Technical assessment and standard guidelines regarding observability implementation for Project Gamma system Inventory System.,Comprehensive architecture guidelines covering observability within Project Gamma.,Platform,Project Gamma,Inventory System,Observability,emp_290,Unverified,2023-06-19,2026-01-08,Draft,Rejected,2.0,True,False,,Unverified,Restricted,Platform Core Team,Git Markdown,https://wiki.org/docs/DOC-0863,en
DOC-0864,Project Documentation: Networking Guidelines for Core Infrastructure,Project Documentation,networking,Technical assessment and standard guidelines regarding networking implementation for Core Infrastructure system Search Engine.,Comprehensive architecture guidelines covering networking within Core Infrastructure.,Security,Core Infrastructure,Search Engine,Networking,emp_998,Architecture Board,2025-04-12,2026-07-17,Active,Approved,2.2,True,False,,Architecture Board,Confidential,Security Core Team,Confluence,https://wiki.org/docs/DOC-0864,en
DOC-0865,Security Recommendation: Messaging Guidelines for Project Gamma,Security Recommendation,messaging,Technical assessment and standard guidelines regarding messaging implementation for Project Gamma system User Portal.,Comprehensive architecture guidelines covering messaging within Project Gamma.,Data Engineering,Project Gamma,User Portal,Messaging,emp_233,Senior Architect,2025-06-03,2025-06-30,Active,Approved,1.1,True,False,,Senior Architect,Confidential,Data Engineering Core Team,Git Markdown,https://wiki.org/docs/DOC-0865,en
DOC-0866,Technical Design Document: Backend Architecture Guidelines for Project Beta,Technical Design Document,backend architecture,Technical assessment and standard guidelines regarding backend architecture implementation for Project Beta system Data Pipeline.,Comprehensive architecture guidelines covering backend architecture within Project Beta.,Platform,Project Beta,Data Pipeline,Backend Architecture,emp_414,Principal Engineer,2022-01-14,2023-05-12,Draft,Under Review,3.0,True,False,,Principal Engineer,Internal,Platform Core Team,Confluence,https://wiki.org/docs/DOC-0866,en
DOC-0867,Policy: Observability Guidelines for Project Alpha,Policy,observability,Technical assessment and standard guidelines regarding observability implementation for Project Alpha system Data Pipeline.,Comprehensive architecture guidelines covering observability within Project Alpha.,Security,Project Alpha,Data Pipeline,Observability,emp_202,Senior Engineer,2024-02-01,2026-01-04,Draft,Rejected,2.2,True,False,,Senior Engineer,Confidential,Security Core Team,Git Markdown,https://wiki.org/docs/DOC-0867,en
DOC-0868,Security Recommendation: Authorization Guidelines for Project Delta,Security Recommendation,authorization,Technical assessment and standard guidelines regarding authorization implementation for Project Delta system Event Bus.,Comprehensive architecture guidelines covering authorization within Project Delta.,Platform,Project Delta,Event Bus,Authorization,emp_509,Senior Architect,2026-01-14,2026-03-27,Draft,Rejected,3.0,True,False,,Senior Architect,Restricted,Platform Core Team,Confluence,https://wiki.org/docs/DOC-0868,en
DOC-0869,Security Recommendation: Infrastructure Guidelines for Project Alpha,Security Recommendation,infrastructure,Technical assessment and standard guidelines regarding infrastructure implementation for Project Alpha system Data Pipeline.,Comprehensive architecture guidelines covering infrastructure within Project Alpha.,Platform,Project Alpha,Data Pipeline,Infrastructure,emp_477,Architecture Team,2022-11-28,2025-09-19,Active,Approved,2.0,True,False,,Architecture Team,Internal,Platform Core Team,Git Markdown,https://wiki.org/docs/DOC-0869,en
DOC-0870,Engineering Note: Microservices Guidelines for Project Gamma,Engineering Note,microservices,Technical assessment and standard guidelines regarding microservices implementation for Project Gamma system Payment Gateway.,Comprehensive architecture guidelines covering microservices within Project Gamma.,Security,Project Gamma,Payment Gateway,Microservices,emp_493,Senior Engineer,2023-05-22,2024-03-25,Draft,Draft,3.1,True,False,,Senior Engineer,Public,Security Core Team,Confluence,https://wiki.org/docs/DOC-0870,en
DOC-0871,Technical Design Document: Messaging Guidelines for Project Beta,Technical Design Document,messaging,Technical assessment and standard guidelines regarding messaging implementation for Project Beta system Payment Gateway.,Comprehensive architecture guidelines covering messaging within Project Beta.,Security,Project Beta,Payment Gateway,Messaging,emp_925,Project Notes,2022-12-11,2023-07-06,Draft,Rejected,1.0,True,False,,Project Notes,Restricted,Security Core Team,Git Markdown,https://wiki.org/docs/DOC-0871,en
DOC-0872,Architecture Decision Record: Backend Architecture Guidelines for Project Delta,Architecture Decision Record,backend architecture,Technical assessment and standard guidelines regarding backend architecture implementation for Project Delta system Inventory System.,Comprehensive architecture guidelines covering backend architecture within Project Delta.,Engineering,Project Delta,Inventory System,Backend Architecture,emp_532,Engineer,2022-09-13,2025-01-30,Draft,Draft,1.2,True,False,,Engineer,Confidential,Engineering Core Team,Confluence,https://wiki.org/docs/DOC-0872,en
DOC-0873,Engineering Note: Monitoring Guidelines for Enterprise Gateway,Engineering Note,monitoring,Technical assessment and standard guidelines regarding monitoring implementation for Enterprise Gateway system Event Bus.,Comprehensive architecture guidelines covering monitoring within Enterprise Gateway.,Data Engineering,Enterprise Gateway,Event Bus,Monitoring,emp_904,Chief Architect,2026-07-02,2026-07-15,Draft,Rejected,1.0,True,False,,Chief Architect,Public,Data Engineering Core Team,Git Markdown,https://wiki.org/docs/DOC-0873,en
DOC-0874,Policy: Infrastructure Guidelines for Project Gamma,Policy,infrastructure,Technical assessment and standard guidelines regarding infrastructure implementation for Project Gamma system Inventory System.,Comprehensive architecture guidelines covering infrastructure within Project Gamma.,Platform,Project Gamma,Inventory System,Infrastructure,emp_149,Engineer,2022-07-31,2022-10-20,Active,Approved,2.1,True,False,,Engineer,Public,Platform Core Team,Confluence,https://wiki.org/docs/DOC-0874,en
DOC-0875,Meeting Decision: Kubernetes Guidelines for Project Delta,Meeting Decision,Kubernetes,Technical assessment and standard guidelines regarding Kubernetes implementation for Project Delta system Search Engine.,Comprehensive architecture guidelines covering Kubernetes within Project Delta.,Architecture,Project Delta,Search Engine,Kubernetes,emp_655,Architecture Board,2022-01-02,2023-08-25,Draft,Draft,2.1,True,False,,Architecture Board,Restricted,Architecture Core Team,Git Markdown,https://wiki.org/docs/DOC-0875,en
DOC-0876,Technical Design Document: Observability Guidelines for Core Infrastructure,Technical Design Document,observability,Technical assessment and standard guidelines regarding observability implementation for Core Infrastructure system Metrics Engine.,Comprehensive architecture guidelines covering observability within Core Infrastructure.,Engineering,Core Infrastructure,Metrics Engine,Observability,emp_279,Architecture Team,2024-01-01,2024-04-06,Draft,Under Review,3.1,True,False,,Architecture Team,Confidential,Engineering Core Team,Confluence,https://wiki.org/docs/DOC-0876,en
DOC-0877,Policy: Caching Guidelines for Core Infrastructure,Policy,caching,Technical assessment and standard guidelines regarding caching implementation for Core Infrastructure system User Portal.,Comprehensive architecture guidelines covering caching within Core Infrastructure.,Data Engineering,Core Infrastructure,User Portal,Caching,emp_682,Unverified,2021-03-25,2021-08-28,Draft,Draft,1.2,True,False,,Unverified,Public,Data Engineering Core Team,Git Markdown,https://wiki.org/docs/DOC-0877,en
DOC-0878,Architecture Decision Record: Authentication Guidelines for Project Gamma,Architecture Decision Record,authentication,"Title: Architecture Decision Record for Project Gamma
Department: DevOps

Basic Auth with custom API keys is permitted for internal legacy services in Project Gamma.",Comprehensive architecture guidelines covering authentication within Project Gamma.,DevOps,Project Gamma,Search Engine,Basic Auth,emp_510,Engineer,2022-01-12,2026-03-21,Active,Approved,2.0,True,False,,Engineer,Internal,DevOps Core Team,Confluence,https://wiki.org/docs/DOC-0878,en
DOC-0879,Draft Document: Event Streaming Guidelines for Project Omega,Draft Document,event streaming,Technical assessment and standard guidelines regarding event streaming implementation for Project Omega system User Portal.,Comprehensive architecture guidelines covering event streaming within Project Omega.,Data Engineering,Project Omega,User Portal,Event Streaming,emp_483,Architecture Board,2023-08-27,2024-11-09,Draft,Rejected,3.0,True,False,,Architecture Board,Restricted,Data Engineering Core Team,Git Markdown,https://wiki.org/docs/DOC-0879,en
DOC-0880,Standard: Security Guidelines for Project Beta,Standard,security,Technical assessment and standard guidelines regarding security implementation for Project Beta system Search Engine.,Comprehensive architecture guidelines covering security within Project Beta.,DevOps,Project Beta,Search Engine,Security,emp_105,Principal Engineer,2022-03-01,2022-04-08,Draft,Rejected,2.1,True,False,,Principal Engineer,Confidential,DevOps Core Team,Confluence,https://wiki.org/docs/DOC-0880,en
DOC-0881,Security Recommendation: Monitoring Guidelines for Project Alpha,Security Recommendation,monitoring,Technical assessment and standard guidelines regarding monitoring implementation for Project Alpha system User Portal.,Comprehensive architecture guidelines covering monitoring within Project Alpha.,Platform,Project Alpha,User Portal,Monitoring,emp_826,Architecture Board,2022-03-29,2022-08-06,Draft,Draft,3.1,True,False,,Architecture Board,Confidential,Platform Core Team,Git Markdown,https://wiki.org/docs/DOC-0881,en
DOC-0882,Security Recommendation: Security Guidelines for Project Delta,Security Recommendation,security,Technical assessment and standard guidelines regarding security implementation for Project Delta system Auth Service.,Comprehensive architecture guidelines covering security within Project Delta.,Data Engineering,Project Delta,Auth Service,Security,emp_448,Senior Engineer,2022-12-11,2025-06-08,Draft,Under Review,3.1,True,False,,Senior Engineer,Internal,Data Engineering Core Team,Confluence,https://wiki.org/docs/DOC-0882,en
DOC-0883,Policy: Security Guidelines for Project Gamma,Policy,security,Technical assessment and standard guidelines regarding security implementation for Project Gamma system Auth Service.,Comprehensive architecture guidelines covering security within Project Gamma.,Security,Project Gamma,Auth Service,Security,emp_746,Chief Architect,2024-02-24,2025-02-11,Active,Approved,3.1,True,False,,Chief Architect,Restricted,Security Core Team,Git Markdown,https://wiki.org/docs/DOC-0883,en
DOC-0884,Security Recommendation: Backend Architecture Guidelines for Project Delta,Security Recommendation,backend architecture,Technical assessment and standard guidelines regarding backend architecture implementation for Project Delta system Data Pipeline.,Comprehensive architecture guidelines covering backend architecture within Project Delta.,Engineering,Project Delta,Data Pipeline,Backend Architecture,emp_739,Senior Architect,2024-03-02,2025-05-17,Draft,Rejected,1.1,True,False,,Senior Architect,Confidential,Engineering Core Team,Confluence,https://wiki.org/docs/DOC-0884,en
DOC-0885,Project Documentation: Deployment Guidelines for Project Beta,Project Documentation,deployment,Technical assessment and standard guidelines regarding deployment implementation for Project Beta system Payment Gateway.,Comprehensive architecture guidelines covering deployment within Project Beta.,Security,Project Beta,Payment Gateway,Deployment,emp_505,Chief Architect,2022-03-09,2022-10-21,Draft,Draft,1.2,True,False,,Chief Architect,Confidential,Security Core Team,Git Markdown,https://wiki.org/docs/DOC-0885,en
DOC-0886,Security Recommendation: Microservices Guidelines for Project Delta,Security Recommendation,microservices,Technical assessment and standard guidelines regarding microservices implementation for Project Delta system Search Engine.,Comprehensive architecture guidelines covering microservices within Project Delta.,Data Engineering,Project Delta,Search Engine,Microservices,emp_888,Senior Engineer,2024-07-14,2024-10-30,Draft,Draft,3.1,True,False,,Senior Engineer,Internal,Data Engineering Core Team,Confluence,https://wiki.org/docs/DOC-0886,en
DOC-0887,Engineering Note: Caching Guidelines for Project Gamma,Engineering Note,caching,Technical assessment and standard guidelines regarding caching implementation for Project Gamma system Inventory System.,Comprehensive architecture guidelines covering caching within Project Gamma.,Product,Project Gamma,Inventory System,Caching,emp_994,Senior Architect,2023-03-31,2024-11-10,Active,Approved,2.1,True,False,,Senior Architect,Internal,Product Core Team,Git Markdown,https://wiki.org/docs/DOC-0887,en
DOC-0888,Architecture Decision Record: Infrastructure Guidelines for Core Infrastructure,Architecture Decision Record,infrastructure,Technical assessment and standard guidelines regarding infrastructure implementation for Core Infrastructure system Metrics Engine.,Comprehensive architecture guidelines covering infrastructure within Core Infrastructure.,Security,Core Infrastructure,Metrics Engine,Infrastructure,emp_293,Engineer,2024-06-21,2025-02-05,Draft,Under Review,3.0,True,False,,Engineer,Confidential,Security Core Team,Confluence,https://wiki.org/docs/DOC-0888,en
DOC-0889,Architecture Decision Record: Containers Guidelines for Project Beta,Architecture Decision Record,containers,Technical assessment and standard guidelines regarding containers implementation for Project Beta system Inventory System.,Comprehensive architecture guidelines covering containers within Project Beta.,Data Engineering,Project Beta,Inventory System,Containers,emp_479,Chief Architect,2025-03-02,2026-04-04,Draft,Under Review,1.1,True,False,,Chief Architect,Restricted,Data Engineering Core Team,Git Markdown,https://wiki.org/docs/DOC-0889,en
DOC-0890,Technical Design Document: Networking Guidelines for Core Infrastructure,Technical Design Document,networking,Technical assessment and standard guidelines regarding networking implementation for Core Infrastructure system Event Bus.,Comprehensive architecture guidelines covering networking within Core Infrastructure.,Platform,Core Infrastructure,Event Bus,Networking,emp_400,Senior Architect,2026-01-06,2026-01-13,Draft,Under Review,2.0,True,False,,Senior Architect,Confidential,Platform Core Team,Confluence,https://wiki.org/docs/DOC-0890,en
DOC-0891,Engineering Note: Caching Guidelines for Project Omega,Engineering Note,caching,Technical assessment and standard guidelines regarding caching implementation for Project Omega system Payment Gateway.,Comprehensive architecture guidelines covering caching within Project Omega.,DevOps,Project Omega,Payment Gateway,Caching,emp_993,Senior Engineer,2022-05-17,2024-12-18,Superseded,Approved,1.2,False,True,,Senior Engineer,Confidential,DevOps Core Team,Git Markdown,https://wiki.org/docs/DOC-0891,en
DOC-0892,Deprecated Document: Security Guidelines for Project Alpha,Deprecated Document,security,Technical assessment and standard guidelines regarding security implementation for Project Alpha system Metrics Engine.,Comprehensive architecture guidelines covering security within Project Alpha.,Product,Project Alpha,Metrics Engine,Security,emp_833,Principal Engineer,2021-09-05,2025-09-09,Active,Approved,3.0,True,False,,Principal Engineer,Restricted,Product Core Team,Confluence,https://wiki.org/docs/DOC-0892,en
DOC-0893,Technical Design Document: Apis Guidelines for Project Gamma,Technical Design Document,APIs,Technical assessment and standard guidelines regarding APIs implementation for Project Gamma system Inventory System.,Comprehensive architecture guidelines covering APIs within Project Gamma.,Security,Project Gamma,Inventory System,Apis,emp_906,Engineer,2021-08-01,2022-05-26,Draft,Draft,3.0,True,False,,Engineer,Internal,Security Core Team,Git Markdown,https://wiki.org/docs/DOC-0893,en
DOC-0894,Technical Design Document: Cloud Providers Guidelines for Project Beta,Technical Design Document,cloud providers,Technical assessment and standard guidelines regarding cloud providers implementation for Project Beta system Inventory System.,Comprehensive architecture guidelines covering cloud providers within Project Beta.,Product,Project Beta,Inventory System,Cloud Providers,emp_370,Architecture Team,2022-11-07,2026-06-13,Active,Approved,3.1,True,False,,Architecture Team,Internal,Product Core Team,Confluence,https://wiki.org/docs/DOC-0894,en
DOC-0895,Meeting Decision: Caching Guidelines for Project Gamma,Meeting Decision,caching,Technical assessment and standard guidelines regarding caching implementation for Project Gamma system Inventory System.,Comprehensive architecture guidelines covering caching within Project Gamma.,Product,Project Gamma,Inventory System,Caching,emp_681,Principal Engineer,2024-05-02,2024-06-07,Draft,Under Review,2.0,True,False,,Principal Engineer,Internal,Product Core Team,Git Markdown,https://wiki.org/docs/DOC-0895,en
DOC-0896,Policy: Logging Guidelines for Project Gamma,Policy,logging,Technical assessment and standard guidelines regarding logging implementation for Project Gamma system Data Pipeline.,Comprehensive architecture guidelines covering logging within Project Gamma.,DevOps,Project Gamma,Data Pipeline,Logging,emp_586,Principal Engineer,2024-10-10,2025-08-07,Draft,Under Review,3.0,True,False,,Principal Engineer,Internal,DevOps Core Team,Confluence,https://wiki.org/docs/DOC-0896,en
DOC-0897,Meeting Decision: Kubernetes Guidelines for Core Infrastructure,Meeting Decision,Kubernetes,Technical assessment and standard guidelines regarding Kubernetes implementation for Core Infrastructure system Auth Service.,Comprehensive architecture guidelines covering Kubernetes within Core Infrastructure.,Platform,Core Infrastructure,Auth Service,Kubernetes,emp_697,Architecture Team,2021-10-31,2025-02-08,Active,Approved,3.2,True,False,,Architecture Team,Confidential,Platform Core Team,Git Markdown,https://wiki.org/docs/DOC-0897,en
DOC-0898,Standard: Observability Guidelines for Core Infrastructure,Standard,observability,Technical assessment and standard guidelines regarding observability implementation for Core Infrastructure system Event Bus.,No summary provided.,Platform,Core Infrastructure,Event Bus,Observability,emp_483,Unverified,2025-11-08,2026-07-14,Draft,Under Review,2.0,True,False,,Unverified,Confidential,Platform Core Team,Confluence,https://wiki.org/docs/DOC-0898,en
DOC-0899,Engineering Note: Authentication Guidelines for Project Gamma,Engineering Note,authentication,"Title: Engineering Note for Project Gamma
Department: Platform

OAuth 2.0 with OpenID Connect (OIDC) via Okta is mandatory for all user authentication in Project Gamma.",Comprehensive architecture guidelines covering authentication within Project Gamma.,Platform,Project Gamma,Search Engine,OAuth2/OIDC,emp_329,Architecture Team,2022-07-24,2025-12-21,Draft,Under Review,2.2,True,False,,Architecture Team,Public,Platform Core Team,Git Markdown,https://wiki.org/docs/DOC-0899,en
DOC-0900,Architecture Decision Record: Ci/Cd Guidelines for Project Beta,Architecture Decision Record,CI/CD,Technical assessment and standard guidelines regarding CI/CD implementation for Project Beta system User Portal.,Comprehensive architecture guidelines covering CI/CD within Project Beta.,DevOps,Project Beta,User Portal,Ci/Cd,emp_780,Senior Engineer,2023-03-28,2023-10-16,Draft,Draft,2.2,True,False,,Senior Engineer,Public,DevOps Core Team,Confluence,https://wiki.org/docs/DOC-0900,en
DOC-0901,Engineering Note: Infrastructure Guidelines for Project Omega,Engineering Note,infrastructure,Technical assessment and standard guidelines regarding infrastructure implementation for Project Omega system User Portal.,Comprehensive architecture guidelines covering infrastructure within Project Omega.,Platform,Project Omega,User Portal,Infrastructure,emp_916,Principal Engineer,2024-11-13,2025-07-21,Draft,Under Review,2.0,True,False,,Principal Engineer,Public,Platform Core Team,Git Markdown,https://wiki.org/docs/DOC-0901,en
DOC-0902,Deprecated Document: Kubernetes Guidelines for Project Alpha,Deprecated Document,Kubernetes,Technical assessment and standard guidelines regarding Kubernetes implementation for Project Alpha system User Portal.,Comprehensive architecture guidelines covering Kubernetes within Project Alpha.,DevOps,Project Alpha,User Portal,Kubernetes,emp_235,Chief Architect,2022-09-13,2023-01-15,Draft,Under Review,3.2,True,False,,Chief Architect,Confidential,DevOps Core Team,Confluence,https://wiki.org/docs/DOC-0902,en
DOC-0903,Technical Design Document: Apis Guidelines for Project Gamma,Technical Design Document,APIs,Technical assessment and standard guidelines regarding APIs implementation for Project Gamma system Payment Gateway.,Comprehensive architecture guidelines covering APIs within Project Gamma.,Product,Project Gamma,Payment Gateway,Apis,emp_589,Architecture Team,2023-06-25,2023-12-12,Draft,Rejected,3.2,True,False,,Architecture Team,Internal,Product Core Team,Git Markdown,https://wiki.org/docs/DOC-0903,en
DOC-0904,Project Documentation: Databases Guidelines for Project Omega,Project Documentation,databases,"Title: Project Documentation for Project Omega
Department: Security

DynamoDB is chosen as the managed key-value store for high throughput in Project Omega.",Comprehensive architecture guidelines covering databases within Project Omega.,Security,Project Omega,Payment Gateway,DynamoDB,emp_896,Project Notes,2024-04-21,2026-07-25,Draft,Rejected,2.1,True,False,,Project Notes,Restricted,Security Core Team,Confluence,https://wiki.org/docs/DOC-0904,en
DOC-0905,Deprecated Document: Ci/Cd Guidelines for Project Delta,Deprecated Document,CI/CD,Technical assessment and standard guidelines regarding CI/CD implementation for Project Delta system Search Engine.,Comprehensive architecture guidelines covering CI/CD within Project Delta.,Data Engineering,Project Delta,Search Engine,Ci/Cd,emp_370,Principal Engineer,2022-05-25,2024-04-22,Draft,Draft,3.1,True,False,,Principal Engineer,Confidential,Data Engineering Core Team,Git Markdown,https://wiki.org/docs/DOC-0905,en
DOC-0906,Policy: Messaging Guidelines for Project Delta,Policy,messaging,Technical assessment and standard guidelines regarding messaging implementation for Project Delta system Event Bus.,Comprehensive architecture guidelines covering messaging within Project Delta.,Engineering,Project Delta,Event Bus,Messaging,emp_581,Unverified,2021-12-01,2022-12-02,Active,Approved,3.1,True,False,,Unverified,Public,Engineering Core Team,Confluence,https://wiki.org/docs/DOC-0906,en
DOC-0907,Technical Design Document: Frontend Architecture Guidelines for Core Infrastructure,Technical Design Document,frontend architecture,Technical assessment and standard guidelines regarding frontend architecture implementation for Core Infrastructure system Data Pipeline.,Comprehensive architecture guidelines covering frontend architecture within Core Infrastructure.,Data Engineering,Core Infrastructure,Data Pipeline,Frontend Architecture,emp_897,Architecture Team,2025-04-12,2025-08-08,Draft,Under Review,2.1,True,False,,Architecture Team,Confidential,Data Engineering Core Team,Git Markdown,https://wiki.org/docs/DOC-0907,en
DOC-0908,Project Documentation: Event Streaming Guidelines for Project Beta,Project Documentation,event streaming,Technical assessment and standard guidelines regarding event streaming implementation for Project Beta system Data Pipeline.,Comprehensive architecture guidelines covering event streaming within Project Beta.,Data Engineering,Project Beta,Data Pipeline,Event Streaming,emp_260,Senior Engineer,2025-04-19,2025-11-07,Draft,Under Review,3.2,True,False,,Senior Engineer,Internal,Data Engineering Core Team,Confluence,https://wiki.org/docs/DOC-0908,en
DOC-0909,Meeting Decision: Networking Guidelines for Core Infrastructure,Meeting Decision,networking,Technical assessment and standard guidelines regarding networking implementation for Core Infrastructure system Metrics Engine.,Comprehensive architecture guidelines covering networking within Core Infrastructure.,Data Engineering,Core Infrastructure,Metrics Engine,Networking,emp_334,Principal Engineer,2023-08-25,2025-05-07,Draft,Draft,2.2,True,False,,Principal Engineer,Restricted,Data Engineering Core Team,Git Markdown,https://wiki.org/docs/DOC-0909,en
DOC-0910,Standard: Logging Guidelines for Project Delta,Standard,logging,Technical assessment and standard guidelines regarding logging implementation for Project Delta system Metrics Engine.,Comprehensive architecture guidelines covering logging within Project Delta.,Data Engineering,Project Delta,Metrics Engine,Logging,emp_105,Engineer,2021-04-24,2023-08-09,Draft,Draft,1.1,True,False,,Engineer,Restricted,Data Engineering Core Team,Confluence,https://wiki.org/docs/DOC-0910,en
DOC-0911,Security Recommendation: Microservices Guidelines for Core Infrastructure,Security Recommendation,microservices,Technical assessment and standard guidelines regarding microservices implementation for Core Infrastructure system Search Engine.,Comprehensive architecture guidelines covering microservices within Core Infrastructure.,DevOps,Core Infrastructure,Search Engine,Microservices,emp_952,Principal Engineer,2021-02-18,2022-12-09,Draft,Rejected,2.2,True,False,,Principal Engineer,Internal,DevOps Core Team,Git Markdown,https://wiki.org/docs/DOC-0911,en
DOC-0912,Engineering Note: Caching Guidelines for Enterprise Gateway,Engineering Note,caching,Technical assessment and standard guidelines regarding caching implementation for Enterprise Gateway system Payment Gateway.,Comprehensive architecture guidelines covering caching within Enterprise Gateway.,Architecture,Enterprise Gateway,Payment Gateway,Caching,emp_348,Chief Architect,2022-10-29,2025-07-07,Draft,Rejected,1.2,True,False,,Chief Architect,Confidential,Architecture Core Team,Confluence,https://wiki.org/docs/DOC-0912,en
DOC-0913,Architecture Decision Record: Networking Guidelines for Project Beta,Architecture Decision Record,networking,Technical assessment and standard guidelines regarding networking implementation for Project Beta system Metrics Engine.,Comprehensive architecture guidelines covering networking within Project Beta.,Architecture,Project Beta,Metrics Engine,Networking,emp_203,Architecture Board,2024-08-02,2025-07-18,Draft,Draft,2.1,True,False,,Architecture Board,Public,Architecture Core Team,Git Markdown,https://wiki.org/docs/DOC-0913,en
DOC-0914,Engineering Note: Authentication Guidelines for Project Gamma,Engineering Note,authentication,"Title: Engineering Note for Project Gamma
Department: Product

JWT tokens signed with RS256 algorithm are required for microservice-to-microservice auth in Project Gamma.",Comprehensive architecture guidelines covering authentication within Project Gamma.,Product,Project Gamma,Metrics Engine,JWT RS256,emp_994,Senior Architect,2024-04-22,2025-02-22,Active,Approved,2.2,True,False,,Senior Architect,Restricted,Product Core Team,Confluence,https://wiki.org/docs/DOC-0914,en
DOC-0915,Security Recommendation: Databases Guidelines for Project Beta,Security Recommendation,databases,"Title: Security Recommendation for Project Beta
Department: Product

MongoDB 6.0 is selected for non-relational document storage in Project Beta due to flexible schema requirements.",Comprehensive architecture guidelines covering databases within Project Beta.,Product,Project Beta,Payment Gateway,MongoDB,emp_973,Senior Engineer,2026-01-28,2026-05-22,Draft,Under Review,1.1,True,False,,Senior Engineer,Restricted,Product Core Team,Git Markdown,https://wiki.org/docs/DOC-0915,en
DOC-0916,Standard: Kubernetes Guidelines for Project Gamma,Standard,Kubernetes,Technical assessment and standard guidelines regarding Kubernetes implementation for Project Gamma system Auth Service.,Comprehensive architecture guidelines covering Kubernetes within Project Gamma.,Data Engineering,Project Gamma,Auth Service,Kubernetes,emp_222,Senior Architect,2023-05-26,2025-08-14,Draft,Rejected,3.0,True,False,,Senior Architect,Restricted,Data Engineering Core Team,Confluence,https://wiki.org/docs/DOC-0916,en
DOC-0917,Meeting Decision: Apis Guidelines for Project Omega,Meeting Decision,APIs,Technical assessment and standard guidelines regarding APIs implementation for Project Omega system Event Bus.,Comprehensive architecture guidelines covering APIs within Project Omega.,Product,Project Omega,Event Bus,Apis,emp_603,Unverified,2024-03-23,2025-02-27,Active,Approved,3.0,True,False,,Unverified,Public,Product Core Team,Git Markdown,https://wiki.org/docs/DOC-0917,en
DOC-0918,Standard: Authentication Guidelines for Project Omega,Standard,authentication,"Title: Standard for Project Omega
Department: Security

SAML 2.0 enterprise SSO is required for corporate internal access in Project Omega.",Comprehensive architecture guidelines covering authentication within Project Omega.,Security,Project Omega,User Portal,SAML 2.0,emp_885,Chief Architect,2025-08-02,2025-12-21,Draft,Rejected,3.0,True,False,,Chief Architect,Restricted,Security Core Team,Confluence,https://wiki.org/docs/DOC-0918,en
DOC-0919,Draft Document: Monitoring Guidelines for Project Delta,Draft Document,monitoring,Technical assessment and standard guidelines regarding monitoring implementation for Project Delta system Metrics Engine.,Comprehensive architecture guidelines covering monitoring within Project Delta.,Data Engineering,Project Delta,Metrics Engine,Monitoring,emp_511,Architecture Board,2022-08-25,2022-09-07,Superseded,Rejected,1.1,False,True,,Architecture Board,Confidential,Data Engineering Core Team,Git Markdown,https://wiki.org/docs/DOC-0919,en
DOC-0920,Project Documentation: Infrastructure Guidelines for Core Infrastructure,Project Documentation,infrastructure,Technical assessment and standard guidelines regarding infrastructure implementation for Core Infrastructure system Event Bus.,Comprehensive architecture guidelines covering infrastructure within Core Infrastructure.,Product,Core Infrastructure,Event Bus,Infrastructure,emp_568,Unverified,2025-04-26,2026-06-20,Draft,Draft,3.2,True,False,,Unverified,Internal,Product Core Team,Confluence,https://wiki.org/docs/DOC-0920,en
DOC-0921,Architecture Decision Record: Logging Guidelines for Project Beta,Architecture Decision Record,logging,Technical assessment and standard guidelines regarding logging implementation for Project Beta system Auth Service.,Comprehensive architecture guidelines covering logging within Project Beta.,Engineering,Project Beta,Auth Service,Logging,emp_716,Unverified,2025-05-16,2025-07-20,Draft,Draft,2.1,True,False,,Unverified,Internal,Engineering Core Team,Git Markdown,https://wiki.org/docs/DOC-0921,en
DOC-0922,Security Recommendation: Messaging Guidelines for Project Delta,Security Recommendation,messaging,Technical assessment and standard guidelines regarding messaging implementation for Project Delta system User Portal.,Comprehensive architecture guidelines covering messaging within Project Delta.,Architecture,Project Delta,User Portal,Messaging,emp_890,Architecture Team,2021-02-25,2021-12-03,Draft,Rejected,2.0,True,False,,Architecture Team,Confidential,Architecture Core Team,Confluence,https://wiki.org/docs/DOC-0922,en
DOC-0923,Project Documentation: Microservices Guidelines for Project Delta,Project Documentation,microservices,Technical assessment and standard guidelines regarding microservices implementation for Project Delta system Inventory System.,Comprehensive architecture guidelines covering microservices within Project Delta.,Engineering,Project Delta,Inventory System,Microservices,emp_508,Project Notes,2022-02-26,2026-06-23,Draft,Rejected,1.0,True,False,,Project Notes,Internal,Engineering Core Team,Git Markdown,https://wiki.org/docs/DOC-0923,en
DOC-0924,Draft Document: Ci/Cd Guidelines for Project Alpha,Draft Document,CI/CD,Technical assessment and standard guidelines regarding CI/CD implementation for Project Alpha system User Portal.,Comprehensive architecture guidelines covering CI/CD within Project Alpha.,Platform,Project Alpha,User Portal,Ci/Cd,emp_600,Chief Architect,2023-01-04,2024-10-13,Draft,Rejected,1.2,True,False,,Chief Architect,Restricted,Platform Core Team,Confluence,https://wiki.org/docs/DOC-0924,en
DOC-0925,Technical Design Document: Caching Guidelines for Project Alpha,Technical Design Document,caching,Technical assessment and standard guidelines regarding caching implementation for Project Alpha system Metrics Engine.,Comprehensive architecture guidelines covering caching within Project Alpha.,Engineering,Project Alpha,Metrics Engine,Caching,emp_509,Engineer,2022-12-28,2025-01-04,Draft,Draft,2.2,True,False,,Engineer,Restricted,Engineering Core Team,Git Markdown,https://wiki.org/docs/DOC-0925,en
DOC-0926,Meeting Decision: Frontend Architecture Guidelines for Core Infrastructure,Meeting Decision,frontend architecture,Technical assessment and standard guidelines regarding frontend architecture implementation for Core Infrastructure system Metrics Engine.,Comprehensive architecture guidelines covering frontend architecture within Core Infrastructure.,Product,Core Infrastructure,Metrics Engine,Frontend Architecture,emp_116,Project Notes,2025-02-03,2025-12-31,Active,Approved,1.0,True,False,,Project Notes,Public,Product Core Team,Confluence,https://wiki.org/docs/DOC-0926,en
DOC-0927,Meeting Decision: Networking Guidelines for Enterprise Gateway,Meeting Decision,networking,Technical assessment and standard guidelines regarding networking implementation for Enterprise Gateway system Auth Service.,Comprehensive architecture guidelines covering networking within Enterprise Gateway.,Engineering,Enterprise Gateway,Auth Service,Networking,emp_987,Architecture Team,2023-02-01,2026-07-19,Draft,Rejected,2.0,True,False,,Architecture Team,Internal,Engineering Core Team,Git Markdown,https://wiki.org/docs/DOC-0927,en
DOC-0928,Policy: Backend Architecture Guidelines for Project Beta,Policy,backend architecture,Technical assessment and standard guidelines regarding backend architecture implementation for Project Beta system Payment Gateway.,No summary provided.,Architecture,Project Beta,Payment Gateway,Backend Architecture,emp_130,Senior Architect,2022-02-22,2023-11-10,Draft,Rejected,2.2,True,False,,Senior Architect,Restricted,Architecture Core Team,Confluence,https://wiki.org/docs/DOC-0928,en
DOC-0929,Deprecated Document: Databases Guidelines for Project Delta,Deprecated Document,databases,"Title: Deprecated Document for Project Delta
Department: Engineering

DynamoDB is chosen as the managed key-value store for high throughput in Project Delta.",Comprehensive architecture guidelines covering databases within Project Delta.,Engineering,Project Delta,Data Pipeline,DynamoDB,emp_147,Engineer,2023-02-12,2026-06-21,Draft,Under Review,1.1,True,False,,Engineer,Internal,Engineering Core Team,Git Markdown,https://wiki.org/docs/DOC-0929,en
DOC-0930,Engineering Note: Authorization Guidelines for Project Delta,Engineering Note,authorization,Technical assessment and standard guidelines regarding authorization implementation for Project Delta system Metrics Engine.,Comprehensive architecture guidelines covering authorization within Project Delta.,Security,Project Delta,Metrics Engine,Authorization,emp_550,Unverified,2025-10-21,2025-10-21,Draft,Draft,2.0,True,False,,Unverified,Restricted,Security Core Team,Confluence,https://wiki.org/docs/DOC-0930,en
DOC-0931,Draft Document: Event Streaming Guidelines for Core Infrastructure,Draft Document,event streaming,Technical assessment and standard guidelines regarding event streaming implementation for Core Infrastructure system Payment Gateway.,Comprehensive architecture guidelines covering event streaming within Core Infrastructure.,DevOps,Core Infrastructure,Payment Gateway,Event Streaming,emp_604,Project Notes,2022-02-06,2022-10-21,Draft,Under Review,1.0,True,False,,Project Notes,Public,DevOps Core Team,Git Markdown,https://wiki.org/docs/DOC-0931,en
DOC-0932,Engineering Note: Logging Guidelines for Project Omega,Engineering Note,logging,Technical assessment and standard guidelines regarding logging implementation for Project Omega system User Portal.,Comprehensive architecture guidelines covering logging within Project Omega.,Engineering,Project Omega,User Portal,Logging,emp_356,Architecture Team,2025-02-04,2025-12-09,Draft,Draft,2.2,True,False,,Architecture Team,Restricted,Engineering Core Team,Confluence,https://wiki.org/docs/DOC-0932,en
DOC-0933,Standard: Data Storage Guidelines for Project Gamma,Standard,data storage,Technical assessment and standard guidelines regarding data storage implementation for Project Gamma system Data Pipeline.,Comprehensive architecture guidelines covering data storage within Project Gamma.,DevOps,Project Gamma,Data Pipeline,Data Storage,emp_865,Architecture Board,2024-07-18,2024-09-05,Draft,Under Review,1.0,True,False,,Architecture Board,Public,DevOps Core Team,Git Markdown,https://wiki.org/docs/DOC-0933,en
DOC-0934,Security Recommendation: Security Guidelines for Project Gamma,Security Recommendation,security,Technical assessment and standard guidelines regarding security implementation for Project Gamma system Inventory System.,Comprehensive architecture guidelines covering security within Project Gamma.,Engineering,Project Gamma,Inventory System,Security,emp_978,Project Notes,2022-01-20,2025-07-30,Draft,Rejected,1.1,True,False,,Project Notes,Restricted,Engineering Core Team,Confluence,https://wiki.org/docs/DOC-0934,en
DOC-0935,Meeting Decision: Kubernetes Guidelines for Core Infrastructure,Meeting Decision,Kubernetes,Technical assessment and standard guidelines regarding Kubernetes implementation for Core Infrastructure system Event Bus.,Comprehensive architecture guidelines covering Kubernetes within Core Infrastructure.,Product,Core Infrastructure,Event Bus,Kubernetes,emp_290,Senior Engineer,2022-11-30,2025-08-24,Draft,Rejected,3.1,True,False,,Senior Engineer,Restricted,Product Core Team,Git Markdown,https://wiki.org/docs/DOC-0935,en
DOC-0936,Policy: Frontend Architecture Guidelines for Project Alpha,Policy,frontend architecture,Technical assessment and standard guidelines regarding frontend architecture implementation for Project Alpha system Data Pipeline.,Comprehensive architecture guidelines covering frontend architecture within Project Alpha.,Data Engineering,Project Alpha,Data Pipeline,Frontend Architecture,emp_332,Chief Architect,2025-08-27,2025-10-22,Active,Approved,2.0,True,False,,Chief Architect,Restricted,Data Engineering Core Team,Confluence,https://wiki.org/docs/DOC-0936,en
DOC-0937,Deprecated Document: Authentication Guidelines for Enterprise Gateway,Deprecated Document,authentication,"Title: Deprecated Document for Enterprise Gateway
Department: Data Engineering

JWT tokens signed with RS256 algorithm are required for microservice-to-microservice auth in Enterprise Gateway.",Comprehensive architecture guidelines covering authentication within Enterprise Gateway.,Data Engineering,Enterprise Gateway,Data Pipeline,JWT RS256,emp_939,Engineer,2022-02-04,2022-11-21,Active,Approved,3.1,True,False,,Engineer,Internal,Data Engineering Core Team,Git Markdown,https://wiki.org/docs/DOC-0937,en
DOC-0938,Deprecated Document: Apis Guidelines for Enterprise Gateway,Deprecated Document,APIs,Technical assessment and standard guidelines regarding APIs implementation for Enterprise Gateway system Event Bus.,Comprehensive architecture guidelines covering APIs within Enterprise Gateway.,Data Engineering,Enterprise Gateway,Event Bus,Apis,emp_335,Unverified,2021-12-08,2024-01-13,Superseded,Under Review,1.2,False,True,,Unverified,Internal,Data Engineering Core Team,Confluence,https://wiki.org/docs/DOC-0938,en
DOC-0939,Architecture Decision Record: Cloud Providers Guidelines for Project Omega,Architecture Decision Record,cloud providers,Technical assessment and standard guidelines regarding cloud providers implementation for Project Omega system Metrics Engine.,Comprehensive architecture guidelines covering cloud providers within Project Omega.,Data Engineering,Project Omega,Metrics Engine,Cloud Providers,emp_385,Architecture Team,2026-05-19,2026-07-09,Draft,Draft,3.1,True,False,,Architecture Team,Confidential,Data Engineering Core Team,Git Markdown,https://wiki.org/docs/DOC-0939,en
DOC-0940,Meeting Decision: Logging Guidelines for Project Alpha,Meeting Decision,logging,Technical assessment and standard guidelines regarding logging implementation for Project Alpha system Search Engine.,Comprehensive architecture guidelines covering logging within Project Alpha.,Engineering,Project Alpha,Search Engine,Logging,emp_784,Unverified,2022-03-04,2026-04-14,Superseded,Approved,2.0,False,True,,Unverified,Internal,Engineering Core Team,Confluence,https://wiki.org/docs/DOC-0940,en
DOC-0941,Draft Document: Containers Guidelines for Project Delta,Draft Document,containers,Technical assessment and standard guidelines regarding containers implementation for Project Delta system Data Pipeline.,Comprehensive architecture guidelines covering containers within Project Delta.,Product,Project Delta,Data Pipeline,Containers,emp_500,Engineer,2022-02-01,2023-06-25,Superseded,Draft,2.0,False,True,,Engineer,Confidential,Product Core Team,Git Markdown,https://wiki.org/docs/DOC-0941,en
DOC-0942,Meeting Decision: Backend Architecture Guidelines for Project Beta,Meeting Decision,backend architecture,Technical assessment and standard guidelines regarding backend architecture implementation for Project Beta system Inventory System.,Comprehensive architecture guidelines covering backend architecture within Project Beta.,Platform,Project Beta,Inventory System,Backend Architecture,emp_788,Senior Architect,2025-04-07,2025-09-21,Active,Approved,3.1,True,False,,Senior Architect,Public,Platform Core Team,Confluence,https://wiki.org/docs/DOC-0942,en
DOC-0943,Draft Document: Containers Guidelines for Core Infrastructure,Draft Document,containers,Technical assessment and standard guidelines regarding containers implementation for Core Infrastructure system Search Engine.,Comprehensive architecture guidelines covering containers within Core Infrastructure.,Security,Core Infrastructure,Search Engine,Containers,emp_654,Chief Architect,2023-07-20,2024-05-29,Active,Approved,3.1,True,False,,Chief Architect,Restricted,Security Core Team,Git Markdown,https://wiki.org/docs/DOC-0943,en
DOC-0944,Engineering Note: Kubernetes Guidelines for Project Alpha,Engineering Note,Kubernetes,Technical assessment and standard guidelines regarding Kubernetes implementation for Project Alpha system Inventory System.,Comprehensive architecture guidelines covering Kubernetes within Project Alpha.,DevOps,Project Alpha,Inventory System,Kubernetes,emp_699,Engineer,2025-11-30,2026-05-30,Draft,Rejected,1.2,True,False,,Engineer,Public,DevOps Core Team,Confluence,https://wiki.org/docs/DOC-0944,en
DOC-0945,Standard: Event Streaming Guidelines for Enterprise Gateway,Standard,event streaming,Technical assessment and standard guidelines regarding event streaming implementation for Enterprise Gateway system User Portal.,Comprehensive architecture guidelines covering event streaming within Enterprise Gateway.,Architecture,Enterprise Gateway,User Portal,Event Streaming,emp_956,Project Notes,2023-05-14,2023-09-07,Active,Approved,2.2,True,False,,Project Notes,Restricted,Architecture Core Team,Git Markdown,https://wiki.org/docs/DOC-0945,en
DOC-0946,Architecture Decision Record: Monitoring Guidelines for Project Delta,Architecture Decision Record,monitoring,Technical assessment and standard guidelines regarding monitoring implementation for Project Delta system Search Engine.,Comprehensive architecture guidelines covering monitoring within Project Delta.,DevOps,Project Delta,Search Engine,Monitoring,emp_185,Senior Engineer,2021-07-27,2025-07-26,Draft,Rejected,2.0,True,False,,Senior Engineer,Confidential,DevOps Core Team,Confluence,https://wiki.org/docs/DOC-0946,en
DOC-0947,Standard: Networking Guidelines for Project Omega,Standard,networking,Technical assessment and standard guidelines regarding networking implementation for Project Omega system Metrics Engine.,Comprehensive architecture guidelines covering networking within Project Omega.,Data Engineering,Project Omega,Metrics Engine,Networking,emp_991,Unverified,2021-03-28,2024-08-11,Active,Approved,3.0,True,False,,Unverified,Public,Data Engineering Core Team,Git Markdown,https://wiki.org/docs/DOC-0947,en
DOC-0948,Architecture Decision Record: Observability Guidelines for Project Omega,Architecture Decision Record,observability,Technical assessment and standard guidelines regarding observability implementation for Project Omega system Metrics Engine.,Comprehensive architecture guidelines covering observability within Project Omega.,DevOps,Project Omega,Metrics Engine,Observability,emp_835,Engineer,2022-12-13,2026-07-30,Draft,Rejected,3.2,True,False,,Engineer,Public,DevOps Core Team,Confluence,https://wiki.org/docs/DOC-0948,en
DOC-0949,Draft Document: Frontend Architecture Guidelines for Core Infrastructure,Draft Document,frontend architecture,Technical assessment and standard guidelines regarding frontend architecture implementation for Core Infrastructure system Metrics Engine.,Comprehensive architecture guidelines covering frontend architecture within Core Infrastructure.,Product,Core Infrastructure,Metrics Engine,Frontend Architecture,emp_321,Architecture Board,2022-01-06,2022-02-24,Superseded,Draft,2.0,False,True,,Architecture Board,Confidential,Product Core Team,Git Markdown,https://wiki.org/docs/DOC-0949,en
DOC-0950,Architecture Decision Record: Backend Architecture Guidelines for Project Gamma,Architecture Decision Record,backend architecture,Technical assessment and standard guidelines regarding backend architecture implementation for Project Gamma system User Portal.,Comprehensive architecture guidelines covering backend architecture within Project Gamma.,Architecture,Project Gamma,User Portal,Backend Architecture,emp_556,Principal Engineer,2022-10-27,2025-05-22,Draft,Draft,1.0,True,False,,Principal Engineer,Restricted,Architecture Core Team,Confluence,https://wiki.org/docs/DOC-0950,en
DOC-0951,Draft Document: Messaging Guidelines for Enterprise Gateway,Draft Document,messaging,Technical assessment and standard guidelines regarding messaging implementation for Enterprise Gateway system Payment Gateway.,Comprehensive architecture guidelines covering messaging within Enterprise Gateway.,Security,Enterprise Gateway,Payment Gateway,Messaging,emp_460,Senior Engineer,2024-01-08,2026-02-03,Draft,Under Review,2.0,True,False,,Senior Engineer,Public,Security Core Team,Git Markdown,https://wiki.org/docs/DOC-0951,en
DOC-0952,Policy: Networking Guidelines for Core Infrastructure,Policy,networking,Technical assessment and standard guidelines regarding networking implementation for Core Infrastructure system Metrics Engine.,Comprehensive architecture guidelines covering networking within Core Infrastructure.,Platform,Core Infrastructure,Metrics Engine,Networking,emp_371,Architecture Team,2022-12-20,2024-11-09,Draft,Rejected,1.0,True,False,,Architecture Team,Restricted,Platform Core Team,Confluence,https://wiki.org/docs/DOC-0952,en
DOC-0953,Engineering Note: Logging Guidelines for Project Omega,Engineering Note,logging,Technical assessment and standard guidelines regarding logging implementation for Project Omega system Search Engine.,Comprehensive architecture guidelines covering logging within Project Omega.,DevOps,Project Omega,Search Engine,Logging,emp_651,Unverified,2023-03-27,2023-08-29,Superseded,Under Review,3.2,False,True,,Unverified,Confidential,DevOps Core Team,Git Markdown,https://wiki.org/docs/DOC-0953,en
DOC-0954,Technical Design Document: Monitoring Guidelines for Project Omega,Technical Design Document,monitoring,Technical assessment and standard guidelines regarding monitoring implementation for Project Omega system Metrics Engine.,Comprehensive architecture guidelines covering monitoring within Project Omega.,Architecture,Project Omega,Metrics Engine,Monitoring,emp_494,Senior Architect,2025-09-27,2026-02-24,Active,Approved,1.1,True,False,,Senior Architect,Public,Architecture Core Team,Confluence,https://wiki.org/docs/DOC-0954,en
DOC-0955,Project Documentation: Kubernetes Guidelines for Project Alpha,Project Documentation,Kubernetes,Technical assessment and standard guidelines regarding Kubernetes implementation for Project Alpha system User Portal.,Comprehensive architecture guidelines covering Kubernetes within Project Alpha.,Security,Project Alpha,User Portal,Kubernetes,emp_351,Architecture Team,2023-06-21,2024-09-05,Superseded,Under Review,1.0,False,True,,Architecture Team,Confidential,Security Core Team,Git Markdown,https://wiki.org/docs/DOC-0955,en
DOC-0956,Deprecated Document: Deployment Guidelines for Project Omega,Deprecated Document,deployment,Technical assessment and standard guidelines regarding deployment implementation for Project Omega system Metrics Engine.,Comprehensive architecture guidelines covering deployment within Project Omega.,Platform,Project Omega,Metrics Engine,Deployment,emp_968,Senior Architect,2024-04-04,2025-05-18,Draft,Rejected,3.1,True,False,,Senior Architect,Restricted,Platform Core Team,Confluence,https://wiki.org/docs/DOC-0956,en
DOC-0957,Engineering Note: Containers Guidelines for Project Gamma,Engineering Note,containers,Technical assessment and standard guidelines regarding containers implementation for Project Gamma system Event Bus.,Comprehensive architecture guidelines covering containers within Project Gamma.,Data Engineering,Project Gamma,Event Bus,Containers,emp_809,Chief Architect,2022-10-21,2024-03-09,Superseded,Under Review,3.2,False,True,,Chief Architect,Confidential,Data Engineering Core Team,Git Markdown,https://wiki.org/docs/DOC-0957,en
DOC-0958,Project Documentation: Event Streaming Guidelines for Project Beta,Project Documentation,event streaming,Technical assessment and standard guidelines regarding event streaming implementation for Project Beta system Event Bus.,Comprehensive architecture guidelines covering event streaming within Project Beta.,DevOps,Project Beta,Event Bus,Event Streaming,emp_940,Unverified,2023-08-11,2025-02-12,Active,Approved,2.1,True,False,,Unverified,Confidential,DevOps Core Team,Confluence,https://wiki.org/docs/DOC-0958,en
DOC-0959,Engineering Note: Databases Guidelines for Project Omega,Engineering Note,databases,"Title: Engineering Note for Project Omega
Department: Security

MySQL version 5.7 is recommended for legacy data handling in Project Omega. Note: This is being evaluated for migration.",Comprehensive architecture guidelines covering databases within Project Omega.,Security,Project Omega,Auth Service,MySQL,emp_588,Senior Engineer,2021-05-11,2025-03-07,Active,Approved,2.2,True,False,,Senior Engineer,Restricted,Security Core Team,Git Markdown,https://wiki.org/docs/DOC-0959,en
DOC-0960,Policy: Event Streaming Guidelines for Project Delta,Policy,event streaming,Technical assessment and standard guidelines regarding event streaming implementation for Project Delta system Data Pipeline.,Comprehensive architecture guidelines covering event streaming within Project Delta.,Security,Project Delta,Data Pipeline,Event Streaming,emp_320,Engineer,2022-09-27,2025-10-03,Draft,Draft,3.2,True,False,,Engineer,Confidential,Security Core Team,Confluence,https://wiki.org/docs/DOC-0960,en
DOC-0961,Security Recommendation: Backend Architecture Guidelines for Project Omega,Security Recommendation,backend architecture,Technical assessment and standard guidelines regarding backend architecture implementation for Project Omega system Auth Service.,Comprehensive architecture guidelines covering backend architecture within Project Omega.,Architecture,Project Omega,Auth Service,Backend Architecture,emp_829,Architecture Board,2024-04-18,2024-08-18,Active,Approved,3.1,True,False,,Architecture Board,Internal,Architecture Core Team,Git Markdown,https://wiki.org/docs/DOC-0961,en
DOC-0962,Policy: Event Streaming Guidelines for Enterprise Gateway,Policy,event streaming,Technical assessment and standard guidelines regarding event streaming implementation for Enterprise Gateway system Data Pipeline.,Comprehensive architecture guidelines covering event streaming within Enterprise Gateway.,Product,Enterprise Gateway,Data Pipeline,Event Streaming,emp_130,Senior Architect,2025-02-01,2025-06-03,Superseded,Draft,2.2,False,True,,Senior Architect,Confidential,Product Core Team,Confluence,https://wiki.org/docs/DOC-0962,en
DOC-0963,Meeting Decision: Networking Guidelines for Project Beta,Meeting Decision,networking,Technical assessment and standard guidelines regarding networking implementation for Project Beta system Event Bus.,Comprehensive architecture guidelines covering networking within Project Beta.,Product,Project Beta,Event Bus,Networking,emp_198,Senior Architect,2022-12-29,2023-12-27,Draft,Rejected,2.0,True,False,,Senior Architect,Internal,Product Core Team,Git Markdown,https://wiki.org/docs/DOC-0963,en
DOC-0964,Technical Design Document: Observability Guidelines for Core Infrastructure,Technical Design Document,observability,Technical assessment and standard guidelines regarding observability implementation for Core Infrastructure system Payment Gateway.,Comprehensive architecture guidelines covering observability within Core Infrastructure.,DevOps,Core Infrastructure,Payment Gateway,Observability,emp_562,Senior Engineer,2023-12-09,2024-08-28,Active,Approved,1.2,True,False,,Senior Engineer,Public,DevOps Core Team,Confluence,https://wiki.org/docs/DOC-0964,en
DOC-0965,Meeting Decision: Databases Guidelines for Project Omega,Meeting Decision,databases,"Title: Meeting Decision for Project Omega
Department: Engineering

DynamoDB is chosen as the managed key-value store for high throughput in Project Omega.",Comprehensive architecture guidelines covering databases within Project Omega.,Engineering,Project Omega,Auth Service,DynamoDB,emp_493,Senior Engineer,2021-02-26,2025-08-22,Draft,Draft,1.0,True,False,,Senior Engineer,Confidential,Engineering Core Team,Git Markdown,https://wiki.org/docs/DOC-0965,en
DOC-0966,Engineering Note: Observability Guidelines for Project Alpha,Engineering Note,observability,Technical assessment and standard guidelines regarding observability implementation for Project Alpha system Data Pipeline.,Comprehensive architecture guidelines covering observability within Project Alpha.,Product,Project Alpha,Data Pipeline,Observability,emp_687,Senior Engineer,2025-12-31,2026-04-22,Draft,Under Review,2.0,True,False,,Senior Engineer,Public,Product Core Team,Confluence,https://wiki.org/docs/DOC-0966,en
DOC-0967,Engineering Note: Authorization Guidelines for Enterprise Gateway,Engineering Note,authorization,Technical assessment and standard guidelines regarding authorization implementation for Enterprise Gateway system Search Engine.,Comprehensive architecture guidelines covering authorization within Enterprise Gateway.,Architecture,Enterprise Gateway,Search Engine,Authorization,emp_457,Chief Architect,2024-04-23,2025-10-05,Draft,Under Review,2.0,True,False,,Chief Architect,Internal,Architecture Core Team,Git Markdown,https://wiki.org/docs/DOC-0967,en
DOC-0968,Deprecated Document: Caching Guidelines for Core Infrastructure,Deprecated Document,caching,Technical assessment and standard guidelines regarding caching implementation for Core Infrastructure system Metrics Engine.,Comprehensive architecture guidelines covering caching within Core Infrastructure.,Data Engineering,Core Infrastructure,Metrics Engine,Caching,emp_219,Project Notes,2021-05-15,2023-04-07,Draft,Under Review,1.1,True,False,,Project Notes,Internal,Data Engineering Core Team,Confluence,https://wiki.org/docs/DOC-0968,en
DOC-0969,Security Recommendation: Apis Guidelines for Project Delta,Security Recommendation,APIs,Technical assessment and standard guidelines regarding APIs implementation for Project Delta system Payment Gateway.,Comprehensive architecture guidelines covering APIs within Project Delta.,Product,Project Delta,Payment Gateway,Apis,emp_193,Unverified,2026-02-11,2026-06-25,Draft,Rejected,3.0,True,False,,Unverified,Restricted,Product Core Team,Git Markdown,https://wiki.org/docs/DOC-0969,en
DOC-0970,Standard: Microservices Guidelines for Project Gamma,Standard,microservices,Technical assessment and standard guidelines regarding microservices implementation for Project Gamma system Metrics Engine.,Comprehensive architecture guidelines covering microservices within Project Gamma.,DevOps,Project Gamma,Metrics Engine,Microservices,emp_545,Engineer,2021-06-18,2024-03-18,Active,Approved,2.2,True,False,,Engineer,Confidential,DevOps Core Team,Confluence,https://wiki.org/docs/DOC-0970,en
DOC-0971,Architecture Decision Record: Logging Guidelines for Enterprise Gateway,Architecture Decision Record,logging,Technical assessment and standard guidelines regarding logging implementation for Enterprise Gateway system Auth Service.,Comprehensive architecture guidelines covering logging within Enterprise Gateway.,DevOps,Enterprise Gateway,Auth Service,Logging,emp_951,Unverified,2022-01-21,2022-07-22,Draft,Draft,3.2,True,False,,Unverified,Internal,DevOps Core Team,Git Markdown,https://wiki.org/docs/DOC-0971,en
DOC-0972,Security Recommendation: Deployment Guidelines for Project Alpha,Security Recommendation,deployment,Technical assessment and standard guidelines regarding deployment implementation for Project Alpha system Search Engine.,Comprehensive architecture guidelines covering deployment within Project Alpha.,Engineering,Project Alpha,Search Engine,Deployment,emp_292,Engineer,2026-05-29,2026-06-04,Draft,Rejected,3.0,True,False,,Engineer,Restricted,Engineering Core Team,Confluence,https://wiki.org/docs/DOC-0972,en
DOC-0973,Security Recommendation: Microservices Guidelines for Project Alpha,Security Recommendation,microservices,Technical assessment and standard guidelines regarding microservices implementation for Project Alpha system Data Pipeline.,Comprehensive architecture guidelines covering microservices within Project Alpha.,Security,Project Alpha,Data Pipeline,Microservices,emp_829,Architecture Team,2021-05-30,2025-05-31,Draft,Under Review,3.2,True,False,,Architecture Team,Public,Security Core Team,Git Markdown,https://wiki.org/docs/DOC-0973,en
DOC-0974,Standard: Authorization Guidelines for Project Gamma,Standard,authorization,Technical assessment and standard guidelines regarding authorization implementation for Project Gamma system User Portal.,Comprehensive architecture guidelines covering authorization within Project Gamma.,Engineering,Project Gamma,User Portal,Authorization,emp_281,Senior Engineer,2025-08-20,2025-12-14,Draft,Draft,2.0,True,False,,Senior Engineer,Internal,Engineering Core Team,Confluence,https://wiki.org/docs/DOC-0974,en
DOC-0975,Meeting Decision: Backend Architecture Guidelines for Project Gamma,Meeting Decision,backend architecture,Technical assessment and standard guidelines regarding backend architecture implementation for Project Gamma system Search Engine.,Comprehensive architecture guidelines covering backend architecture within Project Gamma.,Security,Project Gamma,Search Engine,Backend Architecture,emp_999,Architecture Team,2023-04-19,2023-05-09,Draft,Rejected,2.1,True,False,,Architecture Team,Internal,Security Core Team,Git Markdown,https://wiki.org/docs/DOC-0975,en
DOC-0976,Policy: Event Streaming Guidelines for Project Alpha,Policy,event streaming,Technical assessment and standard guidelines regarding event streaming implementation for Project Alpha system Metrics Engine.,Comprehensive architecture guidelines covering event streaming within Project Alpha.,DevOps,Project Alpha,Metrics Engine,Event Streaming,emp_812,Architecture Board,2021-09-21,2025-06-09,Superseded,Under Review,1.0,False,True,,Architecture Board,Internal,DevOps Core Team,Confluence,https://wiki.org/docs/DOC-0976,en
DOC-0977,Standard: Messaging Guidelines for Project Omega,Standard,messaging,Technical assessment and standard guidelines regarding messaging implementation for Project Omega system Data Pipeline.,Comprehensive architecture guidelines covering messaging within Project Omega.,Architecture,Project Omega,Data Pipeline,Messaging,emp_797,Principal Engineer,2022-08-07,2025-08-09,Draft,Draft,3.1,True,False,,Principal Engineer,Public,Architecture Core Team,Git Markdown,https://wiki.org/docs/DOC-0977,en
DOC-0978,Deprecated Document: Microservices Guidelines for Project Alpha,Deprecated Document,microservices,Technical assessment and standard guidelines regarding microservices implementation for Project Alpha system Inventory System.,Comprehensive architecture guidelines covering microservices within Project Alpha.,Data Engineering,Project Alpha,Inventory System,Microservices,emp_230,Architecture Team,2026-08-01,2026-08-01,Draft,Rejected,1.0,True,False,,Architecture Team,Public,Data Engineering Core Team,Confluence,https://wiki.org/docs/DOC-0978,en
DOC-0979,Engineering Note: Authentication Guidelines for Project Beta,Engineering Note,authentication,"Title: Engineering Note for Project Beta
Department: Security

JWT tokens signed with RS256 algorithm are required for microservice-to-microservice auth in Project Beta.",Comprehensive architecture guidelines covering authentication within Project Beta.,Security,Project Beta,Event Bus,JWT RS256,emp_856,Project Notes,2023-06-25,2023-09-17,Draft,Under Review,1.2,True,False,,Project Notes,Public,Security Core Team,Git Markdown,https://wiki.org/docs/DOC-0979,en
DOC-0980,Architecture Decision Record: Kubernetes Guidelines for Project Beta,Architecture Decision Record,Kubernetes,Technical assessment and standard guidelines regarding Kubernetes implementation for Project Beta system Inventory System.,Comprehensive architecture guidelines covering Kubernetes within Project Beta.,Architecture,Project Beta,Inventory System,Kubernetes,emp_759,Architecture Team,2023-03-13,2025-04-29,Draft,Under Review,3.0,True,False,,Architecture Team,Internal,Architecture Core Team,Confluence,https://wiki.org/docs/DOC-0980,en
DOC-0981,Project Documentation: Backend Architecture Guidelines for Core Infrastructure,Project Documentation,backend architecture,Technical assessment and standard guidelines regarding backend architecture implementation for Core Infrastructure system Auth Service.,Comprehensive architecture guidelines covering backend architecture within Core Infrastructure.,Security,Core Infrastructure,Auth Service,Backend Architecture,emp_171,Project Notes,2024-05-17,2025-11-09,Draft,Draft,1.2,True,False,,Project Notes,Restricted,Security Core Team,Git Markdown,https://wiki.org/docs/DOC-0981,en
DOC-0982,Security Recommendation: Data Storage Guidelines for Project Omega,Security Recommendation,data storage,Technical assessment and standard guidelines regarding data storage implementation for Project Omega system Auth Service.,Comprehensive architecture guidelines covering data storage within Project Omega.,Data Engineering,Project Omega,Auth Service,Data Storage,emp_841,Senior Architect,2023-01-29,2023-04-17,Draft,Under Review,3.0,True,False,,Senior Architect,Public,Data Engineering Core Team,Confluence,https://wiki.org/docs/DOC-0982,en
DOC-0983,Architecture Decision Record: Security Guidelines for Enterprise Gateway,Architecture Decision Record,security,Technical assessment and standard guidelines regarding security implementation for Enterprise Gateway system Payment Gateway.,Comprehensive architecture guidelines covering security within Enterprise Gateway.,Data Engineering,Enterprise Gateway,Payment Gateway,Security,emp_880,Architecture Team,2024-02-29,2025-09-09,Superseded,Approved,2.2,False,True,,Architecture Team,Confidential,Data Engineering Core Team,Git Markdown,https://wiki.org/docs/DOC-0983,en
DOC-0984,Policy: Caching Guidelines for Core Infrastructure,Policy,caching,Technical assessment and standard guidelines regarding caching implementation for Core Infrastructure system Inventory System.,Comprehensive architecture guidelines covering caching within Core Infrastructure.,Platform,Core Infrastructure,Inventory System,Caching,emp_453,Principal Engineer,2023-09-09,2024-07-18,Draft,Rejected,2.0,True,False,,Principal Engineer,Internal,Platform Core Team,Confluence,https://wiki.org/docs/DOC-0984,en
DOC-0985,Meeting Decision: Security Guidelines for Project Gamma,Meeting Decision,security,Technical assessment and standard guidelines regarding security implementation for Project Gamma system Event Bus.,Comprehensive architecture guidelines covering security within Project Gamma.,Platform,Project Gamma,Event Bus,Security,emp_542,Architecture Board,2021-10-22,2022-01-17,Draft,Rejected,3.0,True,False,,Architecture Board,Confidential,Platform Core Team,Git Markdown,https://wiki.org/docs/DOC-0985,en
DOC-0986,Policy: Microservices Guidelines for Project Delta,Policy,microservices,Technical assessment and standard guidelines regarding microservices implementation for Project Delta system Metrics Engine.,Comprehensive architecture guidelines covering microservices within Project Delta.,Security,Project Delta,Metrics Engine,Microservices,emp_851,Project Notes,2023-06-29,2025-09-01,Draft,Rejected,2.2,True,False,,Project Notes,Confidential,Security Core Team,Confluence,https://wiki.org/docs/DOC-0986,en
DOC-0987,Draft Document: Containers Guidelines for Project Beta,Draft Document,containers,Technical assessment and standard guidelines regarding containers implementation for Project Beta system User Portal.,Comprehensive architecture guidelines covering containers within Project Beta.,DevOps,Project Beta,User Portal,Containers,emp_994,Architecture Team,2023-01-15,2025-08-20,Draft,Rejected,2.0,True,False,,Architecture Team,Confidential,DevOps Core Team,Git Markdown,https://wiki.org/docs/DOC-0987,en
DOC-0988,Project Documentation: Frontend Architecture Guidelines for Project Delta,Project Documentation,frontend architecture,Technical assessment and standard guidelines regarding frontend architecture implementation for Project Delta system Metrics Engine.,No summary provided.,Architecture,Project Delta,Metrics Engine,Frontend Architecture,emp_304,Architecture Board,2022-11-23,2025-12-26,Draft,Under Review,3.1,True,False,,Architecture Board,Internal,Architecture Core Team,Confluence,https://wiki.org/docs/DOC-0988,en
DOC-0989,Draft Document: Microservices Guidelines for Project Delta,Draft Document,microservices,Technical assessment and standard guidelines regarding microservices implementation for Project Delta system Data Pipeline.,Comprehensive architecture guidelines covering microservices within Project Delta.,Data Engineering,Project Delta,Data Pipeline,Microservices,emp_863,Principal Engineer,2025-04-25,2025-07-13,Draft,Rejected,1.0,True,False,,Principal Engineer,Confidential,Data Engineering Core Team,Git Markdown,https://wiki.org/docs/DOC-0989,en
DOC-0990,Architecture Decision Record: Cloud Providers Guidelines for Enterprise Gateway,Architecture Decision Record,cloud providers,Technical assessment and standard guidelines regarding cloud providers implementation for Enterprise Gateway system Event Bus.,Comprehensive architecture guidelines covering cloud providers within Enterprise Gateway.,Security,Enterprise Gateway,Event Bus,Cloud Providers,emp_852,Unverified,2024-10-16,2025-01-23,Superseded,Approved,1.0,False,True,,Unverified,Restricted,Security Core Team,Confluence,https://wiki.org/docs/DOC-0990,en
DOC-0991,Technical Design Document: Observability Guidelines for Project Beta,Technical Design Document,observability,Technical assessment and standard guidelines regarding observability implementation for Project Beta system Data Pipeline.,Comprehensive architecture guidelines covering observability within Project Beta.,DevOps,Project Beta,Data Pipeline,Observability,emp_414,Architecture Team,2023-01-14,2026-07-13,Draft,Draft,2.1,True,False,,Architecture Team,Restricted,DevOps Core Team,Git Markdown,https://wiki.org/docs/DOC-0991,en
DOC-0992,Standard: Authorization Guidelines for Enterprise Gateway,Standard,authorization,Technical assessment and standard guidelines regarding authorization implementation for Enterprise Gateway system Data Pipeline.,Comprehensive architecture guidelines covering authorization within Enterprise Gateway.,Data Engineering,Enterprise Gateway,Data Pipeline,Authorization,emp_267,Senior Architect,2021-08-31,2024-08-25,Draft,Rejected,3.2,True,False,,Senior Architect,Confidential,Data Engineering Core Team,Confluence,https://wiki.org/docs/DOC-0992,en
DOC-0993,Architecture Decision Record: Containers Guidelines for Project Alpha,Architecture Decision Record,containers,Technical assessment and standard guidelines regarding containers implementation for Project Alpha system Data Pipeline.,Comprehensive architecture guidelines covering containers within Project Alpha.,DevOps,Project Alpha,Data Pipeline,Containers,emp_199,Project Notes,2021-10-05,2023-11-24,Draft,Rejected,1.0,True,False,,Project Notes,Restricted,DevOps Core Team,Git Markdown,https://wiki.org/docs/DOC-0993,en
DOC-0994,Technical Design Document: Messaging Guidelines for Project Delta,Technical Design Document,messaging,Technical assessment and standard guidelines regarding messaging implementation for Project Delta system Inventory System.,Comprehensive architecture guidelines covering messaging within Project Delta.,Engineering,Project Delta,Inventory System,Messaging,emp_447,Senior Engineer,2025-12-21,2026-03-25,Active,Approved,3.1,True,False,,Senior Engineer,Confidential,Engineering Core Team,Confluence,https://wiki.org/docs/DOC-0994,en
DOC-0995,Technical Design Document: Backend Architecture Guidelines for Project Beta,Technical Design Document,backend architecture,Technical assessment and standard guidelines regarding backend architecture implementation for Project Beta system Event Bus.,Comprehensive architecture guidelines covering backend architecture within Project Beta.,DevOps,Project Beta,Event Bus,Backend Architecture,emp_828,Principal Engineer,2022-12-28,2026-05-15,Superseded,Rejected,3.1,False,True,,Principal Engineer,Internal,DevOps Core Team,Git Markdown,https://wiki.org/docs/DOC-0995,en
DOC-0996,Engineering Note: Ci/Cd Guidelines for Project Gamma,Engineering Note,CI/CD,Technical assessment and standard guidelines regarding CI/CD implementation for Project Gamma system Auth Service.,Comprehensive architecture guidelines covering CI/CD within Project Gamma.,Data Engineering,Project Gamma,Auth Service,Ci/Cd,emp_426,Project Notes,2021-04-17,2024-12-06,Draft,Under Review,2.1,True,False,,Project Notes,Confidential,Data Engineering Core Team,Confluence,https://wiki.org/docs/DOC-0996,en
DOC-0997,Architecture Decision Record: Backend Architecture Guidelines for Project Delta,Architecture Decision Record,backend architecture,Technical assessment and standard guidelines regarding backend architecture implementation for Project Delta system Payment Gateway.,Comprehensive architecture guidelines covering backend architecture within Project Delta.,DevOps,Project Delta,Payment Gateway,Backend Architecture,emp_664,Senior Engineer,2021-09-25,2025-03-26,Active,Approved,1.1,True,False,,Senior Engineer,Confidential,DevOps Core Team,Git Markdown,https://wiki.org/docs/DOC-0997,en
DOC-0998,Security Recommendation: Security Guidelines for Project Alpha,Security Recommendation,security,Technical assessment and standard guidelines regarding security implementation for Project Alpha system Search Engine.,Comprehensive architecture guidelines covering security within Project Alpha.,DevOps,Project Alpha,Search Engine,Security,emp_443,Engineer,2025-07-03,2026-03-22,Draft,Rejected,2.0,True,False,,Engineer,Restricted,DevOps Core Team,Confluence,https://wiki.org/docs/DOC-0998,en
DOC-0999,Technical Design Document: Networking Guidelines for Project Gamma,Technical Design Document,networking,Technical assessment and standard guidelines regarding networking implementation for Project Gamma system Payment Gateway.,Comprehensive architecture guidelines covering networking within Project Gamma.,Architecture,Project Gamma,Payment Gateway,Networking,emp_787,Project Notes,2025-07-08,2026-06-14,Draft,Draft,1.0,True,False,,Project Notes,Internal,Architecture Core Team,Git Markdown,https://wiki.org/docs/DOC-0999,en
DOC-1000,Project Documentation: Authentication Guidelines for Project Beta,Project Documentation,authentication,"Title: Project Documentation for Project Beta
Department: Architecture

OAuth 2.0 with OpenID Connect (OIDC) via Okta is mandatory for all user authentication in Project Beta.",Comprehensive architecture guidelines covering authentication within Project Beta.,Architecture,Project Beta,Payment Gateway,OAuth2/OIDC,emp_685,Senior Architect,2025-05-15,2025-06-28,Active,Approved,3.1,True,False,,Senior Architect,Public,Architecture Core Team,Confluence,https://wiki.org/docs/DOC-1000,en
