document_id,user_id,role,access_level,allowed,department_scope,project_scope
ADR-001,user_001,Engineer,Read,True,Engineering,Project Alpha
ADR-001,user_002,Senior Engineer,Read,True,Platform,Project Beta
ADR-001,user_003,Architect,Read,True,Architecture,All
ADR-001,user_004,Security Engineer,Read,True,Security,All
ADR-001,user_005,Principal Engineer,Read,True,Data Engineering,Project Gamma
ADR-001,user_006,DevOps Engineer,Read,True,DevOps,Core Infrastructure
ADR-001,user_007,Junior Developer,Read,True,Engineering,Project Delta
ADR-001,user_008,Engineering Manager,Read,True,Engineering,All
ADR-002,user_001,Engineer,Read,True,Engineering,Project Alpha
ADR-002,user_002,Senior Engineer,Read,True,Platform,Project Beta
ADR-002,user_003,Architect,Read,True,Architecture,All
ADR-002,user_004,Security Engineer,Read,True,Security,All
ADR-002,user_005,Principal Engineer,Read,True,Data Engineering,Project Gamma
ADR-002,user_006,DevOps Engineer,Read,True,DevOps,Core Infrastructure
ADR-002,user_007,Junior Developer,Read,True,Engineering,Project Delta
ADR-002,user_008,Engineering Manager,Read,True,Engineering,All
DOC-0003,user_001,Engineer,None,False,Engineering,Project Alpha
DOC-0003,user_002,Senior Engineer,None,False,Platform,Project Beta
DOC-0003,user_003,Architect,Read,True,Architecture,All
DOC-0003,user_004,Security Engineer,Read,True,Security,All
DOC-0003,user_005,Principal Engineer,None,False,Data Engineering,Project Gamma
DOC-0003,user_006,DevOps Engineer,None,False,DevOps,Core Infrastructure
DOC-0003,user_007,Junior Developer,None,False,Engineering,Project Delta
DOC-0003,user_008,Engineering Manager,None,False,Engineering,All
DOC-0004,user_001,Engineer,Read,True,Engineering,Project Alpha
DOC-0004,user_002,Senior Engineer,None,False,Platform,Project Beta
DOC-0004,user_003,Architect,Read,True,Architecture,All
DOC-0004,user_004,Security Engineer,Read,True,Security,All
DOC-0004,user_005,Principal Engineer,None,False,Data Engineering,Project Gamma
DOC-0004,user_006,DevOps Engineer,None,False,DevOps,Core Infrastructure
DOC-0004,user_007,Junior Developer,None,False,Engineering,Project Delta
DOC-0004,user_008,Engineering Manager,None,False,Engineering,All
DOC-0005,user_001,Engineer,None,False,Engineering,Project Alpha
DOC-0005,user_002,Senior Engineer,None,False,Platform,Project Beta
DOC-0005,user_003,Architect,Read,True,Architecture,All
DOC-0005,user_004,Security Engineer,Read,True,Security,All
DOC-0005,user_005,Principal Engineer,None,False,Data Engineering,Project Gamma
DOC-0005,user_006,DevOps Engineer,None,False,DevOps,Core Infrastructure
DOC-0005,user_007,Junior Developer,None,False,Engineering,Project Delta
DOC-0005,user_008,Engineering Manager,None,False,Engineering,All
DOC-0006,user_001,Engineer,Read,True,Engineering,Project Alpha
DOC-0006,user_002,Senior Engineer,Read,True,Platform,Project Beta
DOC-0006,user_003,Architect,Read,True,Architecture,All
DOC-0006,user_004,Security Engineer,Read,True,Security,All
DOC-0006,user_005,Principal Engineer,Read,True,Data Engineering,Project Gamma
DOC-0006,user_006,DevOps Engineer,Read,True,DevOps,Core Infrastructure
DOC-0006,user_007,Junior Developer,Read,True,Engineering,Project Delta
DOC-0006,user_008,Engineering Manager,Read,True,Engineering,All
DOC-0007,user_001,Engineer,Read,True,Engineering,Project Alpha
DOC-0007,user_002,Senior Engineer,Read,True,Platform,Project Beta
DOC-0007,user_003,Architect,Read,True,Architecture,All
DOC-0007,user_004,Security Engineer,Read,True,Security,All
DOC-0007,user_005,Principal Engineer,Read,True,Data Engineering,Project Gamma
DOC-0007,user_006,DevOps Engineer,Read,True,DevOps,Core Infrastructure
DOC-0007,user_007,Junior Developer,Read,True,Engineering,Project Delta
DOC-0007,user_008,Engineering Manager,Read,True,Engineering,All
DOC-0008,user_001,Engineer,Read,True,Engineering,Project Alpha
DOC-0008,user_002,Senior Engineer,Read,True,Platform,Project Beta
DOC-0008,user_003,Architect,Read,True,Architecture,All
DOC-0008,user_004,Security Engineer,Read,True,Security,All
DOC-0008,user_005,Principal Engineer,Read,True,Data Engineering,Project Gamma
DOC-0008,user_006,DevOps Engineer,Read,True,DevOps,Core Infrastructure
DOC-0008,user_007,Junior Developer,Read,True,Engineering,Project Delta
DOC-0008,user_008,Engineering Manager,Read,True,Engineering,All
DOC-0009,user_001,Engineer,None,False,Engineering,Project Alpha
DOC-0009,user_002,Senior Engineer,Read,True,Platform,Project Beta
DOC-0009,user_003,Architect,Read,True,Architecture,All
DOC-0009,user_004,Security Engineer,Read,True,Security,All
DOC-0009,user_005,Principal Engineer,None,False,Data Engineering,Project Gamma
DOC-0009,user_006,DevOps Engineer,None,False,DevOps,Core Infrastructure
DOC-0009,user_007,Junior Developer,None,False,Engineering,Project Delta
DOC-0009,user_008,Engineering Manager,None,False,Engineering,All
DOC-0010,user_001,Engineer,Read,True,Engineering,Project Alpha
DOC-0010,user_002,Senior Engineer,Read,True,Platform,Project Beta
DOC-0010,user_003,Architect,Read,True,Architecture,All
DOC-0010,user_004,Security Engineer,Read,True,Security,All
DOC-0010,user_005,Principal Engineer,Read,True,Data Engineering,Project Gamma
DOC-0010,user_006,DevOps Engineer,Read,True,DevOps,Core Infrastructure
DOC-0010,user_007,Junior Developer,Read,True,Engineering,Project Delta
DOC-0010,user_008,Engineering Manager,Read,True,Engineering,All
DOC-0011,user_001,Engineer,None,False,Engineering,Project Alpha
DOC-0011,user_002,Senior Engineer,None,False,Platform,Project Beta
DOC-0011,user_003,Architect,Read,True,Architecture,All
DOC-0011,user_004,Security Engineer,Read,True,Security,All
DOC-0011,user_005,Principal Engineer,None,False,Data Engineering,Project Gamma
DOC-0011,user_006,DevOps Engineer,None,False,DevOps,Core Infrastructure
DOC-0011,user_007,Junior Developer,Read,True,Engineering,Project Delta
DOC-0011,user_008,Engineering Manager,None,False,Engineering,All
DOC-0012,user_001,Engineer,Read,True,Engineering,Project Alpha
DOC-0012,user_002,Senior Engineer,Read,True,Platform,Project Beta
DOC-0012,user_003,Architect,Read,True,Architecture,All
DOC-0012,user_004,Security Engineer,Read,True,Security,All
DOC-0012,user_005,Principal Engineer,Read,True,Data Engineering,Project Gamma
DOC-0012,user_006,DevOps Engineer,Read,True,DevOps,Core Infrastructure
DOC-0012,user_007,Junior Developer,Read,True,Engineering,Project Delta
DOC-0012,user_008,Engineering Manager,Read,True,Engineering,All
DOC-0013,user_001,Engineer,Read,True,Engineering,Project Alpha
DOC-0013,user_002,Senior Engineer,Read,True,Platform,Project Beta
DOC-0013,user_003,Architect,Read,True,Architecture,All
DOC-0013,user_004,Security Engineer,Read,True,Security,All
DOC-0013,user_005,Principal Engineer,Read,True,Data Engineering,Project Gamma
DOC-0013,user_006,DevOps Engineer,Read,True,DevOps,Core Infrastructure
DOC-0013,user_007,Junior Developer,Read,True,Engineering,Project Delta
DOC-0013,user_008,Engineering Manager,Read,True,Engineering,All
DOC-0014,user_001,Engineer,None,False,Engineering,Project Alpha
DOC-0014,user_002,Senior Engineer,Read,True,Platform,Project Beta
DOC-0014,user_003,Architect,Read,True,Architecture,All
DOC-0014,user_004,Security Engineer,Read,True,Security,All
DOC-0014,user_005,Principal Engineer,None,False,Data Engineering,Project Gamma
DOC-0014,user_006,DevOps Engineer,None,False,DevOps,Core Infrastructure
DOC-0014,user_007,Junior Developer,None,False,Engineering,Project Delta
DOC-0014,user_008,Engineering Manager,None,False,Engineering,All
DOC-0015,user_001,Engineer,Read,True,Engineering,Project Alpha
DOC-0015,user_002,Senior Engineer,Read,True,Platform,Project Beta
DOC-0015,user_003,Architect,Read,True,Architecture,All
DOC-0015,user_004,Security Engineer,Read,True,Security,All
DOC-0015,user_005,Principal Engineer,Read,True,Data Engineering,Project Gamma
DOC-0015,user_006,DevOps Engineer,Read,True,DevOps,Core Infrastructure
DOC-0015,user_007,Junior Developer,Read,True,Engineering,Project Delta
DOC-0015,user_008,Engineering Manager,Read,True,Engineering,All
DOC-0016,user_001,Engineer,Read,True,Engineering,Project Alpha
DOC-0016,user_002,Senior Engineer,None,False,Platform,Project Beta
DOC-0016,user_003,Architect,Read,True,Architecture,All
DOC-0016,user_004,Security Engineer,Read,True,Security,All
DOC-0016,user_005,Principal Engineer,None,False,Data Engineering,Project Gamma
DOC-0016,user_006,DevOps Engineer,None,False,DevOps,Core Infrastructure
DOC-0016,user_007,Junior Developer,None,False,Engineering,Project Delta
DOC-0016,user_008,Engineering Manager,None,False,Engineering,All
DOC-0017,user_001,Engineer,Read,True,Engineering,Project Alpha
DOC-0017,user_002,Senior Engineer,Read,True,Platform,Project Beta
DOC-0017,user_003,Architect,Read,True,Architecture,All
DOC-0017,user_004,Security Engineer,Read,True,Security,All
DOC-0017,user_005,Principal Engineer,Read,True,Data Engineering,Project Gamma
DOC-0017,user_006,DevOps Engineer,Read,True,DevOps,Core Infrastructure
DOC-0017,user_007,Junior Developer,Read,True,Engineering,Project Delta
DOC-0017,user_008,Engineering Manager,Read,True,Engineering,All
DOC-0018,user_001,Engineer,Read,True,Engineering,Project Alpha
DOC-0018,user_002,Senior Engineer,Read,True,Platform,Project Beta
DOC-0018,user_003,Architect,Read,True,Architecture,All
DOC-0018,user_004,Security Engineer,Read,True,Security,All
DOC-0018,user_005,Principal Engineer,Read,True,Data Engineering,Project Gamma
DOC-0018,user_006,DevOps Engineer,Read,True,DevOps,Core Infrastructure
DOC-0018,user_007,Junior Developer,Read,True,Engineering,Project Delta
DOC-0018,user_008,Engineering Manager,Read,True,Engineering,All
DOC-0019,user_001,Engineer,Read,True,Engineering,Project Alpha
DOC-0019,user_002,Senior Engineer,None,False,Platform,Project Beta
DOC-0019,user_003,Architect,Read,True,Architecture,All
DOC-0019,user_004,Security Engineer,Read,True,Security,All
DOC-0019,user_005,Principal Engineer,None,False,Data Engineering,Project Gamma
DOC-0019,user_006,DevOps Engineer,None,False,DevOps,Core Infrastructure
DOC-0019,user_007,Junior Developer,None,False,Engineering,Project Delta
DOC-0019,user_008,Engineering Manager,None,False,Engineering,All
DOC-0020,user_001,Engineer,None,False,Engineering,Project Alpha
DOC-0020,user_002,Senior Engineer,None,False,Platform,Project Beta
DOC-0020,user_003,Architect,Read,True,Architecture,All
DOC-0020,user_004,Security Engineer,Read,True,Security,All
DOC-0020,user_005,Principal Engineer,None,False,Data Engineering,Project Gamma
DOC-0020,user_006,DevOps Engineer,None,False,DevOps,Core Infrastructure
DOC-0020,user_007,Junior Developer,Read,True,Engineering,Project Delta
DOC-0020,user_008,Engineering Manager,None,False,Engineering,All
ADR-021,user_001,Engineer,Read,True,Engineering,Project Alpha
ADR-021,user_002,Senior Engineer,Read,True,Platform,Project Beta
ADR-021,user_003,Architect,Read,True,Architecture,All
ADR-021,user_004,Security Engineer,Read,True,Security,All
ADR-021,user_005,Principal Engineer,Read,True,Data Engineering,Project Gamma
ADR-021,user_006,DevOps Engineer,Read,True,DevOps,Core Infrastructure
ADR-021,user_007,Junior Developer,Read,True,Engineering,Project Delta
ADR-021,user_008,Engineering Manager,Read,True,Engineering,All
DOC-0022,user_001,Engineer,None,False,Engineering,Project Alpha
DOC-0022,user_002,Senior Engineer,None,False,Platform,Project Beta
DOC-0022,user_003,Architect,Read,True,Architecture,All
DOC-0022,user_004,Security Engineer,Read,True,Security,All
DOC-0022,user_005,Principal Engineer,None,False,Data Engineering,Project Gamma
DOC-0022,user_006,DevOps Engineer,None,False,DevOps,Core Infrastructure
DOC-0022,user_007,Junior Developer,None,False,Engineering,Project Delta
DOC-0022,user_008,Engineering Manager,None,False,Engineering,All
DOC-0023,user_001,Engineer,Read,True,Engineering,Project Alpha
DOC-0023,user_002,Senior Engineer,Read,True,Platform,Project Beta
DOC-0023,user_003,Architect,Read,True,Architecture,All
DOC-0023,user_004,Security Engineer,Read,True,Security,All
DOC-0023,user_005,Principal Engineer,Read,True,Data Engineering,Project Gamma
DOC-0023,user_006,DevOps Engineer,Read,True,DevOps,Core Infrastructure
DOC-0023,user_007,Junior Developer,Read,True,Engineering,Project Delta
DOC-0023,user_008,Engineering Manager,Read,True,Engineering,All
DOC-0024,user_001,Engineer,Read,True,Engineering,Project Alpha
DOC-0024,user_002,Senior Engineer,Read,True,Platform,Project Beta
DOC-0024,user_003,Architect,Read,True,Architecture,All
DOC-0024,user_004,Security Engineer,Read,True,Security,All
DOC-0024,user_005,Principal Engineer,Read,True,Data Engineering,Project Gamma
DOC-0024,user_006,DevOps Engineer,Read,True,DevOps,Core Infrastructure
DOC-0024,user_007,Junior Developer,Read,True,Engineering,Project Delta
DOC-0024,user_008,Engineering Manager,Read,True,Engineering,All
DOC-0025,user_001,Engineer,Read,True,Engineering,Project Alpha
DOC-0025,user_002,Senior Engineer,Read,True,Platform,Project Beta
DOC-0025,user_003,Architect,Read,True,Architecture,All
DOC-0025,user_004,Security Engineer,Read,True,Security,All
DOC-0025,user_005,Principal Engineer,Read,True,Data Engineering,Project Gamma
DOC-0025,user_006,DevOps Engineer,Read,True,DevOps,Core Infrastructure
DOC-0025,user_007,Junior Developer,Read,True,Engineering,Project Delta
DOC-0025,user_008,Engineering Manager,Read,True,Engineering,All
DOC-0026,user_001,Engineer,None,False,Engineering,Project Alpha
DOC-0026,user_002,Senior Engineer,None,False,Platform,Project Beta
DOC-0026,user_003,Architect,Read,True,Architecture,All
DOC-0026,user_004,Security Engineer,Read,True,Security,All
DOC-0026,user_005,Principal Engineer,None,False,Data Engineering,Project Gamma
DOC-0026,user_006,DevOps Engineer,None,False,DevOps,Core Infrastructure
DOC-0026,user_007,Junior Developer,Read,True,Engineering,Project Delta
DOC-0026,user_008,Engineering Manager,None,False,Engineering,All
DOC-0027,user_001,Engineer,Read,True,Engineering,Project Alpha
DOC-0027,user_002,Senior Engineer,Read,True,Platform,Project Beta
DOC-0027,user_003,Architect,Read,True,Architecture,All
DOC-0027,user_004,Security Engineer,Read,True,Security,All
DOC-0027,user_005,Principal Engineer,Read,True,Data Engineering,Project Gamma
DOC-0027,user_006,DevOps Engineer,Read,True,DevOps,Core Infrastructure
DOC-0027,user_007,Junior Developer,Read,True,Engineering,Project Delta
DOC-0027,user_008,Engineering Manager,Read,True,Engineering,All
DOC-0028,user_001,Engineer,Read,True,Engineering,Project Alpha
DOC-0028,user_002,Senior Engineer,Read,True,Platform,Project Beta
DOC-0028,user_003,Architect,Read,True,Architecture,All
DOC-0028,user_004,Security Engineer,Read,True,Security,All
DOC-0028,user_005,Principal Engineer,Read,True,Data Engineering,Project Gamma
DOC-0028,user_006,DevOps Engineer,Read,True,DevOps,Core Infrastructure
DOC-0028,user_007,Junior Developer,Read,True,Engineering,Project Delta
DOC-0028,user_008,Engineering Manager,Read,True,Engineering,All
DOC-0029,user_001,Engineer,None,False,Engineering,Project Alpha
DOC-0029,user_002,Senior Engineer,None,False,Platform,Project Beta
DOC-0029,user_003,Architect,Read,True,Architecture,All
DOC-0029,user_004,Security Engineer,Read,True,Security,All
DOC-0029,user_005,Principal Engineer,None,False,Data Engineering,Project Gamma
DOC-0029,user_006,DevOps Engineer,None,False,DevOps,Core Infrastructure
DOC-0029,user_007,Junior Developer,Read,True,Engineering,Project Delta
DOC-0029,user_008,Engineering Manager,None,False,Engineering,All
DOC-0030,user_001,Engineer,None,False,Engineering,Project Alpha
DOC-0030,user_002,Senior Engineer,Read,True,Platform,Project Beta
DOC-0030,user_003,Architect,Read,True,Architecture,All
DOC-0030,user_004,Security Engineer,Read,True,Security,All
DOC-0030,user_005,Principal Engineer,None,False,Data Engineering,Project Gamma
DOC-0030,user_006,DevOps Engineer,None,False,DevOps,Core Infrastructure
DOC-0030,user_007,Junior Developer,None,False,Engineering,Project Delta
DOC-0030,user_008,Engineering Manager,None,False,Engineering,All
DOC-0031,user_001,Engineer,None,False,Engineering,Project Alpha
DOC-0031,user_002,Senior Engineer,None,False,Platform,Project Beta
DOC-0031,user_003,Architect,Read,True,Architecture,All
DOC-0031,user_004,Security Engineer,Read,True,Security,All
DOC-0031,user_005,Principal Engineer,None,False,Data Engineering,Project Gamma
DOC-0031,user_006,DevOps Engineer,None,False,DevOps,Core Infrastructure
DOC-0031,user_007,Junior Developer,None,False,Engineering,Project Delta
DOC-0031,user_008,Engineering Manager,None,False,Engineering,All
DOC-0032,user_001,Engineer,Read,True,Engineering,Project Alpha
DOC-0032,user_002,Senior Engineer,Read,True,Platform,Project Beta
DOC-0032,user_003,Architect,Read,True,Architecture,All
DOC-0032,user_004,Security Engineer,Read,True,Security,All
DOC-0032,user_005,Principal Engineer,Read,True,Data Engineering,Project Gamma
DOC-0032,user_006,DevOps Engineer,Read,True,DevOps,Core Infrastructure
DOC-0032,user_007,Junior Developer,Read,True,Engineering,Project Delta
DOC-0032,user_008,Engineering Manager,Read,True,Engineering,All
DOC-0033,user_001,Engineer,Read,True,Engineering,Project Alpha
DOC-0033,user_002,Senior Engineer,Read,True,Platform,Project Beta
DOC-0033,user_003,Architect,Read,True,Architecture,All
DOC-0033,user_004,Security Engineer,Read,True,Security,All
DOC-0033,user_005,Principal Engineer,Read,True,Data Engineering,Project Gamma
DOC-0033,user_006,DevOps Engineer,Read,True,DevOps,Core Infrastructure
DOC-0033,user_007,Junior Developer,Read,True,Engineering,Project Delta
DOC-0033,user_008,Engineering Manager,Read,True,Engineering,All
DOC-0034,user_001,Engineer,None,False,Engineering,Project Alpha
DOC-0034,user_002,Senior Engineer,None,False,Platform,Project Beta
DOC-0034,user_003,Architect,Read,True,Architecture,All
DOC-0034,user_004,Security Engineer,Read,True,Security,All
DOC-0034,user_005,Principal Engineer,None,False,Data Engineering,Project Gamma
DOC-0034,user_006,DevOps Engineer,Read,True,DevOps,Core Infrastructure
DOC-0034,user_007,Junior Developer,None,False,Engineering,Project Delta
DOC-0034,user_008,Engineering Manager,None,False,Engineering,All
DOC-0035,user_001,Engineer,None,False,Engineering,Project Alpha
DOC-0035,user_002,Senior Engineer,None,False,Platform,Project Beta
DOC-0035,user_003,Architect,Read,True,Architecture,All
DOC-0035,user_004,Security Engineer,Read,True,Security,All
DOC-0035,user_005,Principal Engineer,None,False,Data Engineering,Project Gamma
DOC-0035,user_006,DevOps Engineer,None,False,DevOps,Core Infrastructure
DOC-0035,user_007,Junior Developer,None,False,Engineering,Project Delta
DOC-0035,user_008,Engineering Manager,None,False,Engineering,All
DOC-0036,user_001,Engineer,Read,True,Engineering,Project Alpha
DOC-0036,user_002,Senior Engineer,None,False,Platform,Project Beta
DOC-0036,user_003,Architect,Read,True,Architecture,All
DOC-0036,user_004,Security Engineer,Read,True,Security,All
DOC-0036,user_005,Principal Engineer,None,False,Data Engineering,Project Gamma
DOC-0036,user_006,DevOps Engineer,None,False,DevOps,Core Infrastructure
DOC-0036,user_007,Junior Developer,None,False,Engineering,Project Delta
DOC-0036,user_008,Engineering Manager,None,False,Engineering,All
DOC-0037,user_001,Engineer,None,False,Engineering,Project Alpha
DOC-0037,user_002,Senior Engineer,None,False,Platform,Project Beta
DOC-0037,user_003,Architect,Read,True,Architecture,All
DOC-0037,user_004,Security Engineer,Read,True,Security,All
DOC-0037,user_005,Principal Engineer,None,False,Data Engineering,Project Gamma
DOC-0037,user_006,DevOps Engineer,None,False,DevOps,Core Infrastructure
DOC-0037,user_007,Junior Developer,None,False,Engineering,Project Delta
DOC-0037,user_008,Engineering Manager,None,False,Engineering,All
DOC-0038,user_001,Engineer,None,False,Engineering,Project Alpha
DOC-0038,user_002,Senior Engineer,None,False,Platform,Project Beta
DOC-0038,user_003,Architect,Read,True,Architecture,All
DOC-0038,user_004,Security Engineer,Read,True,Security,All
DOC-0038,user_005,Principal Engineer,None,False,Data Engineering,Project Gamma
DOC-0038,user_006,DevOps Engineer,None,False,DevOps,Core Infrastructure
DOC-0038,user_007,Junior Developer,None,False,Engineering,Project Delta
DOC-0038,user_008,Engineering Manager,None,False,Engineering,All
DOC-0039,user_001,Engineer,Read,True,Engineering,Project Alpha
DOC-0039,user_002,Senior Engineer,Read,True,Platform,Project Beta
DOC-0039,user_003,Architect,Read,True,Architecture,All
DOC-0039,user_004,Security Engineer,Read,True,Security,All
DOC-0039,user_005,Principal Engineer,Read,True,Data Engineering,Project Gamma
DOC-0039,user_006,DevOps Engineer,Read,True,DevOps,Core Infrastructure
DOC-0039,user_007,Junior Developer,Read,True,Engineering,Project Delta
DOC-0039,user_008,Engineering Manager,Read,True,Engineering,All
DOC-0040,user_001,Engineer,Read,True,Engineering,Project Alpha
DOC-0040,user_002,Senior Engineer,Read,True,Platform,Project Beta
DOC-0040,user_003,Architect,Read,True,Architecture,All
DOC-0040,user_004,Security Engineer,Read,True,Security,All
DOC-0040,user_005,Principal Engineer,Read,True,Data Engineering,Project Gamma
DOC-0040,user_006,DevOps Engineer,Read,True,DevOps,Core Infrastructure
DOC-0040,user_007,Junior Developer,Read,True,Engineering,Project Delta
DOC-0040,user_008,Engineering Manager,Read,True,Engineering,All
DOC-0041,user_001,Engineer,None,False,Engineering,Project Alpha
DOC-0041,user_002,Senior Engineer,None,False,Platform,Project Beta
DOC-0041,user_003,Architect,Read,True,Architecture,All
DOC-0041,user_004,Security Engineer,Read,True,Security,All
DOC-0041,user_005,Principal Engineer,None,False,Data Engineering,Project Gamma
DOC-0041,user_006,DevOps Engineer,None,False,DevOps,Core Infrastructure
DOC-0041,user_007,Junior Developer,Read,True,Engineering,Project Delta
DOC-0041,user_008,Engineering Manager,None,False,Engineering,All
DOC-0042,user_001,Engineer,Read,True,Engineering,Project Alpha
DOC-0042,user_002,Senior Engineer,Read,True,Platform,Project Beta
DOC-0042,user_003,Architect,Read,True,Architecture,All
DOC-0042,user_004,Security Engineer,Read,True,Security,All
DOC-0042,user_005,Principal Engineer,Read,True,Data Engineering,Project Gamma
DOC-0042,user_006,DevOps Engineer,Read,True,DevOps,Core Infrastructure
DOC-0042,user_007,Junior Developer,Read,True,Engineering,Project Delta
DOC-0042,user_008,Engineering Manager,Read,True,Engineering,All
DOC-0043,user_001,Engineer,None,False,Engineering,Project Alpha
DOC-0043,user_002,Senior Engineer,Read,True,Platform,Project Beta
DOC-0043,user_003,Architect,Read,True,Architecture,All
DOC-0043,user_004,Security Engineer,Read,True,Security,All
DOC-0043,user_005,Principal Engineer,None,False,Data Engineering,Project Gamma
DOC-0043,user_006,DevOps Engineer,None,False,DevOps,Core Infrastructure
DOC-0043,user_007,Junior Developer,None,False,Engineering,Project Delta
DOC-0043,user_008,Engineering Manager,None,False,Engineering,All
DOC-0044,user_001,Engineer,Read,True,Engineering,Project Alpha
DOC-0044,user_002,Senior Engineer,Read,True,Platform,Project Beta
DOC-0044,user_003,Architect,Read,True,Architecture,All
DOC-0044,user_004,Security Engineer,Read,True,Security,All
DOC-0044,user_005,Principal Engineer,Read,True,Data Engineering,Project Gamma
DOC-0044,user_006,DevOps Engineer,Read,True,DevOps,Core Infrastructure
DOC-0044,user_007,Junior Developer,Read,True,Engineering,Project Delta
DOC-0044,user_008,Engineering Manager,Read,True,Engineering,All
DOC-0045,user_001,Engineer,Read,True,Engineering,Project Alpha
DOC-0045,user_002,Senior Engineer,Read,True,Platform,Project Beta
DOC-0045,user_003,Architect,Read,True,Architecture,All
DOC-0045,user_004,Security Engineer,Read,True,Security,All
DOC-0045,user_005,Principal Engineer,Read,True,Data Engineering,Project Gamma
DOC-0045,user_006,DevOps Engineer,Read,True,DevOps,Core Infrastructure
DOC-0045,user_007,Junior Developer,Read,True,Engineering,Project Delta
DOC-0045,user_008,Engineering Manager,Read,True,Engineering,All
DOC-0046,user_001,Engineer,Read,True,Engineering,Project Alpha
DOC-0046,user_002,Senior Engineer,Read,True,Platform,Project Beta
DOC-0046,user_003,Architect,Read,True,Architecture,All
DOC-0046,user_004,Security Engineer,Read,True,Security,All
DOC-0046,user_005,Principal Engineer,Read,True,Data Engineering,Project Gamma
DOC-0046,user_006,DevOps Engineer,Read,True,DevOps,Core Infrastructure
DOC-0046,user_007,Junior Developer,Read,True,Engineering,Project Delta
DOC-0046,user_008,Engineering Manager,Read,True,Engineering,All
DOC-0047,user_001,Engineer,None,False,Engineering,Project Alpha
DOC-0047,user_002,Senior Engineer,None,False,Platform,Project Beta
DOC-0047,user_003,Architect,Read,True,Architecture,All
DOC-0047,user_004,Security Engineer,Read,True,Security,All
DOC-0047,user_005,Principal Engineer,Read,True,Data Engineering,Project Gamma
DOC-0047,user_006,DevOps Engineer,None,False,DevOps,Core Infrastructure
DOC-0047,user_007,Junior Developer,None,False,Engineering,Project Delta
DOC-0047,user_008,Engineering Manager,None,False,Engineering,All
DOC-0048,user_001,Engineer,None,False,Engineering,Project Alpha
DOC-0048,user_002,Senior Engineer,None,False,Platform,Project Beta
DOC-0048,user_003,Architect,Read,True,Architecture,All
DOC-0048,user_004,Security Engineer,Read,True,Security,All
DOC-0048,user_005,Principal Engineer,None,False,Data Engineering,Project Gamma
DOC-0048,user_006,DevOps Engineer,Read,True,DevOps,Core Infrastructure
DOC-0048,user_007,Junior Developer,None,False,Engineering,Project Delta
DOC-0048,user_008,Engineering Manager,None,False,Engineering,All
DOC-0049,user_001,Engineer,None,False,Engineering,Project Alpha
DOC-0049,user_002,Senior Engineer,None,False,Platform,Project Beta
DOC-0049,user_003,Architect,Read,True,Architecture,All
DOC-0049,user_004,Security Engineer,Read,True,Security,All
DOC-0049,user_005,Principal Engineer,Read,True,Data Engineering,Project Gamma
DOC-0049,user_006,DevOps Engineer,None,False,DevOps,Core Infrastructure
DOC-0049,user_007,Junior Developer,None,False,Engineering,Project Delta
DOC-0049,user_008,Engineering Manager,None,False,Engineering,All
DOC-0050,user_001,Engineer,Read,True,Engineering,Project Alpha
DOC-0050,user_002,Senior Engineer,Read,True,Platform,Project Beta
DOC-0050,user_003,Architect,Read,True,Architecture,All
DOC-0050,user_004,Security Engineer,Read,True,Security,All
DOC-0050,user_005,Principal Engineer,Read,True,Data Engineering,Project Gamma
DOC-0050,user_006,DevOps Engineer,Read,True,DevOps,Core Infrastructure
DOC-0050,user_007,Junior Developer,Read,True,Engineering,Project Delta
DOC-0050,user_008,Engineering Manager,Read,True,Engineering,All
DOC-0051,user_001,Engineer,None,False,Engineering,Project Alpha
DOC-0051,user_002,Senior Engineer,None,False,Platform,Project Beta
DOC-0051,user_003,Architect,Read,True,Architecture,All
DOC-0051,user_004,Security Engineer,Read,True,Security,All
DOC-0051,user_005,Principal Engineer,None,False,Data Engineering,Project Gamma
DOC-0051,user_006,DevOps Engineer,None,False,DevOps,Core Infrastructure
DOC-0051,user_007,Junior Developer,None,False,Engineering,Project Delta
DOC-0051,user_008,Engineering Manager,None,False,Engineering,All
DOC-0052,user_001,Engineer,None,False,Engineering,Project Alpha
DOC-0052,user_002,Senior Engineer,None,False,Platform,Project Beta
DOC-0052,user_003,Architect,Read,True,Architecture,All
DOC-0052,user_004,Security Engineer,Read,True,Security,All
DOC-0052,user_005,Principal Engineer,None,False,Data Engineering,Project Gamma
DOC-0052,user_006,DevOps Engineer,Read,True,DevOps,Core Infrastructure
DOC-0052,user_007,Junior Developer,None,False,Engineering,Project Delta
DOC-0052,user_008,Engineering Manager,None,False,Engineering,All
DOC-0053,user_001,Engineer,Read,True,Engineering,Project Alpha
DOC-0053,user_002,Senior Engineer,Read,True,Platform,Project Beta
DOC-0053,user_003,Architect,Read,True,Architecture,All
DOC-0053,user_004,Security Engineer,Read,True,Security,All
DOC-0053,user_005,Principal Engineer,Read,True,Data Engineering,Project Gamma
DOC-0053,user_006,DevOps Engineer,Read,True,DevOps,Core Infrastructure
DOC-0053,user_007,Junior Developer,Read,True,Engineering,Project Delta
DOC-0053,user_008,Engineering Manager,Read,True,Engineering,All
DOC-0054,user_001,Engineer,None,False,Engineering,Project Alpha
DOC-0054,user_002,Senior Engineer,Read,True,Platform,Project Beta
DOC-0054,user_003,Architect,Read,True,Architecture,All
DOC-0054,user_004,Security Engineer,Read,True,Security,All
DOC-0054,user_005,Principal Engineer,None,False,Data Engineering,Project Gamma
DOC-0054,user_006,DevOps Engineer,None,False,DevOps,Core Infrastructure
DOC-0054,user_007,Junior Developer,None,False,Engineering,Project Delta
DOC-0054,user_008,Engineering Manager,None,False,Engineering,All
DOC-0055,user_001,Engineer,Read,True,Engineering,Project Alpha
DOC-0055,user_002,Senior Engineer,Read,True,Platform,Project Beta
DOC-0055,user_003,Architect,Read,True,Architecture,All
DOC-0055,user_004,Security Engineer,Read,True,Security,All
DOC-0055,user_005,Principal Engineer,Read,True,Data Engineering,Project Gamma
DOC-0055,user_006,DevOps Engineer,Read,True,DevOps,Core Infrastructure
DOC-0055,user_007,Junior Developer,Read,True,Engineering,Project Delta
DOC-0055,user_008,Engineering Manager,Read,True,Engineering,All
DOC-0056,user_001,Engineer,Read,True,Engineering,Project Alpha
DOC-0056,user_002,Senior Engineer,None,False,Platform,Project Beta
DOC-0056,user_003,Architect,Read,True,Architecture,All
DOC-0056,user_004,Security Engineer,Read,True,Security,All
DOC-0056,user_005,Principal Engineer,None,False,Data Engineering,Project Gamma
DOC-0056,user_006,DevOps Engineer,None,False,DevOps,Core Infrastructure
DOC-0056,user_007,Junior Developer,None,False,Engineering,Project Delta
DOC-0056,user_008,Engineering Manager,None,False,Engineering,All
DOC-0057,user_001,Engineer,Read,True,Engineering,Project Alpha
DOC-0057,user_002,Senior Engineer,Read,True,Platform,Project Beta
DOC-0057,user_003,Architect,Read,True,Architecture,All
DOC-0057,user_004,Security Engineer,Read,True,Security,All
DOC-0057,user_005,Principal Engineer,Read,True,Data Engineering,Project Gamma
DOC-0057,user_006,DevOps Engineer,Read,True,DevOps,Core Infrastructure
DOC-0057,user_007,Junior Developer,Read,True,Engineering,Project Delta
DOC-0057,user_008,Engineering Manager,Read,True,Engineering,All
DOC-0058,user_001,Engineer,Read,True,Engineering,Project Alpha
DOC-0058,user_002,Senior Engineer,Read,True,Platform,Project Beta
DOC-0058,user_003,Architect,Read,True,Architecture,All
DOC-0058,user_004,Security Engineer,Read,True,Security,All
DOC-0058,user_005,Principal Engineer,Read,True,Data Engineering,Project Gamma
DOC-0058,user_006,DevOps Engineer,Read,True,DevOps,Core Infrastructure
DOC-0058,user_007,Junior Developer,Read,True,Engineering,Project Delta
DOC-0058,user_008,Engineering Manager,Read,True,Engineering,All
DOC-0059,user_001,Engineer,Read,True,Engineering,Project Alpha
DOC-0059,user_002,Senior Engineer,Read,True,Platform,Project Beta
DOC-0059,user_003,Architect,Read,True,Architecture,All
DOC-0059,user_004,Security Engineer,Read,True,Security,All
DOC-0059,user_005,Principal Engineer,Read,True,Data Engineering,Project Gamma
DOC-0059,user_006,DevOps Engineer,Read,True,DevOps,Core Infrastructure
DOC-0059,user_007,Junior Developer,Read,True,Engineering,Project Delta
DOC-0059,user_008,Engineering Manager,Read,True,Engineering,All
DOC-0060,user_001,Engineer,Read,True,Engineering,Project Alpha
DOC-0060,user_002,Senior Engineer,Read,True,Platform,Project Beta
DOC-0060,user_003,Architect,Read,True,Architecture,All
DOC-0060,user_004,Security Engineer,Read,True,Security,All
DOC-0060,user_005,Principal Engineer,Read,True,Data Engineering,Project Gamma
DOC-0060,user_006,DevOps Engineer,Read,True,DevOps,Core Infrastructure
DOC-0060,user_007,Junior Developer,Read,True,Engineering,Project Delta
DOC-0060,user_008,Engineering Manager,Read,True,Engineering,All
DOC-0061,user_001,Engineer,None,False,Engineering,Project Alpha
DOC-0061,user_002,Senior Engineer,None,False,Platform,Project Beta
DOC-0061,user_003,Architect,Read,True,Architecture,All
DOC-0061,user_004,Security Engineer,Read,True,Security,All
DOC-0061,user_005,Principal Engineer,None,False,Data Engineering,Project Gamma
DOC-0061,user_006,DevOps Engineer,None,False,DevOps,Core Infrastructure
DOC-0061,user_007,Junior Developer,None,False,Engineering,Project Delta
DOC-0061,user_008,Engineering Manager,None,False,Engineering,All
DOC-0062,user_001,Engineer,None,False,Engineering,Project Alpha
DOC-0062,user_002,Senior Engineer,None,False,Platform,Project Beta
DOC-0062,user_003,Architect,Read,True,Architecture,All
DOC-0062,user_004,Security Engineer,Read,True,Security,All
DOC-0062,user_005,Principal Engineer,None,False,Data Engineering,Project Gamma
DOC-0062,user_006,DevOps Engineer,None,False,DevOps,Core Infrastructure
DOC-0062,user_007,Junior Developer,Read,True,Engineering,Project Delta
DOC-0062,user_008,Engineering Manager,None,False,Engineering,All
DOC-0063,user_001,Engineer,Read,True,Engineering,Project Alpha
DOC-0063,user_002,Senior Engineer,Read,True,Platform,Project Beta
DOC-0063,user_003,Architect,Read,True,Architecture,All
DOC-0063,user_004,Security Engineer,Read,True,Security,All
DOC-0063,user_005,Principal Engineer,Read,True,Data Engineering,Project Gamma
DOC-0063,user_006,DevOps Engineer,Read,True,DevOps,Core Infrastructure
DOC-0063,user_007,Junior Developer,Read,True,Engineering,Project Delta
DOC-0063,user_008,Engineering Manager,Read,True,Engineering,All
DOC-0064,user_001,Engineer,Read,True,Engineering,Project Alpha
DOC-0064,user_002,Senior Engineer,None,False,Platform,Project Beta
DOC-0064,user_003,Architect,Read,True,Architecture,All
DOC-0064,user_004,Security Engineer,Read,True,Security,All
DOC-0064,user_005,Principal Engineer,None,False,Data Engineering,Project Gamma
DOC-0064,user_006,DevOps Engineer,None,False,DevOps,Core Infrastructure
DOC-0064,user_007,Junior Developer,None,False,Engineering,Project Delta
DOC-0064,user_008,Engineering Manager,None,False,Engineering,All
DOC-0065,user_001,Engineer,Read,True,Engineering,Project Alpha
DOC-0065,user_002,Senior Engineer,Read,True,Platform,Project Beta
DOC-0065,user_003,Architect,Read,True,Architecture,All
DOC-0065,user_004,Security Engineer,Read,True,Security,All
DOC-0065,user_005,Principal Engineer,Read,True,Data Engineering,Project Gamma
DOC-0065,user_006,DevOps Engineer,Read,True,DevOps,Core Infrastructure
DOC-0065,user_007,Junior Developer,Read,True,Engineering,Project Delta
DOC-0065,user_008,Engineering Manager,Read,True,Engineering,All
DOC-0066,user_001,Engineer,Read,True,Engineering,Project Alpha
DOC-0066,user_002,Senior Engineer,Read,True,Platform,Project Beta
DOC-0066,user_003,Architect,Read,True,Architecture,All
DOC-0066,user_004,Security Engineer,Read,True,Security,All
DOC-0066,user_005,Principal Engineer,Read,True,Data Engineering,Project Gamma
DOC-0066,user_006,DevOps Engineer,Read,True,DevOps,Core Infrastructure
DOC-0066,user_007,Junior Developer,Read,True,Engineering,Project Delta
DOC-0066,user_008,Engineering Manager,Read,True,Engineering,All
DOC-0067,user_001,Engineer,None,False,Engineering,Project Alpha
DOC-0067,user_002,Senior Engineer,None,False,Platform,Project Beta
DOC-0067,user_003,Architect,Read,True,Architecture,All
DOC-0067,user_004,Security Engineer,Read,True,Security,All
DOC-0067,user_005,Principal Engineer,None,False,Data Engineering,Project Gamma
DOC-0067,user_006,DevOps Engineer,None,False,DevOps,Core Infrastructure
DOC-0067,user_007,Junior Developer,None,False,Engineering,Project Delta
DOC-0067,user_008,Engineering Manager,None,False,Engineering,All
DOC-0068,user_001,Engineer,Read,True,Engineering,Project Alpha
DOC-0068,user_002,Senior Engineer,Read,True,Platform,Project Beta
DOC-0068,user_003,Architect,Read,True,Architecture,All
DOC-0068,user_004,Security Engineer,Read,True,Security,All
DOC-0068,user_005,Principal Engineer,Read,True,Data Engineering,Project Gamma
DOC-0068,user_006,DevOps Engineer,Read,True,DevOps,Core Infrastructure
DOC-0068,user_007,Junior Developer,Read,True,Engineering,Project Delta
DOC-0068,user_008,Engineering Manager,Read,True,Engineering,All
DOC-0069,user_001,Engineer,None,False,Engineering,Project Alpha
DOC-0069,user_002,Senior Engineer,None,False,Platform,Project Beta
DOC-0069,user_003,Architect,Read,True,Architecture,All
DOC-0069,user_004,Security Engineer,Read,True,Security,All
DOC-0069,user_005,Principal Engineer,None,False,Data Engineering,Project Gamma
DOC-0069,user_006,DevOps Engineer,None,False,DevOps,Core Infrastructure
DOC-0069,user_007,Junior Developer,Read,True,Engineering,Project Delta
DOC-0069,user_008,Engineering Manager,None,False,Engineering,All
DOC-0070,user_001,Engineer,None,False,Engineering,Project Alpha
DOC-0070,user_002,Senior Engineer,Read,True,Platform,Project Beta
DOC-0070,user_003,Architect,Read,True,Architecture,All
DOC-0070,user_004,Security Engineer,Read,True,Security,All
DOC-0070,user_005,Principal Engineer,None,False,Data Engineering,Project Gamma
DOC-0070,user_006,DevOps Engineer,None,False,DevOps,Core Infrastructure
DOC-0070,user_007,Junior Developer,None,False,Engineering,Project Delta
DOC-0070,user_008,Engineering Manager,None,False,Engineering,All
DOC-0071,user_001,Engineer,Read,True,Engineering,Project Alpha
DOC-0071,user_002,Senior Engineer,Read,True,Platform,Project Beta
DOC-0071,user_003,Architect,Read,True,Architecture,All
DOC-0071,user_004,Security Engineer,Read,True,Security,All
DOC-0071,user_005,Principal Engineer,Read,True,Data Engineering,Project Gamma
DOC-0071,user_006,DevOps Engineer,Read,True,DevOps,Core Infrastructure
DOC-0071,user_007,Junior Developer,Read,True,Engineering,Project Delta
DOC-0071,user_008,Engineering Manager,Read,True,Engineering,All
DOC-0072,user_001,Engineer,Read,True,Engineering,Project Alpha
DOC-0072,user_002,Senior Engineer,Read,True,Platform,Project Beta
DOC-0072,user_003,Architect,Read,True,Architecture,All
DOC-0072,user_004,Security Engineer,Read,True,Security,All
DOC-0072,user_005,Principal Engineer,Read,True,Data Engineering,Project Gamma
DOC-0072,user_006,DevOps Engineer,Read,True,DevOps,Core Infrastructure
DOC-0072,user_007,Junior Developer,Read,True,Engineering,Project Delta
DOC-0072,user_008,Engineering Manager,Read,True,Engineering,All
DOC-0073,user_001,Engineer,None,False,Engineering,Project Alpha
DOC-0073,user_002,Senior Engineer,None,False,Platform,Project Beta
DOC-0073,user_003,Architect,Read,True,Architecture,All
DOC-0073,user_004,Security Engineer,Read,True,Security,All
DOC-0073,user_005,Principal Engineer,None,False,Data Engineering,Project Gamma
DOC-0073,user_006,DevOps Engineer,Read,True,DevOps,Core Infrastructure
DOC-0073,user_007,Junior Developer,None,False,Engineering,Project Delta
DOC-0073,user_008,Engineering Manager,None,False,Engineering,All
DOC-0074,user_001,Engineer,Read,True,Engineering,Project Alpha
DOC-0074,user_002,Senior Engineer,Read,True,Platform,Project Beta
DOC-0074,user_003,Architect,Read,True,Architecture,All
DOC-0074,user_004,Security Engineer,Read,True,Security,All
DOC-0074,user_005,Principal Engineer,Read,True,Data Engineering,Project Gamma
DOC-0074,user_006,DevOps Engineer,Read,True,DevOps,Core Infrastructure
DOC-0074,user_007,Junior Developer,Read,True,Engineering,Project Delta
DOC-0074,user_008,Engineering Manager,Read,True,Engineering,All
DOC-0075,user_001,Engineer,None,False,Engineering,Project Alpha
DOC-0075,user_002,Senior Engineer,None,False,Platform,Project Beta
DOC-0075,user_003,Architect,Read,True,Architecture,All
DOC-0075,user_004,Security Engineer,Read,True,Security,All
DOC-0075,user_005,Principal Engineer,None,False,Data Engineering,Project Gamma
DOC-0075,user_006,DevOps Engineer,Read,True,DevOps,Core Infrastructure
DOC-0075,user_007,Junior Developer,None,False,Engineering,Project Delta
DOC-0075,user_008,Engineering Manager,None,False,Engineering,All
DOC-0076,user_001,Engineer,None,False,Engineering,Project Alpha
DOC-0076,user_002,Senior Engineer,Read,True,Platform,Project Beta
DOC-0076,user_003,Architect,Read,True,Architecture,All
DOC-0076,user_004,Security Engineer,Read,True,Security,All
DOC-0076,user_005,Principal Engineer,None,False,Data Engineering,Project Gamma
DOC-0076,user_006,DevOps Engineer,None,False,DevOps,Core Infrastructure
DOC-0076,user_007,Junior Developer,None,False,Engineering,Project Delta
DOC-0076,user_008,Engineering Manager,None,False,Engineering,All
DOC-0077,user_001,Engineer,None,False,Engineering,Project Alpha
DOC-0077,user_002,Senior Engineer,None,False,Platform,Project Beta
DOC-0077,user_003,Architect,Read,True,Architecture,All
DOC-0077,user_004,Security Engineer,Read,True,Security,All
DOC-0077,user_005,Principal Engineer,Read,True,Data Engineering,Project Gamma
DOC-0077,user_006,DevOps Engineer,None,False,DevOps,Core Infrastructure
DOC-0077,user_007,Junior Developer,None,False,Engineering,Project Delta
DOC-0077,user_008,Engineering Manager,None,False,Engineering,All
DOC-0078,user_001,Engineer,None,False,Engineering,Project Alpha
DOC-0078,user_002,Senior Engineer,None,False,Platform,Project Beta
DOC-0078,user_003,Architect,Read,True,Architecture,All
DOC-0078,user_004,Security Engineer,Read,True,Security,All
DOC-0078,user_005,Principal Engineer,None,False,Data Engineering,Project Gamma
DOC-0078,user_006,DevOps Engineer,Read,True,DevOps,Core Infrastructure
DOC-0078,user_007,Junior Developer,None,False,Engineering,Project Delta
DOC-0078,user_008,Engineering Manager,None,False,Engineering,All
DOC-0079,user_001,Engineer,Read,True,Engineering,Project Alpha
DOC-0079,user_002,Senior Engineer,None,False,Platform,Project Beta
DOC-0079,user_003,Architect,Read,True,Architecture,All
DOC-0079,user_004,Security Engineer,Read,True,Security,All
DOC-0079,user_005,Principal Engineer,None,False,Data Engineering,Project Gamma
DOC-0079,user_006,DevOps Engineer,None,False,DevOps,Core Infrastructure
DOC-0079,user_007,Junior Developer,None,False,Engineering,Project Delta
DOC-0079,user_008,Engineering Manager,None,False,Engineering,All
DOC-0080,user_001,Engineer,None,False,Engineering,Project Alpha
DOC-0080,user_002,Senior Engineer,None,False,Platform,Project Beta
DOC-0080,user_003,Architect,Read,True,Architecture,All
DOC-0080,user_004,Security Engineer,Read,True,Security,All
DOC-0080,user_005,Principal Engineer,None,False,Data Engineering,Project Gamma
DOC-0080,user_006,DevOps Engineer,Read,True,DevOps,Core Infrastructure
DOC-0080,user_007,Junior Developer,None,False,Engineering,Project Delta
DOC-0080,user_008,Engineering Manager,None,False,Engineering,All
DOC-0081,user_001,Engineer,Read,True,Engineering,Project Alpha
DOC-0081,user_002,Senior Engineer,None,False,Platform,Project Beta
DOC-0081,user_003,Architect,Read,True,Architecture,All
DOC-0081,user_004,Security Engineer,Read,True,Security,All
DOC-0081,user_005,Principal Engineer,None,False,Data Engineering,Project Gamma
DOC-0081,user_006,DevOps Engineer,None,False,DevOps,Core Infrastructure
DOC-0081,user_007,Junior Developer,None,False,Engineering,Project Delta
DOC-0081,user_008,Engineering Manager,None,False,Engineering,All
DOC-0082,user_001,Engineer,Read,True,Engineering,Project Alpha
DOC-0082,user_002,Senior Engineer,Read,True,Platform,Project Beta
DOC-0082,user_003,Architect,Read,True,Architecture,All
DOC-0082,user_004,Security Engineer,Read,True,Security,All
DOC-0082,user_005,Principal Engineer,Read,True,Data Engineering,Project Gamma
DOC-0082,user_006,DevOps Engineer,Read,True,DevOps,Core Infrastructure
DOC-0082,user_007,Junior Developer,Read,True,Engineering,Project Delta
DOC-0082,user_008,Engineering Manager,Read,True,Engineering,All
DOC-0083,user_001,Engineer,Read,True,Engineering,Project Alpha
DOC-0083,user_002,Senior Engineer,Read,True,Platform,Project Beta
DOC-0083,user_003,Architect,Read,True,Architecture,All
DOC-0083,user_004,Security Engineer,Read,True,Security,All
DOC-0083,user_005,Principal Engineer,Read,True,Data Engineering,Project Gamma
DOC-0083,user_006,DevOps Engineer,Read,True,DevOps,Core Infrastructure
DOC-0083,user_007,Junior Developer,Read,True,Engineering,Project Delta
DOC-0083,user_008,Engineering Manager,Read,True,Engineering,All
DOC-0084,user_001,Engineer,Read,True,Engineering,Project Alpha
DOC-0084,user_002,Senior Engineer,Read,True,Platform,Project Beta
DOC-0084,user_003,Architect,Read,True,Architecture,All
DOC-0084,user_004,Security Engineer,Read,True,Security,All
DOC-0084,user_005,Principal Engineer,Read,True,Data Engineering,Project Gamma
DOC-0084,user_006,DevOps Engineer,Read,True,DevOps,Core Infrastructure
DOC-0084,user_007,Junior Developer,Read,True,Engineering,Project Delta
DOC-0084,user_008,Engineering Manager,Read,True,Engineering,All
DOC-0085,user_001,Engineer,None,False,Engineering,Project Alpha
DOC-0085,user_002,Senior Engineer,None,False,Platform,Project Beta
DOC-0085,user_003,Architect,Read,True,Architecture,All
DOC-0085,user_004,Security Engineer,Read,True,Security,All
DOC-0085,user_005,Principal Engineer,None,False,Data Engineering,Project Gamma
DOC-0085,user_006,DevOps Engineer,None,False,DevOps,Core Infrastructure
DOC-0085,user_007,Junior Developer,None,False,Engineering,Project Delta
DOC-0085,user_008,Engineering Manager,None,False,Engineering,All
DOC-0086,user_001,Engineer,Read,True,Engineering,Project Alpha
DOC-0086,user_002,Senior Engineer,Read,True,Platform,Project Beta
DOC-0086,user_003,Architect,Read,True,Architecture,All
DOC-0086,user_004,Security Engineer,Read,True,Security,All
DOC-0086,user_005,Principal Engineer,Read,True,Data Engineering,Project Gamma
DOC-0086,user_006,DevOps Engineer,Read,True,DevOps,Core Infrastructure
DOC-0086,user_007,Junior Developer,Read,True,Engineering,Project Delta
DOC-0086,user_008,Engineering Manager,Read,True,Engineering,All
DOC-0087,user_001,Engineer,None,False,Engineering,Project Alpha
DOC-0087,user_002,Senior Engineer,None,False,Platform,Project Beta
DOC-0087,user_003,Architect,Read,True,Architecture,All
DOC-0087,user_004,Security Engineer,Read,True,Security,All
DOC-0087,user_005,Principal Engineer,None,False,Data Engineering,Project Gamma
DOC-0087,user_006,DevOps Engineer,None,False,DevOps,Core Infrastructure
DOC-0087,user_007,Junior Developer,None,False,Engineering,Project Delta
DOC-0087,user_008,Engineering Manager,None,False,Engineering,All
DOC-0088,user_001,Engineer,None,False,Engineering,Project Alpha
DOC-0088,user_002,Senior Engineer,Read,True,Platform,Project Beta
DOC-0088,user_003,Architect,Read,True,Architecture,All
DOC-0088,user_004,Security Engineer,Read,True,Security,All
DOC-0088,user_005,Principal Engineer,None,False,Data Engineering,Project Gamma
DOC-0088,user_006,DevOps Engineer,None,False,DevOps,Core Infrastructure
DOC-0088,user_007,Junior Developer,None,False,Engineering,Project Delta
DOC-0088,user_008,Engineering Manager,None,False,Engineering,All
DOC-0089,user_001,Engineer,None,False,Engineering,Project Alpha
DOC-0089,user_002,Senior Engineer,None,False,Platform,Project Beta
DOC-0089,user_003,Architect,Read,True,Architecture,All
DOC-0089,user_004,Security Engineer,Read,True,Security,All
DOC-0089,user_005,Principal Engineer,None,False,Data Engineering,Project Gamma
DOC-0089,user_006,DevOps Engineer,None,False,DevOps,Core Infrastructure
DOC-0089,user_007,Junior Developer,None,False,Engineering,Project Delta
DOC-0089,user_008,Engineering Manager,None,False,Engineering,All
DOC-0090,user_001,Engineer,None,False,Engineering,Project Alpha
DOC-0090,user_002,Senior Engineer,None,False,Platform,Project Beta
DOC-0090,user_003,Architect,Read,True,Architecture,All
DOC-0090,user_004,Security Engineer,Read,True,Security,All
DOC-0090,user_005,Principal Engineer,None,False,Data Engineering,Project Gamma
DOC-0090,user_006,DevOps Engineer,Read,True,DevOps,Core Infrastructure
DOC-0090,user_007,Junior Developer,None,False,Engineering,Project Delta
DOC-0090,user_008,Engineering Manager,None,False,Engineering,All
DOC-0091,user_001,Engineer,None,False,Engineering,Project Alpha
DOC-0091,user_002,Senior Engineer,None,False,Platform,Project Beta
DOC-0091,user_003,Architect,Read,True,Architecture,All
DOC-0091,user_004,Security Engineer,Read,True,Security,All
DOC-0091,user_005,Principal Engineer,None,False,Data Engineering,Project Gamma
DOC-0091,user_006,DevOps Engineer,None,False,DevOps,Core Infrastructure
DOC-0091,user_007,Junior Developer,None,False,Engineering,Project Delta
DOC-0091,user_008,Engineering Manager,None,False,Engineering,All
DOC-0092,user_001,Engineer,Read,True,Engineering,Project Alpha
DOC-0092,user_002,Senior Engineer,Read,True,Platform,Project Beta
DOC-0092,user_003,Architect,Read,True,Architecture,All
DOC-0092,user_004,Security Engineer,Read,True,Security,All
DOC-0092,user_005,Principal Engineer,Read,True,Data Engineering,Project Gamma
DOC-0092,user_006,DevOps Engineer,Read,True,DevOps,Core Infrastructure
DOC-0092,user_007,Junior Developer,Read,True,Engineering,Project Delta
DOC-0092,user_008,Engineering Manager,Read,True,Engineering,All
DOC-0093,user_001,Engineer,Read,True,Engineering,Project Alpha
DOC-0093,user_002,Senior Engineer,Read,True,Platform,Project Beta
DOC-0093,user_003,Architect,Read,True,Architecture,All
DOC-0093,user_004,Security Engineer,Read,True,Security,All
DOC-0093,user_005,Principal Engineer,Read,True,Data Engineering,Project Gamma
DOC-0093,user_006,DevOps Engineer,Read,True,DevOps,Core Infrastructure
DOC-0093,user_007,Junior Developer,Read,True,Engineering,Project Delta
DOC-0093,user_008,Engineering Manager,Read,True,Engineering,All
DOC-0094,user_001,Engineer,Read,True,Engineering,Project Alpha
DOC-0094,user_002,Senior Engineer,None,False,Platform,Project Beta
DOC-0094,user_003,Architect,Read,True,Architecture,All
DOC-0094,user_004,Security Engineer,Read,True,Security,All
DOC-0094,user_005,Principal Engineer,None,False,Data Engineering,Project Gamma
DOC-0094,user_006,DevOps Engineer,None,False,DevOps,Core Infrastructure
DOC-0094,user_007,Junior Developer,None,False,Engineering,Project Delta
DOC-0094,user_008,Engineering Manager,None,False,Engineering,All
DOC-0095,user_001,Engineer,None,False,Engineering,Project Alpha
DOC-0095,user_002,Senior Engineer,None,False,Platform,Project Beta
DOC-0095,user_003,Architect,Read,True,Architecture,All
DOC-0095,user_004,Security Engineer,Read,True,Security,All
DOC-0095,user_005,Principal Engineer,None,False,Data Engineering,Project Gamma
DOC-0095,user_006,DevOps Engineer,None,False,DevOps,Core Infrastructure
DOC-0095,user_007,Junior Developer,None,False,Engineering,Project Delta
DOC-0095,user_008,Engineering Manager,None,False,Engineering,All
DOC-0096,user_001,Engineer,Read,True,Engineering,Project Alpha
DOC-0096,user_002,Senior Engineer,Read,True,Platform,Project Beta
DOC-0096,user_003,Architect,Read,True,Architecture,All
DOC-0096,user_004,Security Engineer,Read,True,Security,All
DOC-0096,user_005,Principal Engineer,Read,True,Data Engineering,Project Gamma
DOC-0096,user_006,DevOps Engineer,Read,True,DevOps,Core Infrastructure
DOC-0096,user_007,Junior Developer,Read,True,Engineering,Project Delta
DOC-0096,user_008,Engineering Manager,Read,True,Engineering,All
DOC-0097,user_001,Engineer,Read,True,Engineering,Project Alpha
DOC-0097,user_002,Senior Engineer,Read,True,Platform,Project Beta
DOC-0097,user_003,Architect,Read,True,Architecture,All
DOC-0097,user_004,Security Engineer,Read,True,Security,All
DOC-0097,user_005,Principal Engineer,Read,True,Data Engineering,Project Gamma
DOC-0097,user_006,DevOps Engineer,Read,True,DevOps,Core Infrastructure
DOC-0097,user_007,Junior Developer,Read,True,Engineering,Project Delta
DOC-0097,user_008,Engineering Manager,Read,True,Engineering,All
DOC-0098,user_001,Engineer,None,False,Engineering,Project Alpha
DOC-0098,user_002,Senior Engineer,None,False,Platform,Project Beta
DOC-0098,user_003,Architect,Read,True,Architecture,All
DOC-0098,user_004,Security Engineer,Read,True,Security,All
DOC-0098,user_005,Principal Engineer,None,False,Data Engineering,Project Gamma
DOC-0098,user_006,DevOps Engineer,None,False,DevOps,Core Infrastructure
DOC-0098,user_007,Junior Developer,None,False,Engineering,Project Delta
DOC-0098,user_008,Engineering Manager,None,False,Engineering,All
DOC-0099,user_001,Engineer,None,False,Engineering,Project Alpha
DOC-0099,user_002,Senior Engineer,None,False,Platform,Project Beta
DOC-0099,user_003,Architect,Read,True,Architecture,All
DOC-0099,user_004,Security Engineer,Read,True,Security,All
DOC-0099,user_005,Principal Engineer,Read,True,Data Engineering,Project Gamma
DOC-0099,user_006,DevOps Engineer,None,False,DevOps,Core Infrastructure
DOC-0099,user_007,Junior Developer,None,False,Engineering,Project Delta
DOC-0099,user_008,Engineering Manager,None,False,Engineering,All
DOC-0100,user_001,Engineer,Read,True,Engineering,Project Alpha
DOC-0100,user_002,Senior Engineer,Read,True,Platform,Project Beta
DOC-0100,user_003,Architect,Read,True,Architecture,All
DOC-0100,user_004,Security Engineer,Read,True,Security,All
DOC-0100,user_005,Principal Engineer,Read,True,Data Engineering,Project Gamma
DOC-0100,user_006,DevOps Engineer,Read,True,DevOps,Core Infrastructure
DOC-0100,user_007,Junior Developer,Read,True,Engineering,Project Delta
DOC-0100,user_008,Engineering Manager,Read,True,Engineering,All
DOC-0101,user_001,Engineer,Read,True,Engineering,Project Alpha
DOC-0101,user_002,Senior Engineer,Read,True,Platform,Project Beta
DOC-0101,user_003,Architect,Read,True,Architecture,All
DOC-0101,user_004,Security Engineer,Read,True,Security,All
DOC-0101,user_005,Principal Engineer,Read,True,Data Engineering,Project Gamma
DOC-0101,user_006,DevOps Engineer,Read,True,DevOps,Core Infrastructure
DOC-0101,user_007,Junior Developer,Read,True,Engineering,Project Delta
DOC-0101,user_008,Engineering Manager,Read,True,Engineering,All
DOC-0102,user_001,Engineer,None,False,Engineering,Project Alpha
DOC-0102,user_002,Senior Engineer,None,False,Platform,Project Beta
DOC-0102,user_003,Architect,Read,True,Architecture,All
DOC-0102,user_004,Security Engineer,Read,True,Security,All
DOC-0102,user_005,Principal Engineer,None,False,Data Engineering,Project Gamma
DOC-0102,user_006,DevOps Engineer,None,False,DevOps,Core Infrastructure
DOC-0102,user_007,Junior Developer,None,False,Engineering,Project Delta
DOC-0102,user_008,Engineering Manager,None,False,Engineering,All
DOC-0103,user_001,Engineer,None,False,Engineering,Project Alpha
DOC-0103,user_002,Senior Engineer,None,False,Platform,Project Beta
DOC-0103,user_003,Architect,Read,True,Architecture,All
DOC-0103,user_004,Security Engineer,Read,True,Security,All
DOC-0103,user_005,Principal Engineer,Read,True,Data Engineering,Project Gamma
DOC-0103,user_006,DevOps Engineer,None,False,DevOps,Core Infrastructure
DOC-0103,user_007,Junior Developer,None,False,Engineering,Project Delta
DOC-0103,user_008,Engineering Manager,None,False,Engineering,All
DOC-0104,user_001,Engineer,Read,True,Engineering,Project Alpha
DOC-0104,user_002,Senior Engineer,Read,True,Platform,Project Beta
DOC-0104,user_003,Architect,Read,True,Architecture,All
DOC-0104,user_004,Security Engineer,Read,True,Security,All
DOC-0104,user_005,Principal Engineer,Read,True,Data Engineering,Project Gamma
DOC-0104,user_006,DevOps Engineer,Read,True,DevOps,Core Infrastructure
DOC-0104,user_007,Junior Developer,Read,True,Engineering,Project Delta
DOC-0104,user_008,Engineering Manager,Read,True,Engineering,All
DOC-0105,user_001,Engineer,None,False,Engineering,Project Alpha
DOC-0105,user_002,Senior Engineer,None,False,Platform,Project Beta
DOC-0105,user_003,Architect,Read,True,Architecture,All
DOC-0105,user_004,Security Engineer,Read,True,Security,All
DOC-0105,user_005,Principal Engineer,None,False,Data Engineering,Project Gamma
DOC-0105,user_006,DevOps Engineer,Read,True,DevOps,Core Infrastructure
DOC-0105,user_007,Junior Developer,None,False,Engineering,Project Delta
DOC-0105,user_008,Engineering Manager,None,False,Engineering,All
DOC-0106,user_001,Engineer,Read,True,Engineering,Project Alpha
DOC-0106,user_002,Senior Engineer,Read,True,Platform,Project Beta
DOC-0106,user_003,Architect,Read,True,Architecture,All
DOC-0106,user_004,Security Engineer,Read,True,Security,All
DOC-0106,user_005,Principal Engineer,Read,True,Data Engineering,Project Gamma
DOC-0106,user_006,DevOps Engineer,Read,True,DevOps,Core Infrastructure
DOC-0106,user_007,Junior Developer,Read,True,Engineering,Project Delta
DOC-0106,user_008,Engineering Manager,Read,True,Engineering,All
DOC-0107,user_001,Engineer,Read,True,Engineering,Project Alpha
DOC-0107,user_002,Senior Engineer,Read,True,Platform,Project Beta
DOC-0107,user_003,Architect,Read,True,Architecture,All
DOC-0107,user_004,Security Engineer,Read,True,Security,All
DOC-0107,user_005,Principal Engineer,Read,True,Data Engineering,Project Gamma
DOC-0107,user_006,DevOps Engineer,Read,True,DevOps,Core Infrastructure
DOC-0107,user_007,Junior Developer,Read,True,Engineering,Project Delta
DOC-0107,user_008,Engineering Manager,Read,True,Engineering,All
DOC-0108,user_001,Engineer,Read,True,Engineering,Project Alpha
DOC-0108,user_002,Senior Engineer,Read,True,Platform,Project Beta
DOC-0108,user_003,Architect,Read,True,Architecture,All
DOC-0108,user_004,Security Engineer,Read,True,Security,All
DOC-0108,user_005,Principal Engineer,Read,True,Data Engineering,Project Gamma
DOC-0108,user_006,DevOps Engineer,Read,True,DevOps,Core Infrastructure
DOC-0108,user_007,Junior Developer,Read,True,Engineering,Project Delta
DOC-0108,user_008,Engineering Manager,Read,True,Engineering,All
DOC-0109,user_001,Engineer,Read,True,Engineering,Project Alpha
DOC-0109,user_002,Senior Engineer,Read,True,Platform,Project Beta
DOC-0109,user_003,Architect,Read,True,Architecture,All
DOC-0109,user_004,Security Engineer,Read,True,Security,All
DOC-0109,user_005,Principal Engineer,Read,True,Data Engineering,Project Gamma
DOC-0109,user_006,DevOps Engineer,Read,True,DevOps,Core Infrastructure
DOC-0109,user_007,Junior Developer,Read,True,Engineering,Project Delta
DOC-0109,user_008,Engineering Manager,Read,True,Engineering,All
DOC-0110,user_001,Engineer,None,False,Engineering,Project Alpha
DOC-0110,user_002,Senior Engineer,None,False,Platform,Project Beta
DOC-0110,user_003,Architect,Read,True,Architecture,All
DOC-0110,user_004,Security Engineer,Read,True,Security,All
DOC-0110,user_005,Principal Engineer,None,False,Data Engineering,Project Gamma
DOC-0110,user_006,DevOps Engineer,Read,True,DevOps,Core Infrastructure
DOC-0110,user_007,Junior Developer,None,False,Engineering,Project Delta
DOC-0110,user_008,Engineering Manager,None,False,Engineering,All
DOC-0111,user_001,Engineer,Read,True,Engineering,Project Alpha
DOC-0111,user_002,Senior Engineer,Read,True,Platform,Project Beta
DOC-0111,user_003,Architect,Read,True,Architecture,All
DOC-0111,user_004,Security Engineer,Read,True,Security,All
DOC-0111,user_005,Principal Engineer,Read,True,Data Engineering,Project Gamma
DOC-0111,user_006,DevOps Engineer,Read,True,DevOps,Core Infrastructure
DOC-0111,user_007,Junior Developer,Read,True,Engineering,Project Delta
DOC-0111,user_008,Engineering Manager,Read,True,Engineering,All
DOC-0112,user_001,Engineer,None,False,Engineering,Project Alpha
DOC-0112,user_002,Senior Engineer,None,False,Platform,Project Beta
DOC-0112,user_003,Architect,Read,True,Architecture,All
DOC-0112,user_004,Security Engineer,Read,True,Security,All
DOC-0112,user_005,Principal Engineer,None,False,Data Engineering,Project Gamma
DOC-0112,user_006,DevOps Engineer,None,False,DevOps,Core Infrastructure
DOC-0112,user_007,Junior Developer,None,False,Engineering,Project Delta
DOC-0112,user_008,Engineering Manager,None,False,Engineering,All
DOC-0113,user_001,Engineer,Read,True,Engineering,Project Alpha
DOC-0113,user_002,Senior Engineer,Read,True,Platform,Project Beta
DOC-0113,user_003,Architect,Read,True,Architecture,All
DOC-0113,user_004,Security Engineer,Read,True,Security,All
DOC-0113,user_005,Principal Engineer,Read,True,Data Engineering,Project Gamma
DOC-0113,user_006,DevOps Engineer,Read,True,DevOps,Core Infrastructure
DOC-0113,user_007,Junior Developer,Read,True,Engineering,Project Delta
DOC-0113,user_008,Engineering Manager,Read,True,Engineering,All
DOC-0114,user_001,Engineer,Read,True,Engineering,Project Alpha
DOC-0114,user_002,Senior Engineer,Read,True,Platform,Project Beta
DOC-0114,user_003,Architect,Read,True,Architecture,All
DOC-0114,user_004,Security Engineer,Read,True,Security,All
DOC-0114,user_005,Principal Engineer,Read,True,Data Engineering,Project Gamma
DOC-0114,user_006,DevOps Engineer,Read,True,DevOps,Core Infrastructure
DOC-0114,user_007,Junior Developer,Read,True,Engineering,Project Delta
DOC-0114,user_008,Engineering Manager,Read,True,Engineering,All
DOC-0115,user_001,Engineer,None,False,Engineering,Project Alpha
DOC-0115,user_002,Senior Engineer,None,False,Platform,Project Beta
DOC-0115,user_003,Architect,Read,True,Architecture,All
DOC-0115,user_004,Security Engineer,Read,True,Security,All
DOC-0115,user_005,Principal Engineer,None,False,Data Engineering,Project Gamma
DOC-0115,user_006,DevOps Engineer,None,False,DevOps,Core Infrastructure
DOC-0115,user_007,Junior Developer,None,False,Engineering,Project Delta
DOC-0115,user_008,Engineering Manager,None,False,Engineering,All
DOC-0116,user_001,Engineer,Read,True,Engineering,Project Alpha
DOC-0116,user_002,Senior Engineer,Read,True,Platform,Project Beta
DOC-0116,user_003,Architect,Read,True,Architecture,All
DOC-0116,user_004,Security Engineer,Read,True,Security,All
DOC-0116,user_005,Principal Engineer,Read,True,Data Engineering,Project Gamma
DOC-0116,user_006,DevOps Engineer,Read,True,DevOps,Core Infrastructure
DOC-0116,user_007,Junior Developer,Read,True,Engineering,Project Delta
DOC-0116,user_008,Engineering Manager,Read,True,Engineering,All
DOC-0117,user_001,Engineer,Read,True,Engineering,Project Alpha
DOC-0117,user_002,Senior Engineer,None,False,Platform,Project Beta
DOC-0117,user_003,Architect,Read,True,Architecture,All
DOC-0117,user_004,Security Engineer,Read,True,Security,All
DOC-0117,user_005,Principal Engineer,None,False,Data Engineering,Project Gamma
DOC-0117,user_006,DevOps Engineer,None,False,DevOps,Core Infrastructure
DOC-0117,user_007,Junior Developer,None,False,Engineering,Project Delta
DOC-0117,user_008,Engineering Manager,None,False,Engineering,All
DOC-0118,user_001,Engineer,Read,True,Engineering,Project Alpha
DOC-0118,user_002,Senior Engineer,Read,True,Platform,Project Beta
DOC-0118,user_003,Architect,Read,True,Architecture,All
DOC-0118,user_004,Security Engineer,Read,True,Security,All
DOC-0118,user_005,Principal Engineer,Read,True,Data Engineering,Project Gamma
DOC-0118,user_006,DevOps Engineer,Read,True,DevOps,Core Infrastructure
DOC-0118,user_007,Junior Developer,Read,True,Engineering,Project Delta
DOC-0118,user_008,Engineering Manager,Read,True,Engineering,All
DOC-0119,user_001,Engineer,None,False,Engineering,Project Alpha
DOC-0119,user_002,Senior Engineer,None,False,Platform,Project Beta
DOC-0119,user_003,Architect,Read,True,Architecture,All
DOC-0119,user_004,Security Engineer,Read,True,Security,All
DOC-0119,user_005,Principal Engineer,None,False,Data Engineering,Project Gamma
DOC-0119,user_006,DevOps Engineer,Read,True,DevOps,Core Infrastructure
DOC-0119,user_007,Junior Developer,None,False,Engineering,Project Delta
DOC-0119,user_008,Engineering Manager,None,False,Engineering,All
DOC-0120,user_001,Engineer,None,False,Engineering,Project Alpha
DOC-0120,user_002,Senior Engineer,None,False,Platform,Project Beta
DOC-0120,user_003,Architect,Read,True,Architecture,All
DOC-0120,user_004,Security Engineer,Read,True,Security,All
DOC-0120,user_005,Principal Engineer,None,False,Data Engineering,Project Gamma
DOC-0120,user_006,DevOps Engineer,None,False,DevOps,Core Infrastructure
DOC-0120,user_007,Junior Developer,Read,True,Engineering,Project Delta
DOC-0120,user_008,Engineering Manager,None,False,Engineering,All
DOC-0121,user_001,Engineer,None,False,Engineering,Project Alpha
DOC-0121,user_002,Senior Engineer,None,False,Platform,Project Beta
DOC-0121,user_003,Architect,Read,True,Architecture,All
DOC-0121,user_004,Security Engineer,Read,True,Security,All
DOC-0121,user_005,Principal Engineer,Read,True,Data Engineering,Project Gamma
DOC-0121,user_006,DevOps Engineer,None,False,DevOps,Core Infrastructure
DOC-0121,user_007,Junior Developer,None,False,Engineering,Project Delta
DOC-0121,user_008,Engineering Manager,None,False,Engineering,All
DOC-0122,user_001,Engineer,None,False,Engineering,Project Alpha
DOC-0122,user_002,Senior Engineer,None,False,Platform,Project Beta
DOC-0122,user_003,Architect,Read,True,Architecture,All
DOC-0122,user_004,Security Engineer,Read,True,Security,All
DOC-0122,user_005,Principal Engineer,Read,True,Data Engineering,Project Gamma
DOC-0122,user_006,DevOps Engineer,None,False,DevOps,Core Infrastructure
DOC-0122,user_007,Junior Developer,None,False,Engineering,Project Delta
DOC-0122,user_008,Engineering Manager,None,False,Engineering,All
DOC-0123,user_001,Engineer,Read,True,Engineering,Project Alpha
DOC-0123,user_002,Senior Engineer,Read,True,Platform,Project Beta
DOC-0123,user_003,Architect,Read,True,Architecture,All
DOC-0123,user_004,Security Engineer,Read,True,Security,All
DOC-0123,user_005,Principal Engineer,Read,True,Data Engineering,Project Gamma
DOC-0123,user_006,DevOps Engineer,Read,True,DevOps,Core Infrastructure
DOC-0123,user_007,Junior Developer,Read,True,Engineering,Project Delta
DOC-0123,user_008,Engineering Manager,Read,True,Engineering,All
DOC-0124,user_001,Engineer,Read,True,Engineering,Project Alpha
DOC-0124,user_002,Senior Engineer,Read,True,Platform,Project Beta
DOC-0124,user_003,Architect,Read,True,Architecture,All
DOC-0124,user_004,Security Engineer,Read,True,Security,All
DOC-0124,user_005,Principal Engineer,Read,True,Data Engineering,Project Gamma
DOC-0124,user_006,DevOps Engineer,Read,True,DevOps,Core Infrastructure
DOC-0124,user_007,Junior Developer,Read,True,Engineering,Project Delta
DOC-0124,user_008,Engineering Manager,Read,True,Engineering,All
DOC-0125,user_001,Engineer,None,False,Engineering,Project Alpha
DOC-0125,user_002,Senior Engineer,None,False,Platform,Project Beta
DOC-0125,user_003,Architect,Read,True,Architecture,All
DOC-0125,user_004,Security Engineer,Read,True,Security,All
DOC-0125,user_005,Principal Engineer,Read,True,Data Engineering,Project Gamma
DOC-0125,user_006,DevOps Engineer,None,False,DevOps,Core Infrastructure
DOC-0125,user_007,Junior Developer,None,False,Engineering,Project Delta
DOC-0125,user_008,Engineering Manager,None,False,Engineering,All
DOC-0126,user_001,Engineer,Read,True,Engineering,Project Alpha
DOC-0126,user_002,Senior Engineer,Read,True,Platform,Project Beta
DOC-0126,user_003,Architect,Read,True,Architecture,All
DOC-0126,user_004,Security Engineer,Read,True,Security,All
DOC-0126,user_005,Principal Engineer,Read,True,Data Engineering,Project Gamma
DOC-0126,user_006,DevOps Engineer,Read,True,DevOps,Core Infrastructure
DOC-0126,user_007,Junior Developer,Read,True,Engineering,Project Delta
DOC-0126,user_008,Engineering Manager,Read,True,Engineering,All
DOC-0127,user_001,Engineer,Read,True,Engineering,Project Alpha
DOC-0127,user_002,Senior Engineer,Read,True,Platform,Project Beta
DOC-0127,user_003,Architect,Read,True,Architecture,All
DOC-0127,user_004,Security Engineer,Read,True,Security,All
DOC-0127,user_005,Principal Engineer,Read,True,Data Engineering,Project Gamma
DOC-0127,user_006,DevOps Engineer,Read,True,DevOps,Core Infrastructure
DOC-0127,user_007,Junior Developer,Read,True,Engineering,Project Delta
DOC-0127,user_008,Engineering Manager,Read,True,Engineering,All
DOC-0128,user_001,Engineer,Read,True,Engineering,Project Alpha
DOC-0128,user_002,Senior Engineer,Read,True,Platform,Project Beta
DOC-0128,user_003,Architect,Read,True,Architecture,All
DOC-0128,user_004,Security Engineer,Read,True,Security,All
DOC-0128,user_005,Principal Engineer,Read,True,Data Engineering,Project Gamma
DOC-0128,user_006,DevOps Engineer,Read,True,DevOps,Core Infrastructure
DOC-0128,user_007,Junior Developer,Read,True,Engineering,Project Delta
DOC-0128,user_008,Engineering Manager,Read,True,Engineering,All
DOC-0129,user_001,Engineer,Read,True,Engineering,Project Alpha
DOC-0129,user_002,Senior Engineer,Read,True,Platform,Project Beta
DOC-0129,user_003,Architect,Read,True,Architecture,All
DOC-0129,user_004,Security Engineer,Read,True,Security,All
DOC-0129,user_005,Principal Engineer,Read,True,Data Engineering,Project Gamma
DOC-0129,user_006,DevOps Engineer,Read,True,DevOps,Core Infrastructure
DOC-0129,user_007,Junior Developer,Read,True,Engineering,Project Delta
DOC-0129,user_008,Engineering Manager,Read,True,Engineering,All
DOC-0130,user_001,Engineer,Read,True,Engineering,Project Alpha
DOC-0130,user_002,Senior Engineer,Read,True,Platform,Project Beta
DOC-0130,user_003,Architect,Read,True,Architecture,All
DOC-0130,user_004,Security Engineer,Read,True,Security,All
DOC-0130,user_005,Principal Engineer,Read,True,Data Engineering,Project Gamma
DOC-0130,user_006,DevOps Engineer,Read,True,DevOps,Core Infrastructure
DOC-0130,user_007,Junior Developer,Read,True,Engineering,Project Delta
DOC-0130,user_008,Engineering Manager,Read,True,Engineering,All
DOC-0131,user_001,Engineer,Read,True,Engineering,Project Alpha
DOC-0131,user_002,Senior Engineer,Read,True,Platform,Project Beta
DOC-0131,user_003,Architect,Read,True,Architecture,All
DOC-0131,user_004,Security Engineer,Read,True,Security,All
DOC-0131,user_005,Principal Engineer,Read,True,Data Engineering,Project Gamma
DOC-0131,user_006,DevOps Engineer,Read,True,DevOps,Core Infrastructure
DOC-0131,user_007,Junior Developer,Read,True,Engineering,Project Delta
DOC-0131,user_008,Engineering Manager,Read,True,Engineering,All
DOC-0132,user_001,Engineer,Read,True,Engineering,Project Alpha
DOC-0132,user_002,Senior Engineer,Read,True,Platform,Project Beta
DOC-0132,user_003,Architect,Read,True,Architecture,All
DOC-0132,user_004,Security Engineer,Read,True,Security,All
DOC-0132,user_005,Principal Engineer,Read,True,Data Engineering,Project Gamma
DOC-0132,user_006,DevOps Engineer,Read,True,DevOps,Core Infrastructure
DOC-0132,user_007,Junior Developer,Read,True,Engineering,Project Delta
DOC-0132,user_008,Engineering Manager,Read,True,Engineering,All
DOC-0133,user_001,Engineer,None,False,Engineering,Project Alpha
DOC-0133,user_002,Senior Engineer,None,False,Platform,Project Beta
DOC-0133,user_003,Architect,Read,True,Architecture,All
DOC-0133,user_004,Security Engineer,Read,True,Security,All
DOC-0133,user_005,Principal Engineer,None,False,Data Engineering,Project Gamma
DOC-0133,user_006,DevOps Engineer,Read,True,DevOps,Core Infrastructure
DOC-0133,user_007,Junior Developer,None,False,Engineering,Project Delta
DOC-0133,user_008,Engineering Manager,None,False,Engineering,All
DOC-0134,user_001,Engineer,None,False,Engineering,Project Alpha
DOC-0134,user_002,Senior Engineer,Read,True,Platform,Project Beta
DOC-0134,user_003,Architect,Read,True,Architecture,All
DOC-0134,user_004,Security Engineer,Read,True,Security,All
DOC-0134,user_005,Principal Engineer,None,False,Data Engineering,Project Gamma
DOC-0134,user_006,DevOps Engineer,None,False,DevOps,Core Infrastructure
DOC-0134,user_007,Junior Developer,None,False,Engineering,Project Delta
DOC-0134,user_008,Engineering Manager,None,False,Engineering,All
DOC-0135,user_001,Engineer,None,False,Engineering,Project Alpha
DOC-0135,user_002,Senior Engineer,None,False,Platform,Project Beta
DOC-0135,user_003,Architect,Read,True,Architecture,All
DOC-0135,user_004,Security Engineer,Read,True,Security,All
DOC-0135,user_005,Principal Engineer,Read,True,Data Engineering,Project Gamma
DOC-0135,user_006,DevOps Engineer,None,False,DevOps,Core Infrastructure
DOC-0135,user_007,Junior Developer,None,False,Engineering,Project Delta
DOC-0135,user_008,Engineering Manager,None,False,Engineering,All
DOC-0136,user_001,Engineer,Read,True,Engineering,Project Alpha
DOC-0136,user_002,Senior Engineer,None,False,Platform,Project Beta
DOC-0136,user_003,Architect,Read,True,Architecture,All
DOC-0136,user_004,Security Engineer,Read,True,Security,All
DOC-0136,user_005,Principal Engineer,None,False,Data Engineering,Project Gamma
DOC-0136,user_006,DevOps Engineer,None,False,DevOps,Core Infrastructure
DOC-0136,user_007,Junior Developer,None,False,Engineering,Project Delta
DOC-0136,user_008,Engineering Manager,None,False,Engineering,All
DOC-0137,user_001,Engineer,None,False,Engineering,Project Alpha
DOC-0137,user_002,Senior Engineer,None,False,Platform,Project Beta
DOC-0137,user_003,Architect,Read,True,Architecture,All
DOC-0137,user_004,Security Engineer,Read,True,Security,All
DOC-0137,user_005,Principal Engineer,None,False,Data Engineering,Project Gamma
DOC-0137,user_006,DevOps Engineer,None,False,DevOps,Core Infrastructure
DOC-0137,user_007,Junior Developer,Read,True,Engineering,Project Delta
DOC-0137,user_008,Engineering Manager,None,False,Engineering,All
DOC-0138,user_001,Engineer,Read,True,Engineering,Project Alpha
DOC-0138,user_002,Senior Engineer,Read,True,Platform,Project Beta
DOC-0138,user_003,Architect,Read,True,Architecture,All
DOC-0138,user_004,Security Engineer,Read,True,Security,All
DOC-0138,user_005,Principal Engineer,Read,True,Data Engineering,Project Gamma
DOC-0138,user_006,DevOps Engineer,Read,True,DevOps,Core Infrastructure
DOC-0138,user_007,Junior Developer,Read,True,Engineering,Project Delta
DOC-0138,user_008,Engineering Manager,Read,True,Engineering,All
DOC-0139,user_001,Engineer,Read,True,Engineering,Project Alpha
DOC-0139,user_002,Senior Engineer,None,False,Platform,Project Beta
DOC-0139,user_003,Architect,Read,True,Architecture,All
DOC-0139,user_004,Security Engineer,Read,True,Security,All
DOC-0139,user_005,Principal Engineer,None,False,Data Engineering,Project Gamma
DOC-0139,user_006,DevOps Engineer,None,False,DevOps,Core Infrastructure
DOC-0139,user_007,Junior Developer,None,False,Engineering,Project Delta
DOC-0139,user_008,Engineering Manager,None,False,Engineering,All
DOC-0140,user_001,Engineer,None,False,Engineering,Project Alpha
DOC-0140,user_002,Senior Engineer,None,False,Platform,Project Beta
DOC-0140,user_003,Architect,Read,True,Architecture,All
DOC-0140,user_004,Security Engineer,Read,True,Security,All
DOC-0140,user_005,Principal Engineer,None,False,Data Engineering,Project Gamma
DOC-0140,user_006,DevOps Engineer,None,False,DevOps,Core Infrastructure
DOC-0140,user_007,Junior Developer,None,False,Engineering,Project Delta
DOC-0140,user_008,Engineering Manager,None,False,Engineering,All
DOC-0141,user_001,Engineer,None,False,Engineering,Project Alpha
DOC-0141,user_002,Senior Engineer,None,False,Platform,Project Beta
DOC-0141,user_003,Architect,Read,True,Architecture,All
DOC-0141,user_004,Security Engineer,Read,True,Security,All
DOC-0141,user_005,Principal Engineer,Read,True,Data Engineering,Project Gamma
DOC-0141,user_006,DevOps Engineer,None,False,DevOps,Core Infrastructure
DOC-0141,user_007,Junior Developer,None,False,Engineering,Project Delta
DOC-0141,user_008,Engineering Manager,None,False,Engineering,All
DOC-0142,user_001,Engineer,None,False,Engineering,Project Alpha
DOC-0142,user_002,Senior Engineer,None,False,Platform,Project Beta
DOC-0142,user_003,Architect,Read,True,Architecture,All
DOC-0142,user_004,Security Engineer,Read,True,Security,All
DOC-0142,user_005,Principal Engineer,None,False,Data Engineering,Project Gamma
DOC-0142,user_006,DevOps Engineer,None,False,DevOps,Core Infrastructure
DOC-0142,user_007,Junior Developer,None,False,Engineering,Project Delta
DOC-0142,user_008,Engineering Manager,None,False,Engineering,All
DOC-0143,user_001,Engineer,None,False,Engineering,Project Alpha
DOC-0143,user_002,Senior Engineer,None,False,Platform,Project Beta
DOC-0143,user_003,Architect,Read,True,Architecture,All
DOC-0143,user_004,Security Engineer,Read,True,Security,All
DOC-0143,user_005,Principal Engineer,None,False,Data Engineering,Project Gamma
DOC-0143,user_006,DevOps Engineer,Read,True,DevOps,Core Infrastructure
DOC-0143,user_007,Junior Developer,None,False,Engineering,Project Delta
DOC-0143,user_008,Engineering Manager,None,False,Engineering,All
DOC-0144,user_001,Engineer,Read,True,Engineering,Project Alpha
DOC-0144,user_002,Senior Engineer,Read,True,Platform,Project Beta
DOC-0144,user_003,Architect,Read,True,Architecture,All
DOC-0144,user_004,Security Engineer,Read,True,Security,All
DOC-0144,user_005,Principal Engineer,Read,True,Data Engineering,Project Gamma
DOC-0144,user_006,DevOps Engineer,Read,True,DevOps,Core Infrastructure
DOC-0144,user_007,Junior Developer,Read,True,Engineering,Project Delta
DOC-0144,user_008,Engineering Manager,Read,True,Engineering,All
DOC-0145,user_001,Engineer,Read,True,Engineering,Project Alpha
DOC-0145,user_002,Senior Engineer,Read,True,Platform,Project Beta
DOC-0145,user_003,Architect,Read,True,Architecture,All
DOC-0145,user_004,Security Engineer,Read,True,Security,All
DOC-0145,user_005,Principal Engineer,Read,True,Data Engineering,Project Gamma
DOC-0145,user_006,DevOps Engineer,Read,True,DevOps,Core Infrastructure
DOC-0145,user_007,Junior Developer,Read,True,Engineering,Project Delta
DOC-0145,user_008,Engineering Manager,Read,True,Engineering,All
DOC-0146,user_001,Engineer,Read,True,Engineering,Project Alpha
DOC-0146,user_002,Senior Engineer,Read,True,Platform,Project Beta
DOC-0146,user_003,Architect,Read,True,Architecture,All
DOC-0146,user_004,Security Engineer,Read,True,Security,All
DOC-0146,user_005,Principal Engineer,Read,True,Data Engineering,Project Gamma
DOC-0146,user_006,DevOps Engineer,Read,True,DevOps,Core Infrastructure
DOC-0146,user_007,Junior Developer,Read,True,Engineering,Project Delta
DOC-0146,user_008,Engineering Manager,Read,True,Engineering,All
DOC-0147,user_001,Engineer,Read,True,Engineering,Project Alpha
DOC-0147,user_002,Senior Engineer,Read,True,Platform,Project Beta
DOC-0147,user_003,Architect,Read,True,Architecture,All
DOC-0147,user_004,Security Engineer,Read,True,Security,All
DOC-0147,user_005,Principal Engineer,Read,True,Data Engineering,Project Gamma
DOC-0147,user_006,DevOps Engineer,Read,True,DevOps,Core Infrastructure
DOC-0147,user_007,Junior Developer,Read,True,Engineering,Project Delta
DOC-0147,user_008,Engineering Manager,Read,True,Engineering,All
DOC-0148,user_001,Engineer,Read,True,Engineering,Project Alpha
DOC-0148,user_002,Senior Engineer,Read,True,Platform,Project Beta
DOC-0148,user_003,Architect,Read,True,Architecture,All
DOC-0148,user_004,Security Engineer,Read,True,Security,All
DOC-0148,user_005,Principal Engineer,Read,True,Data Engineering,Project Gamma
DOC-0148,user_006,DevOps Engineer,Read,True,DevOps,Core Infrastructure
DOC-0148,user_007,Junior Developer,Read,True,Engineering,Project Delta
DOC-0148,user_008,Engineering Manager,Read,True,Engineering,All
DOC-0149,user_001,Engineer,Read,True,Engineering,Project Alpha
DOC-0149,user_002,Senior Engineer,None,False,Platform,Project Beta
DOC-0149,user_003,Architect,Read,True,Architecture,All
DOC-0149,user_004,Security Engineer,Read,True,Security,All
DOC-0149,user_005,Principal Engineer,None,False,Data Engineering,Project Gamma
DOC-0149,user_006,DevOps Engineer,None,False,DevOps,Core Infrastructure
DOC-0149,user_007,Junior Developer,None,False,Engineering,Project Delta
DOC-0149,user_008,Engineering Manager,None,False,Engineering,All
DOC-0150,user_001,Engineer,None,False,Engineering,Project Alpha
DOC-0150,user_002,Senior Engineer,None,False,Platform,Project Beta
DOC-0150,user_003,Architect,Read,True,Architecture,All
DOC-0150,user_004,Security Engineer,Read,True,Security,All
DOC-0150,user_005,Principal Engineer,None,False,Data Engineering,Project Gamma
DOC-0150,user_006,DevOps Engineer,None,False,DevOps,Core Infrastructure
DOC-0150,user_007,Junior Developer,None,False,Engineering,Project Delta
DOC-0150,user_008,Engineering Manager,None,False,Engineering,All
DOC-0151,user_001,Engineer,Read,True,Engineering,Project Alpha
DOC-0151,user_002,Senior Engineer,Read,True,Platform,Project Beta
DOC-0151,user_003,Architect,Read,True,Architecture,All
DOC-0151,user_004,Security Engineer,Read,True,Security,All
DOC-0151,user_005,Principal Engineer,Read,True,Data Engineering,Project Gamma
DOC-0151,user_006,DevOps Engineer,Read,True,DevOps,Core Infrastructure
DOC-0151,user_007,Junior Developer,Read,True,Engineering,Project Delta
DOC-0151,user_008,Engineering Manager,Read,True,Engineering,All
DOC-0152,user_001,Engineer,Read,True,Engineering,Project Alpha
DOC-0152,user_002,Senior Engineer,None,False,Platform,Project Beta
DOC-0152,user_003,Architect,Read,True,Architecture,All
DOC-0152,user_004,Security Engineer,Read,True,Security,All
DOC-0152,user_005,Principal Engineer,None,False,Data Engineering,Project Gamma
DOC-0152,user_006,DevOps Engineer,None,False,DevOps,Core Infrastructure
DOC-0152,user_007,Junior Developer,None,False,Engineering,Project Delta
DOC-0152,user_008,Engineering Manager,None,False,Engineering,All
DOC-0153,user_001,Engineer,None,False,Engineering,Project Alpha
DOC-0153,user_002,Senior Engineer,None,False,Platform,Project Beta
DOC-0153,user_003,Architect,Read,True,Architecture,All
DOC-0153,user_004,Security Engineer,Read,True,Security,All
DOC-0153,user_005,Principal Engineer,None,False,Data Engineering,Project Gamma
DOC-0153,user_006,DevOps Engineer,Read,True,DevOps,Core Infrastructure
DOC-0153,user_007,Junior Developer,None,False,Engineering,Project Delta
DOC-0153,user_008,Engineering Manager,None,False,Engineering,All
DOC-0154,user_001,Engineer,Read,True,Engineering,Project Alpha
DOC-0154,user_002,Senior Engineer,Read,True,Platform,Project Beta
DOC-0154,user_003,Architect,Read,True,Architecture,All
DOC-0154,user_004,Security Engineer,Read,True,Security,All
DOC-0154,user_005,Principal Engineer,Read,True,Data Engineering,Project Gamma
DOC-0154,user_006,DevOps Engineer,Read,True,DevOps,Core Infrastructure
DOC-0154,user_007,Junior Developer,Read,True,Engineering,Project Delta
DOC-0154,user_008,Engineering Manager,Read,True,Engineering,All
DOC-0155,user_001,Engineer,Read,True,Engineering,Project Alpha
DOC-0155,user_002,Senior Engineer,None,False,Platform,Project Beta
DOC-0155,user_003,Architect,Read,True,Architecture,All
DOC-0155,user_004,Security Engineer,Read,True,Security,All
DOC-0155,user_005,Principal Engineer,None,False,Data Engineering,Project Gamma
DOC-0155,user_006,DevOps Engineer,None,False,DevOps,Core Infrastructure
DOC-0155,user_007,Junior Developer,None,False,Engineering,Project Delta
DOC-0155,user_008,Engineering Manager,None,False,Engineering,All
DOC-0156,user_001,Engineer,Read,True,Engineering,Project Alpha
DOC-0156,user_002,Senior Engineer,Read,True,Platform,Project Beta
DOC-0156,user_003,Architect,Read,True,Architecture,All
DOC-0156,user_004,Security Engineer,Read,True,Security,All
DOC-0156,user_005,Principal Engineer,Read,True,Data Engineering,Project Gamma
DOC-0156,user_006,DevOps Engineer,Read,True,DevOps,Core Infrastructure
DOC-0156,user_007,Junior Developer,Read,True,Engineering,Project Delta
DOC-0156,user_008,Engineering Manager,Read,True,Engineering,All
DOC-0157,user_001,Engineer,Read,True,Engineering,Project Alpha
DOC-0157,user_002,Senior Engineer,Read,True,Platform,Project Beta
DOC-0157,user_003,Architect,Read,True,Architecture,All
DOC-0157,user_004,Security Engineer,Read,True,Security,All
DOC-0157,user_005,Principal Engineer,Read,True,Data Engineering,Project Gamma
DOC-0157,user_006,DevOps Engineer,Read,True,DevOps,Core Infrastructure
DOC-0157,user_007,Junior Developer,Read,True,Engineering,Project Delta
DOC-0157,user_008,Engineering Manager,Read,True,Engineering,All
DOC-0158,user_001,Engineer,None,False,Engineering,Project Alpha
DOC-0158,user_002,Senior Engineer,None,False,Platform,Project Beta
DOC-0158,user_003,Architect,Read,True,Architecture,All
DOC-0158,user_004,Security Engineer,Read,True,Security,All
DOC-0158,user_005,Principal Engineer,None,False,Data Engineering,Project Gamma
DOC-0158,user_006,DevOps Engineer,None,False,DevOps,Core Infrastructure
DOC-0158,user_007,Junior Developer,Read,True,Engineering,Project Delta
DOC-0158,user_008,Engineering Manager,None,False,Engineering,All
DOC-0159,user_001,Engineer,Read,True,Engineering,Project Alpha
DOC-0159,user_002,Senior Engineer,Read,True,Platform,Project Beta
DOC-0159,user_003,Architect,Read,True,Architecture,All
DOC-0159,user_004,Security Engineer,Read,True,Security,All
DOC-0159,user_005,Principal Engineer,Read,True,Data Engineering,Project Gamma
DOC-0159,user_006,DevOps Engineer,Read,True,DevOps,Core Infrastructure
DOC-0159,user_007,Junior Developer,Read,True,Engineering,Project Delta
DOC-0159,user_008,Engineering Manager,Read,True,Engineering,All
DOC-0160,user_001,Engineer,Read,True,Engineering,Project Alpha
DOC-0160,user_002,Senior Engineer,Read,True,Platform,Project Beta
DOC-0160,user_003,Architect,Read,True,Architecture,All
DOC-0160,user_004,Security Engineer,Read,True,Security,All
DOC-0160,user_005,Principal Engineer,Read,True,Data Engineering,Project Gamma
DOC-0160,user_006,DevOps Engineer,Read,True,DevOps,Core Infrastructure
DOC-0160,user_007,Junior Developer,Read,True,Engineering,Project Delta
DOC-0160,user_008,Engineering Manager,Read,True,Engineering,All
DOC-0161,user_001,Engineer,Read,True,Engineering,Project Alpha
DOC-0161,user_002,Senior Engineer,Read,True,Platform,Project Beta
DOC-0161,user_003,Architect,Read,True,Architecture,All
DOC-0161,user_004,Security Engineer,Read,True,Security,All
DOC-0161,user_005,Principal Engineer,Read,True,Data Engineering,Project Gamma
DOC-0161,user_006,DevOps Engineer,Read,True,DevOps,Core Infrastructure
DOC-0161,user_007,Junior Developer,Read,True,Engineering,Project Delta
DOC-0161,user_008,Engineering Manager,Read,True,Engineering,All
DOC-0162,user_001,Engineer,Read,True,Engineering,Project Alpha
DOC-0162,user_002,Senior Engineer,Read,True,Platform,Project Beta
DOC-0162,user_003,Architect,Read,True,Architecture,All
DOC-0162,user_004,Security Engineer,Read,True,Security,All
DOC-0162,user_005,Principal Engineer,Read,True,Data Engineering,Project Gamma
DOC-0162,user_006,DevOps Engineer,Read,True,DevOps,Core Infrastructure
DOC-0162,user_007,Junior Developer,Read,True,Engineering,Project Delta
DOC-0162,user_008,Engineering Manager,Read,True,Engineering,All
DOC-0163,user_001,Engineer,None,False,Engineering,Project Alpha
DOC-0163,user_002,Senior Engineer,None,False,Platform,Project Beta
DOC-0163,user_003,Architect,Read,True,Architecture,All
DOC-0163,user_004,Security Engineer,Read,True,Security,All
DOC-0163,user_005,Principal Engineer,None,False,Data Engineering,Project Gamma
DOC-0163,user_006,DevOps Engineer,None,False,DevOps,Core Infrastructure
DOC-0163,user_007,Junior Developer,None,False,Engineering,Project Delta
DOC-0163,user_008,Engineering Manager,None,False,Engineering,All
DOC-0164,user_001,Engineer,Read,True,Engineering,Project Alpha
DOC-0164,user_002,Senior Engineer,Read,True,Platform,Project Beta
DOC-0164,user_003,Architect,Read,True,Architecture,All
DOC-0164,user_004,Security Engineer,Read,True,Security,All
DOC-0164,user_005,Principal Engineer,Read,True,Data Engineering,Project Gamma
DOC-0164,user_006,DevOps Engineer,Read,True,DevOps,Core Infrastructure
DOC-0164,user_007,Junior Developer,Read,True,Engineering,Project Delta
DOC-0164,user_008,Engineering Manager,Read,True,Engineering,All
DOC-0165,user_001,Engineer,Read,True,Engineering,Project Alpha
DOC-0165,user_002,Senior Engineer,Read,True,Platform,Project Beta
DOC-0165,user_003,Architect,Read,True,Architecture,All
DOC-0165,user_004,Security Engineer,Read,True,Security,All
DOC-0165,user_005,Principal Engineer,Read,True,Data Engineering,Project Gamma
DOC-0165,user_006,DevOps Engineer,Read,True,DevOps,Core Infrastructure
DOC-0165,user_007,Junior Developer,Read,True,Engineering,Project Delta
DOC-0165,user_008,Engineering Manager,Read,True,Engineering,All
DOC-0166,user_001,Engineer,Read,True,Engineering,Project Alpha
DOC-0166,user_002,Senior Engineer,Read,True,Platform,Project Beta
DOC-0166,user_003,Architect,Read,True,Architecture,All
DOC-0166,user_004,Security Engineer,Read,True,Security,All
DOC-0166,user_005,Principal Engineer,Read,True,Data Engineering,Project Gamma
DOC-0166,user_006,DevOps Engineer,Read,True,DevOps,Core Infrastructure
DOC-0166,user_007,Junior Developer,Read,True,Engineering,Project Delta
DOC-0166,user_008,Engineering Manager,Read,True,Engineering,All
DOC-0167,user_001,Engineer,Read,True,Engineering,Project Alpha
DOC-0167,user_002,Senior Engineer,Read,True,Platform,Project Beta
DOC-0167,user_003,Architect,Read,True,Architecture,All
DOC-0167,user_004,Security Engineer,Read,True,Security,All
DOC-0167,user_005,Principal Engineer,Read,True,Data Engineering,Project Gamma
DOC-0167,user_006,DevOps Engineer,Read,True,DevOps,Core Infrastructure
DOC-0167,user_007,Junior Developer,Read,True,Engineering,Project Delta
DOC-0167,user_008,Engineering Manager,Read,True,Engineering,All
DOC-0168,user_001,Engineer,Read,True,Engineering,Project Alpha
DOC-0168,user_002,Senior Engineer,Read,True,Platform,Project Beta
DOC-0168,user_003,Architect,Read,True,Architecture,All
DOC-0168,user_004,Security Engineer,Read,True,Security,All
DOC-0168,user_005,Principal Engineer,Read,True,Data Engineering,Project Gamma
DOC-0168,user_006,DevOps Engineer,Read,True,DevOps,Core Infrastructure
DOC-0168,user_007,Junior Developer,Read,True,Engineering,Project Delta
DOC-0168,user_008,Engineering Manager,Read,True,Engineering,All
DOC-0169,user_001,Engineer,None,False,Engineering,Project Alpha
DOC-0169,user_002,Senior Engineer,Read,True,Platform,Project Beta
DOC-0169,user_003,Architect,Read,True,Architecture,All
DOC-0169,user_004,Security Engineer,Read,True,Security,All
DOC-0169,user_005,Principal Engineer,None,False,Data Engineering,Project Gamma
DOC-0169,user_006,DevOps Engineer,None,False,DevOps,Core Infrastructure
DOC-0169,user_007,Junior Developer,None,False,Engineering,Project Delta
DOC-0169,user_008,Engineering Manager,None,False,Engineering,All
DOC-0170,user_001,Engineer,Read,True,Engineering,Project Alpha
DOC-0170,user_002,Senior Engineer,Read,True,Platform,Project Beta
DOC-0170,user_003,Architect,Read,True,Architecture,All
DOC-0170,user_004,Security Engineer,Read,True,Security,All
DOC-0170,user_005,Principal Engineer,Read,True,Data Engineering,Project Gamma
DOC-0170,user_006,DevOps Engineer,Read,True,DevOps,Core Infrastructure
DOC-0170,user_007,Junior Developer,Read,True,Engineering,Project Delta
DOC-0170,user_008,Engineering Manager,Read,True,Engineering,All
DOC-0171,user_001,Engineer,Read,True,Engineering,Project Alpha
DOC-0171,user_002,Senior Engineer,Read,True,Platform,Project Beta
DOC-0171,user_003,Architect,Read,True,Architecture,All
DOC-0171,user_004,Security Engineer,Read,True,Security,All
DOC-0171,user_005,Principal Engineer,Read,True,Data Engineering,Project Gamma
DOC-0171,user_006,DevOps Engineer,Read,True,DevOps,Core Infrastructure
DOC-0171,user_007,Junior Developer,Read,True,Engineering,Project Delta
DOC-0171,user_008,Engineering Manager,Read,True,Engineering,All
DOC-0172,user_001,Engineer,None,False,Engineering,Project Alpha
DOC-0172,user_002,Senior Engineer,None,False,Platform,Project Beta
DOC-0172,user_003,Architect,Read,True,Architecture,All
DOC-0172,user_004,Security Engineer,Read,True,Security,All
DOC-0172,user_005,Principal Engineer,None,False,Data Engineering,Project Gamma
DOC-0172,user_006,DevOps Engineer,None,False,DevOps,Core Infrastructure
DOC-0172,user_007,Junior Developer,None,False,Engineering,Project Delta
DOC-0172,user_008,Engineering Manager,None,False,Engineering,All
DOC-0173,user_001,Engineer,Read,True,Engineering,Project Alpha
DOC-0173,user_002,Senior Engineer,Read,True,Platform,Project Beta
DOC-0173,user_003,Architect,Read,True,Architecture,All
DOC-0173,user_004,Security Engineer,Read,True,Security,All
DOC-0173,user_005,Principal Engineer,Read,True,Data Engineering,Project Gamma
DOC-0173,user_006,DevOps Engineer,Read,True,DevOps,Core Infrastructure
DOC-0173,user_007,Junior Developer,Read,True,Engineering,Project Delta
DOC-0173,user_008,Engineering Manager,Read,True,Engineering,All
DOC-0174,user_001,Engineer,Read,True,Engineering,Project Alpha
DOC-0174,user_002,Senior Engineer,Read,True,Platform,Project Beta
DOC-0174,user_003,Architect,Read,True,Architecture,All
DOC-0174,user_004,Security Engineer,Read,True,Security,All
DOC-0174,user_005,Principal Engineer,Read,True,Data Engineering,Project Gamma
DOC-0174,user_006,DevOps Engineer,Read,True,DevOps,Core Infrastructure
DOC-0174,user_007,Junior Developer,Read,True,Engineering,Project Delta
DOC-0174,user_008,Engineering Manager,Read,True,Engineering,All
DOC-0175,user_001,Engineer,Read,True,Engineering,Project Alpha
DOC-0175,user_002,Senior Engineer,Read,True,Platform,Project Beta
DOC-0175,user_003,Architect,Read,True,Architecture,All
DOC-0175,user_004,Security Engineer,Read,True,Security,All
DOC-0175,user_005,Principal Engineer,Read,True,Data Engineering,Project Gamma
DOC-0175,user_006,DevOps Engineer,Read,True,DevOps,Core Infrastructure
DOC-0175,user_007,Junior Developer,Read,True,Engineering,Project Delta
DOC-0175,user_008,Engineering Manager,Read,True,Engineering,All
DOC-0176,user_001,Engineer,Read,True,Engineering,Project Alpha
DOC-0176,user_002,Senior Engineer,Read,True,Platform,Project Beta
DOC-0176,user_003,Architect,Read,True,Architecture,All
DOC-0176,user_004,Security Engineer,Read,True,Security,All
DOC-0176,user_005,Principal Engineer,Read,True,Data Engineering,Project Gamma
DOC-0176,user_006,DevOps Engineer,Read,True,DevOps,Core Infrastructure
DOC-0176,user_007,Junior Developer,Read,True,Engineering,Project Delta
DOC-0176,user_008,Engineering Manager,Read,True,Engineering,All
DOC-0177,user_001,Engineer,Read,True,Engineering,Project Alpha
DOC-0177,user_002,Senior Engineer,Read,True,Platform,Project Beta
DOC-0177,user_003,Architect,Read,True,Architecture,All
DOC-0177,user_004,Security Engineer,Read,True,Security,All
DOC-0177,user_005,Principal Engineer,Read,True,Data Engineering,Project Gamma
DOC-0177,user_006,DevOps Engineer,Read,True,DevOps,Core Infrastructure
DOC-0177,user_007,Junior Developer,Read,True,Engineering,Project Delta
DOC-0177,user_008,Engineering Manager,Read,True,Engineering,All
DOC-0178,user_001,Engineer,Read,True,Engineering,Project Alpha
DOC-0178,user_002,Senior Engineer,None,False,Platform,Project Beta
DOC-0178,user_003,Architect,Read,True,Architecture,All
DOC-0178,user_004,Security Engineer,Read,True,Security,All
DOC-0178,user_005,Principal Engineer,None,False,Data Engineering,Project Gamma
DOC-0178,user_006,DevOps Engineer,None,False,DevOps,Core Infrastructure
DOC-0178,user_007,Junior Developer,None,False,Engineering,Project Delta
DOC-0178,user_008,Engineering Manager,None,False,Engineering,All
DOC-0179,user_001,Engineer,Read,True,Engineering,Project Alpha
DOC-0179,user_002,Senior Engineer,Read,True,Platform,Project Beta
DOC-0179,user_003,Architect,Read,True,Architecture,All
DOC-0179,user_004,Security Engineer,Read,True,Security,All
DOC-0179,user_005,Principal Engineer,Read,True,Data Engineering,Project Gamma
DOC-0179,user_006,DevOps Engineer,Read,True,DevOps,Core Infrastructure
DOC-0179,user_007,Junior Developer,Read,True,Engineering,Project Delta
DOC-0179,user_008,Engineering Manager,Read,True,Engineering,All
DOC-0180,user_001,Engineer,Read,True,Engineering,Project Alpha
DOC-0180,user_002,Senior Engineer,Read,True,Platform,Project Beta
DOC-0180,user_003,Architect,Read,True,Architecture,All
DOC-0180,user_004,Security Engineer,Read,True,Security,All
DOC-0180,user_005,Principal Engineer,Read,True,Data Engineering,Project Gamma
DOC-0180,user_006,DevOps Engineer,Read,True,DevOps,Core Infrastructure
DOC-0180,user_007,Junior Developer,Read,True,Engineering,Project Delta
DOC-0180,user_008,Engineering Manager,Read,True,Engineering,All
DOC-0181,user_001,Engineer,Read,True,Engineering,Project Alpha
DOC-0181,user_002,Senior Engineer,Read,True,Platform,Project Beta
DOC-0181,user_003,Architect,Read,True,Architecture,All
DOC-0181,user_004,Security Engineer,Read,True,Security,All
DOC-0181,user_005,Principal Engineer,Read,True,Data Engineering,Project Gamma
DOC-0181,user_006,DevOps Engineer,Read,True,DevOps,Core Infrastructure
DOC-0181,user_007,Junior Developer,Read,True,Engineering,Project Delta
DOC-0181,user_008,Engineering Manager,Read,True,Engineering,All
DOC-0182,user_001,Engineer,Read,True,Engineering,Project Alpha
DOC-0182,user_002,Senior Engineer,Read,True,Platform,Project Beta
DOC-0182,user_003,Architect,Read,True,Architecture,All
DOC-0182,user_004,Security Engineer,Read,True,Security,All
DOC-0182,user_005,Principal Engineer,Read,True,Data Engineering,Project Gamma
DOC-0182,user_006,DevOps Engineer,Read,True,DevOps,Core Infrastructure
DOC-0182,user_007,Junior Developer,Read,True,Engineering,Project Delta
DOC-0182,user_008,Engineering Manager,Read,True,Engineering,All
DOC-0183,user_001,Engineer,Read,True,Engineering,Project Alpha
DOC-0183,user_002,Senior Engineer,Read,True,Platform,Project Beta
DOC-0183,user_003,Architect,Read,True,Architecture,All
DOC-0183,user_004,Security Engineer,Read,True,Security,All
DOC-0183,user_005,Principal Engineer,Read,True,Data Engineering,Project Gamma
DOC-0183,user_006,DevOps Engineer,Read,True,DevOps,Core Infrastructure
DOC-0183,user_007,Junior Developer,Read,True,Engineering,Project Delta
DOC-0183,user_008,Engineering Manager,Read,True,Engineering,All
DOC-0184,user_001,Engineer,Read,True,Engineering,Project Alpha
DOC-0184,user_002,Senior Engineer,Read,True,Platform,Project Beta
DOC-0184,user_003,Architect,Read,True,Architecture,All
DOC-0184,user_004,Security Engineer,Read,True,Security,All
DOC-0184,user_005,Principal Engineer,Read,True,Data Engineering,Project Gamma
DOC-0184,user_006,DevOps Engineer,Read,True,DevOps,Core Infrastructure
DOC-0184,user_007,Junior Developer,Read,True,Engineering,Project Delta
DOC-0184,user_008,Engineering Manager,Read,True,Engineering,All
DOC-0185,user_001,Engineer,Read,True,Engineering,Project Alpha
DOC-0185,user_002,Senior Engineer,Read,True,Platform,Project Beta
DOC-0185,user_003,Architect,Read,True,Architecture,All
DOC-0185,user_004,Security Engineer,Read,True,Security,All
DOC-0185,user_005,Principal Engineer,Read,True,Data Engineering,Project Gamma
DOC-0185,user_006,DevOps Engineer,Read,True,DevOps,Core Infrastructure
DOC-0185,user_007,Junior Developer,Read,True,Engineering,Project Delta
DOC-0185,user_008,Engineering Manager,Read,True,Engineering,All
DOC-0186,user_001,Engineer,None,False,Engineering,Project Alpha
DOC-0186,user_002,Senior Engineer,None,False,Platform,Project Beta
DOC-0186,user_003,Architect,Read,True,Architecture,All
DOC-0186,user_004,Security Engineer,Read,True,Security,All
DOC-0186,user_005,Principal Engineer,None,False,Data Engineering,Project Gamma
DOC-0186,user_006,DevOps Engineer,Read,True,DevOps,Core Infrastructure
DOC-0186,user_007,Junior Developer,None,False,Engineering,Project Delta
DOC-0186,user_008,Engineering Manager,None,False,Engineering,All
DOC-0187,user_001,Engineer,Read,True,Engineering,Project Alpha
DOC-0187,user_002,Senior Engineer,Read,True,Platform,Project Beta
DOC-0187,user_003,Architect,Read,True,Architecture,All
DOC-0187,user_004,Security Engineer,Read,True,Security,All
DOC-0187,user_005,Principal Engineer,Read,True,Data Engineering,Project Gamma
DOC-0187,user_006,DevOps Engineer,Read,True,DevOps,Core Infrastructure
DOC-0187,user_007,Junior Developer,Read,True,Engineering,Project Delta
DOC-0187,user_008,Engineering Manager,Read,True,Engineering,All
DOC-0188,user_001,Engineer,Read,True,Engineering,Project Alpha
DOC-0188,user_002,Senior Engineer,Read,True,Platform,Project Beta
DOC-0188,user_003,Architect,Read,True,Architecture,All
DOC-0188,user_004,Security Engineer,Read,True,Security,All
DOC-0188,user_005,Principal Engineer,Read,True,Data Engineering,Project Gamma
DOC-0188,user_006,DevOps Engineer,Read,True,DevOps,Core Infrastructure
DOC-0188,user_007,Junior Developer,Read,True,Engineering,Project Delta
DOC-0188,user_008,Engineering Manager,Read,True,Engineering,All
DOC-0189,user_001,Engineer,Read,True,Engineering,Project Alpha
DOC-0189,user_002,Senior Engineer,Read,True,Platform,Project Beta
DOC-0189,user_003,Architect,Read,True,Architecture,All
DOC-0189,user_004,Security Engineer,Read,True,Security,All
DOC-0189,user_005,Principal Engineer,Read,True,Data Engineering,Project Gamma
DOC-0189,user_006,DevOps Engineer,Read,True,DevOps,Core Infrastructure
DOC-0189,user_007,Junior Developer,Read,True,Engineering,Project Delta
DOC-0189,user_008,Engineering Manager,Read,True,Engineering,All
DOC-0190,user_001,Engineer,Read,True,Engineering,Project Alpha
DOC-0190,user_002,Senior Engineer,None,False,Platform,Project Beta
DOC-0190,user_003,Architect,Read,True,Architecture,All
DOC-0190,user_004,Security Engineer,Read,True,Security,All
DOC-0190,user_005,Principal Engineer,None,False,Data Engineering,Project Gamma
DOC-0190,user_006,DevOps Engineer,None,False,DevOps,Core Infrastructure
DOC-0190,user_007,Junior Developer,None,False,Engineering,Project Delta
DOC-0190,user_008,Engineering Manager,None,False,Engineering,All
DOC-0191,user_001,Engineer,Read,True,Engineering,Project Alpha
DOC-0191,user_002,Senior Engineer,None,False,Platform,Project Beta
DOC-0191,user_003,Architect,Read,True,Architecture,All
DOC-0191,user_004,Security Engineer,Read,True,Security,All
DOC-0191,user_005,Principal Engineer,None,False,Data Engineering,Project Gamma
DOC-0191,user_006,DevOps Engineer,None,False,DevOps,Core Infrastructure
DOC-0191,user_007,Junior Developer,None,False,Engineering,Project Delta
DOC-0191,user_008,Engineering Manager,None,False,Engineering,All
DOC-0192,user_001,Engineer,Read,True,Engineering,Project Alpha
DOC-0192,user_002,Senior Engineer,Read,True,Platform,Project Beta
DOC-0192,user_003,Architect,Read,True,Architecture,All
DOC-0192,user_004,Security Engineer,Read,True,Security,All
DOC-0192,user_005,Principal Engineer,Read,True,Data Engineering,Project Gamma
DOC-0192,user_006,DevOps Engineer,Read,True,DevOps,Core Infrastructure
DOC-0192,user_007,Junior Developer,Read,True,Engineering,Project Delta
DOC-0192,user_008,Engineering Manager,Read,True,Engineering,All
DOC-0193,user_001,Engineer,None,False,Engineering,Project Alpha
DOC-0193,user_002,Senior Engineer,None,False,Platform,Project Beta
DOC-0193,user_003,Architect,Read,True,Architecture,All
DOC-0193,user_004,Security Engineer,Read,True,Security,All
DOC-0193,user_005,Principal Engineer,None,False,Data Engineering,Project Gamma
DOC-0193,user_006,DevOps Engineer,None,False,DevOps,Core Infrastructure
DOC-0193,user_007,Junior Developer,None,False,Engineering,Project Delta
DOC-0193,user_008,Engineering Manager,None,False,Engineering,All
DOC-0194,user_001,Engineer,Read,True,Engineering,Project Alpha
DOC-0194,user_002,Senior Engineer,Read,True,Platform,Project Beta
DOC-0194,user_003,Architect,Read,True,Architecture,All
DOC-0194,user_004,Security Engineer,Read,True,Security,All
DOC-0194,user_005,Principal Engineer,Read,True,Data Engineering,Project Gamma
DOC-0194,user_006,DevOps Engineer,Read,True,DevOps,Core Infrastructure
DOC-0194,user_007,Junior Developer,Read,True,Engineering,Project Delta
DOC-0194,user_008,Engineering Manager,Read,True,Engineering,All
DOC-0195,user_001,Engineer,Read,True,Engineering,Project Alpha
DOC-0195,user_002,Senior Engineer,Read,True,Platform,Project Beta
DOC-0195,user_003,Architect,Read,True,Architecture,All
DOC-0195,user_004,Security Engineer,Read,True,Security,All
DOC-0195,user_005,Principal Engineer,Read,True,Data Engineering,Project Gamma
DOC-0195,user_006,DevOps Engineer,Read,True,DevOps,Core Infrastructure
DOC-0195,user_007,Junior Developer,Read,True,Engineering,Project Delta
DOC-0195,user_008,Engineering Manager,Read,True,Engineering,All
DOC-0196,user_001,Engineer,None,False,Engineering,Project Alpha
DOC-0196,user_002,Senior Engineer,Read,True,Platform,Project Beta
DOC-0196,user_003,Architect,Read,True,Architecture,All
DOC-0196,user_004,Security Engineer,Read,True,Security,All
DOC-0196,user_005,Principal Engineer,None,False,Data Engineering,Project Gamma
DOC-0196,user_006,DevOps Engineer,None,False,DevOps,Core Infrastructure
DOC-0196,user_007,Junior Developer,None,False,Engineering,Project Delta
DOC-0196,user_008,Engineering Manager,None,False,Engineering,All
DOC-0197,user_001,Engineer,None,False,Engineering,Project Alpha
DOC-0197,user_002,Senior Engineer,None,False,Platform,Project Beta
DOC-0197,user_003,Architect,Read,True,Architecture,All
DOC-0197,user_004,Security Engineer,Read,True,Security,All
DOC-0197,user_005,Principal Engineer,None,False,Data Engineering,Project Gamma
DOC-0197,user_006,DevOps Engineer,None,False,DevOps,Core Infrastructure
DOC-0197,user_007,Junior Developer,Read,True,Engineering,Project Delta
DOC-0197,user_008,Engineering Manager,None,False,Engineering,All
DOC-0198,user_001,Engineer,Read,True,Engineering,Project Alpha
DOC-0198,user_002,Senior Engineer,Read,True,Platform,Project Beta
DOC-0198,user_003,Architect,Read,True,Architecture,All
DOC-0198,user_004,Security Engineer,Read,True,Security,All
DOC-0198,user_005,Principal Engineer,Read,True,Data Engineering,Project Gamma
DOC-0198,user_006,DevOps Engineer,Read,True,DevOps,Core Infrastructure
DOC-0198,user_007,Junior Developer,Read,True,Engineering,Project Delta
DOC-0198,user_008,Engineering Manager,Read,True,Engineering,All
DOC-0199,user_001,Engineer,Read,True,Engineering,Project Alpha
DOC-0199,user_002,Senior Engineer,Read,True,Platform,Project Beta
DOC-0199,user_003,Architect,Read,True,Architecture,All
DOC-0199,user_004,Security Engineer,Read,True,Security,All
DOC-0199,user_005,Principal Engineer,Read,True,Data Engineering,Project Gamma
DOC-0199,user_006,DevOps Engineer,Read,True,DevOps,Core Infrastructure
DOC-0199,user_007,Junior Developer,Read,True,Engineering,Project Delta
DOC-0199,user_008,Engineering Manager,Read,True,Engineering,All
DOC-0200,user_001,Engineer,None,False,Engineering,Project Alpha
DOC-0200,user_002,Senior Engineer,None,False,Platform,Project Beta
DOC-0200,user_003,Architect,Read,True,Architecture,All
DOC-0200,user_004,Security Engineer,Read,True,Security,All
DOC-0200,user_005,Principal Engineer,None,False,Data Engineering,Project Gamma
DOC-0200,user_006,DevOps Engineer,None,False,DevOps,Core Infrastructure
DOC-0200,user_007,Junior Developer,None,False,Engineering,Project Delta
DOC-0200,user_008,Engineering Manager,None,False,Engineering,All
DOC-0201,user_001,Engineer,Read,True,Engineering,Project Alpha
DOC-0201,user_002,Senior Engineer,Read,True,Platform,Project Beta
DOC-0201,user_003,Architect,Read,True,Architecture,All
DOC-0201,user_004,Security Engineer,Read,True,Security,All
DOC-0201,user_005,Principal Engineer,Read,True,Data Engineering,Project Gamma
DOC-0201,user_006,DevOps Engineer,Read,True,DevOps,Core Infrastructure
DOC-0201,user_007,Junior Developer,Read,True,Engineering,Project Delta
DOC-0201,user_008,Engineering Manager,Read,True,Engineering,All
DOC-0202,user_001,Engineer,Read,True,Engineering,Project Alpha
DOC-0202,user_002,Senior Engineer,Read,True,Platform,Project Beta
DOC-0202,user_003,Architect,Read,True,Architecture,All
DOC-0202,user_004,Security Engineer,Read,True,Security,All
DOC-0202,user_005,Principal Engineer,Read,True,Data Engineering,Project Gamma
DOC-0202,user_006,DevOps Engineer,Read,True,DevOps,Core Infrastructure
DOC-0202,user_007,Junior Developer,Read,True,Engineering,Project Delta
DOC-0202,user_008,Engineering Manager,Read,True,Engineering,All
DOC-0203,user_001,Engineer,None,False,Engineering,Project Alpha
DOC-0203,user_002,Senior Engineer,None,False,Platform,Project Beta
DOC-0203,user_003,Architect,Read,True,Architecture,All
DOC-0203,user_004,Security Engineer,Read,True,Security,All
DOC-0203,user_005,Principal Engineer,None,False,Data Engineering,Project Gamma
DOC-0203,user_006,DevOps Engineer,None,False,DevOps,Core Infrastructure
DOC-0203,user_007,Junior Developer,Read,True,Engineering,Project Delta
DOC-0203,user_008,Engineering Manager,None,False,Engineering,All
DOC-0204,user_001,Engineer,None,False,Engineering,Project Alpha
DOC-0204,user_002,Senior Engineer,Read,True,Platform,Project Beta
DOC-0204,user_003,Architect,Read,True,Architecture,All
DOC-0204,user_004,Security Engineer,Read,True,Security,All
DOC-0204,user_005,Principal Engineer,None,False,Data Engineering,Project Gamma
DOC-0204,user_006,DevOps Engineer,None,False,DevOps,Core Infrastructure
DOC-0204,user_007,Junior Developer,None,False,Engineering,Project Delta
DOC-0204,user_008,Engineering Manager,None,False,Engineering,All
DOC-0205,user_001,Engineer,Read,True,Engineering,Project Alpha
DOC-0205,user_002,Senior Engineer,Read,True,Platform,Project Beta
DOC-0205,user_003,Architect,Read,True,Architecture,All
DOC-0205,user_004,Security Engineer,Read,True,Security,All
DOC-0205,user_005,Principal Engineer,Read,True,Data Engineering,Project Gamma
DOC-0205,user_006,DevOps Engineer,Read,True,DevOps,Core Infrastructure
DOC-0205,user_007,Junior Developer,Read,True,Engineering,Project Delta
DOC-0205,user_008,Engineering Manager,Read,True,Engineering,All
DOC-0206,user_001,Engineer,Read,True,Engineering,Project Alpha
DOC-0206,user_002,Senior Engineer,Read,True,Platform,Project Beta
DOC-0206,user_003,Architect,Read,True,Architecture,All
DOC-0206,user_004,Security Engineer,Read,True,Security,All
DOC-0206,user_005,Principal Engineer,Read,True,Data Engineering,Project Gamma
DOC-0206,user_006,DevOps Engineer,Read,True,DevOps,Core Infrastructure
DOC-0206,user_007,Junior Developer,Read,True,Engineering,Project Delta
DOC-0206,user_008,Engineering Manager,Read,True,Engineering,All
DOC-0207,user_001,Engineer,Read,True,Engineering,Project Alpha
DOC-0207,user_002,Senior Engineer,Read,True,Platform,Project Beta
DOC-0207,user_003,Architect,Read,True,Architecture,All
DOC-0207,user_004,Security Engineer,Read,True,Security,All
DOC-0207,user_005,Principal Engineer,Read,True,Data Engineering,Project Gamma
DOC-0207,user_006,DevOps Engineer,Read,True,DevOps,Core Infrastructure
DOC-0207,user_007,Junior Developer,Read,True,Engineering,Project Delta
DOC-0207,user_008,Engineering Manager,Read,True,Engineering,All
DOC-0208,user_001,Engineer,Read,True,Engineering,Project Alpha
DOC-0208,user_002,Senior Engineer,Read,True,Platform,Project Beta
DOC-0208,user_003,Architect,Read,True,Architecture,All
DOC-0208,user_004,Security Engineer,Read,True,Security,All
DOC-0208,user_005,Principal Engineer,Read,True,Data Engineering,Project Gamma
DOC-0208,user_006,DevOps Engineer,Read,True,DevOps,Core Infrastructure
DOC-0208,user_007,Junior Developer,Read,True,Engineering,Project Delta
DOC-0208,user_008,Engineering Manager,Read,True,Engineering,All
DOC-0209,user_001,Engineer,Read,True,Engineering,Project Alpha
DOC-0209,user_002,Senior Engineer,Read,True,Platform,Project Beta
DOC-0209,user_003,Architect,Read,True,Architecture,All
DOC-0209,user_004,Security Engineer,Read,True,Security,All
DOC-0209,user_005,Principal Engineer,Read,True,Data Engineering,Project Gamma
DOC-0209,user_006,DevOps Engineer,Read,True,DevOps,Core Infrastructure
DOC-0209,user_007,Junior Developer,Read,True,Engineering,Project Delta
DOC-0209,user_008,Engineering Manager,Read,True,Engineering,All
DOC-0210,user_001,Engineer,None,False,Engineering,Project Alpha
DOC-0210,user_002,Senior Engineer,None,False,Platform,Project Beta
DOC-0210,user_003,Architect,Read,True,Architecture,All
DOC-0210,user_004,Security Engineer,Read,True,Security,All
DOC-0210,user_005,Principal Engineer,None,False,Data Engineering,Project Gamma
DOC-0210,user_006,DevOps Engineer,None,False,DevOps,Core Infrastructure
DOC-0210,user_007,Junior Developer,None,False,Engineering,Project Delta
DOC-0210,user_008,Engineering Manager,None,False,Engineering,All
DOC-0211,user_001,Engineer,None,False,Engineering,Project Alpha
DOC-0211,user_002,Senior Engineer,None,False,Platform,Project Beta
DOC-0211,user_003,Architect,Read,True,Architecture,All
DOC-0211,user_004,Security Engineer,Read,True,Security,All
DOC-0211,user_005,Principal Engineer,Read,True,Data Engineering,Project Gamma
DOC-0211,user_006,DevOps Engineer,None,False,DevOps,Core Infrastructure
DOC-0211,user_007,Junior Developer,None,False,Engineering,Project Delta
DOC-0211,user_008,Engineering Manager,None,False,Engineering,All
DOC-0212,user_001,Engineer,Read,True,Engineering,Project Alpha
DOC-0212,user_002,Senior Engineer,Read,True,Platform,Project Beta
DOC-0212,user_003,Architect,Read,True,Architecture,All
DOC-0212,user_004,Security Engineer,Read,True,Security,All
DOC-0212,user_005,Principal Engineer,Read,True,Data Engineering,Project Gamma
DOC-0212,user_006,DevOps Engineer,Read,True,DevOps,Core Infrastructure
DOC-0212,user_007,Junior Developer,Read,True,Engineering,Project Delta
DOC-0212,user_008,Engineering Manager,Read,True,Engineering,All
DOC-0213,user_001,Engineer,Read,True,Engineering,Project Alpha
DOC-0213,user_002,Senior Engineer,Read,True,Platform,Project Beta
DOC-0213,user_003,Architect,Read,True,Architecture,All
DOC-0213,user_004,Security Engineer,Read,True,Security,All
DOC-0213,user_005,Principal Engineer,Read,True,Data Engineering,Project Gamma
DOC-0213,user_006,DevOps Engineer,Read,True,DevOps,Core Infrastructure
DOC-0213,user_007,Junior Developer,Read,True,Engineering,Project Delta
DOC-0213,user_008,Engineering Manager,Read,True,Engineering,All
DOC-0214,user_001,Engineer,Read,True,Engineering,Project Alpha
DOC-0214,user_002,Senior Engineer,Read,True,Platform,Project Beta
DOC-0214,user_003,Architect,Read,True,Architecture,All
DOC-0214,user_004,Security Engineer,Read,True,Security,All
DOC-0214,user_005,Principal Engineer,Read,True,Data Engineering,Project Gamma
DOC-0214,user_006,DevOps Engineer,Read,True,DevOps,Core Infrastructure
DOC-0214,user_007,Junior Developer,Read,True,Engineering,Project Delta
DOC-0214,user_008,Engineering Manager,Read,True,Engineering,All
DOC-0215,user_001,Engineer,Read,True,Engineering,Project Alpha
DOC-0215,user_002,Senior Engineer,None,False,Platform,Project Beta
DOC-0215,user_003,Architect,Read,True,Architecture,All
DOC-0215,user_004,Security Engineer,Read,True,Security,All
DOC-0215,user_005,Principal Engineer,None,False,Data Engineering,Project Gamma
DOC-0215,user_006,DevOps Engineer,None,False,DevOps,Core Infrastructure
DOC-0215,user_007,Junior Developer,None,False,Engineering,Project Delta
DOC-0215,user_008,Engineering Manager,None,False,Engineering,All
DOC-0216,user_001,Engineer,Read,True,Engineering,Project Alpha
DOC-0216,user_002,Senior Engineer,Read,True,Platform,Project Beta
DOC-0216,user_003,Architect,Read,True,Architecture,All
DOC-0216,user_004,Security Engineer,Read,True,Security,All
DOC-0216,user_005,Principal Engineer,Read,True,Data Engineering,Project Gamma
DOC-0216,user_006,DevOps Engineer,Read,True,DevOps,Core Infrastructure
DOC-0216,user_007,Junior Developer,Read,True,Engineering,Project Delta
DOC-0216,user_008,Engineering Manager,Read,True,Engineering,All
DOC-0217,user_001,Engineer,Read,True,Engineering,Project Alpha
DOC-0217,user_002,Senior Engineer,Read,True,Platform,Project Beta
DOC-0217,user_003,Architect,Read,True,Architecture,All
DOC-0217,user_004,Security Engineer,Read,True,Security,All
DOC-0217,user_005,Principal Engineer,Read,True,Data Engineering,Project Gamma
DOC-0217,user_006,DevOps Engineer,Read,True,DevOps,Core Infrastructure
DOC-0217,user_007,Junior Developer,Read,True,Engineering,Project Delta
DOC-0217,user_008,Engineering Manager,Read,True,Engineering,All
DOC-0218,user_001,Engineer,None,False,Engineering,Project Alpha
DOC-0218,user_002,Senior Engineer,None,False,Platform,Project Beta
DOC-0218,user_003,Architect,Read,True,Architecture,All
DOC-0218,user_004,Security Engineer,Read,True,Security,All
DOC-0218,user_005,Principal Engineer,None,False,Data Engineering,Project Gamma
DOC-0218,user_006,DevOps Engineer,None,False,DevOps,Core Infrastructure
DOC-0218,user_007,Junior Developer,None,False,Engineering,Project Delta
DOC-0218,user_008,Engineering Manager,None,False,Engineering,All
DOC-0219,user_001,Engineer,None,False,Engineering,Project Alpha
DOC-0219,user_002,Senior Engineer,None,False,Platform,Project Beta
DOC-0219,user_003,Architect,Read,True,Architecture,All
DOC-0219,user_004,Security Engineer,Read,True,Security,All
DOC-0219,user_005,Principal Engineer,Read,True,Data Engineering,Project Gamma
DOC-0219,user_006,DevOps Engineer,None,False,DevOps,Core Infrastructure
DOC-0219,user_007,Junior Developer,None,False,Engineering,Project Delta
DOC-0219,user_008,Engineering Manager,None,False,Engineering,All
DOC-0220,user_001,Engineer,Read,True,Engineering,Project Alpha
DOC-0220,user_002,Senior Engineer,Read,True,Platform,Project Beta
DOC-0220,user_003,Architect,Read,True,Architecture,All
DOC-0220,user_004,Security Engineer,Read,True,Security,All
DOC-0220,user_005,Principal Engineer,Read,True,Data Engineering,Project Gamma
DOC-0220,user_006,DevOps Engineer,Read,True,DevOps,Core Infrastructure
DOC-0220,user_007,Junior Developer,Read,True,Engineering,Project Delta
DOC-0220,user_008,Engineering Manager,Read,True,Engineering,All
DOC-0221,user_001,Engineer,Read,True,Engineering,Project Alpha
DOC-0221,user_002,Senior Engineer,Read,True,Platform,Project Beta
DOC-0221,user_003,Architect,Read,True,Architecture,All
DOC-0221,user_004,Security Engineer,Read,True,Security,All
DOC-0221,user_005,Principal Engineer,Read,True,Data Engineering,Project Gamma
DOC-0221,user_006,DevOps Engineer,Read,True,DevOps,Core Infrastructure
DOC-0221,user_007,Junior Developer,Read,True,Engineering,Project Delta
DOC-0221,user_008,Engineering Manager,Read,True,Engineering,All
DOC-0222,user_001,Engineer,None,False,Engineering,Project Alpha
DOC-0222,user_002,Senior Engineer,None,False,Platform,Project Beta
DOC-0222,user_003,Architect,Read,True,Architecture,All
DOC-0222,user_004,Security Engineer,Read,True,Security,All
DOC-0222,user_005,Principal Engineer,None,False,Data Engineering,Project Gamma
DOC-0222,user_006,DevOps Engineer,None,False,DevOps,Core Infrastructure
DOC-0222,user_007,Junior Developer,Read,True,Engineering,Project Delta
DOC-0222,user_008,Engineering Manager,None,False,Engineering,All
DOC-0223,user_001,Engineer,Read,True,Engineering,Project Alpha
DOC-0223,user_002,Senior Engineer,Read,True,Platform,Project Beta
DOC-0223,user_003,Architect,Read,True,Architecture,All
DOC-0223,user_004,Security Engineer,Read,True,Security,All
DOC-0223,user_005,Principal Engineer,Read,True,Data Engineering,Project Gamma
DOC-0223,user_006,DevOps Engineer,Read,True,DevOps,Core Infrastructure
DOC-0223,user_007,Junior Developer,Read,True,Engineering,Project Delta
DOC-0223,user_008,Engineering Manager,Read,True,Engineering,All
DOC-0224,user_001,Engineer,Read,True,Engineering,Project Alpha
DOC-0224,user_002,Senior Engineer,Read,True,Platform,Project Beta
DOC-0224,user_003,Architect,Read,True,Architecture,All
DOC-0224,user_004,Security Engineer,Read,True,Security,All
DOC-0224,user_005,Principal Engineer,Read,True,Data Engineering,Project Gamma
DOC-0224,user_006,DevOps Engineer,Read,True,DevOps,Core Infrastructure
DOC-0224,user_007,Junior Developer,Read,True,Engineering,Project Delta
DOC-0224,user_008,Engineering Manager,Read,True,Engineering,All
DOC-0225,user_001,Engineer,Read,True,Engineering,Project Alpha
DOC-0225,user_002,Senior Engineer,Read,True,Platform,Project Beta
DOC-0225,user_003,Architect,Read,True,Architecture,All
DOC-0225,user_004,Security Engineer,Read,True,Security,All
DOC-0225,user_005,Principal Engineer,Read,True,Data Engineering,Project Gamma
DOC-0225,user_006,DevOps Engineer,Read,True,DevOps,Core Infrastructure
DOC-0225,user_007,Junior Developer,Read,True,Engineering,Project Delta
DOC-0225,user_008,Engineering Manager,Read,True,Engineering,All
DOC-0226,user_001,Engineer,Read,True,Engineering,Project Alpha
DOC-0226,user_002,Senior Engineer,None,False,Platform,Project Beta
DOC-0226,user_003,Architect,Read,True,Architecture,All
DOC-0226,user_004,Security Engineer,Read,True,Security,All
DOC-0226,user_005,Principal Engineer,None,False,Data Engineering,Project Gamma
DOC-0226,user_006,DevOps Engineer,None,False,DevOps,Core Infrastructure
DOC-0226,user_007,Junior Developer,None,False,Engineering,Project Delta
DOC-0226,user_008,Engineering Manager,None,False,Engineering,All
DOC-0227,user_001,Engineer,Read,True,Engineering,Project Alpha
DOC-0227,user_002,Senior Engineer,Read,True,Platform,Project Beta
DOC-0227,user_003,Architect,Read,True,Architecture,All
DOC-0227,user_004,Security Engineer,Read,True,Security,All
DOC-0227,user_005,Principal Engineer,Read,True,Data Engineering,Project Gamma
DOC-0227,user_006,DevOps Engineer,Read,True,DevOps,Core Infrastructure
DOC-0227,user_007,Junior Developer,Read,True,Engineering,Project Delta
DOC-0227,user_008,Engineering Manager,Read,True,Engineering,All
DOC-0228,user_001,Engineer,Read,True,Engineering,Project Alpha
DOC-0228,user_002,Senior Engineer,Read,True,Platform,Project Beta
DOC-0228,user_003,Architect,Read,True,Architecture,All
DOC-0228,user_004,Security Engineer,Read,True,Security,All
DOC-0228,user_005,Principal Engineer,Read,True,Data Engineering,Project Gamma
DOC-0228,user_006,DevOps Engineer,Read,True,DevOps,Core Infrastructure
DOC-0228,user_007,Junior Developer,Read,True,Engineering,Project Delta
DOC-0228,user_008,Engineering Manager,Read,True,Engineering,All
DOC-0229,user_001,Engineer,None,False,Engineering,Project Alpha
DOC-0229,user_002,Senior Engineer,None,False,Platform,Project Beta
DOC-0229,user_003,Architect,Read,True,Architecture,All
DOC-0229,user_004,Security Engineer,Read,True,Security,All
DOC-0229,user_005,Principal Engineer,None,False,Data Engineering,Project Gamma
DOC-0229,user_006,DevOps Engineer,None,False,DevOps,Core Infrastructure
DOC-0229,user_007,Junior Developer,None,False,Engineering,Project Delta
DOC-0229,user_008,Engineering Manager,None,False,Engineering,All
DOC-0230,user_001,Engineer,Read,True,Engineering,Project Alpha
DOC-0230,user_002,Senior Engineer,Read,True,Platform,Project Beta
DOC-0230,user_003,Architect,Read,True,Architecture,All
DOC-0230,user_004,Security Engineer,Read,True,Security,All
DOC-0230,user_005,Principal Engineer,Read,True,Data Engineering,Project Gamma
DOC-0230,user_006,DevOps Engineer,Read,True,DevOps,Core Infrastructure
DOC-0230,user_007,Junior Developer,Read,True,Engineering,Project Delta
DOC-0230,user_008,Engineering Manager,Read,True,Engineering,All
DOC-0231,user_001,Engineer,None,False,Engineering,Project Alpha
DOC-0231,user_002,Senior Engineer,Read,True,Platform,Project Beta
DOC-0231,user_003,Architect,Read,True,Architecture,All
DOC-0231,user_004,Security Engineer,Read,True,Security,All
DOC-0231,user_005,Principal Engineer,None,False,Data Engineering,Project Gamma
DOC-0231,user_006,DevOps Engineer,None,False,DevOps,Core Infrastructure
DOC-0231,user_007,Junior Developer,None,False,Engineering,Project Delta
DOC-0231,user_008,Engineering Manager,None,False,Engineering,All
DOC-0232,user_001,Engineer,Read,True,Engineering,Project Alpha
DOC-0232,user_002,Senior Engineer,Read,True,Platform,Project Beta
DOC-0232,user_003,Architect,Read,True,Architecture,All
DOC-0232,user_004,Security Engineer,Read,True,Security,All
DOC-0232,user_005,Principal Engineer,Read,True,Data Engineering,Project Gamma
DOC-0232,user_006,DevOps Engineer,Read,True,DevOps,Core Infrastructure
DOC-0232,user_007,Junior Developer,Read,True,Engineering,Project Delta
DOC-0232,user_008,Engineering Manager,Read,True,Engineering,All
DOC-0233,user_001,Engineer,Read,True,Engineering,Project Alpha
DOC-0233,user_002,Senior Engineer,Read,True,Platform,Project Beta
DOC-0233,user_003,Architect,Read,True,Architecture,All
DOC-0233,user_004,Security Engineer,Read,True,Security,All
DOC-0233,user_005,Principal Engineer,Read,True,Data Engineering,Project Gamma
DOC-0233,user_006,DevOps Engineer,Read,True,DevOps,Core Infrastructure
DOC-0233,user_007,Junior Developer,Read,True,Engineering,Project Delta
DOC-0233,user_008,Engineering Manager,Read,True,Engineering,All
DOC-0234,user_001,Engineer,Read,True,Engineering,Project Alpha
DOC-0234,user_002,Senior Engineer,Read,True,Platform,Project Beta
DOC-0234,user_003,Architect,Read,True,Architecture,All
DOC-0234,user_004,Security Engineer,Read,True,Security,All
DOC-0234,user_005,Principal Engineer,Read,True,Data Engineering,Project Gamma
DOC-0234,user_006,DevOps Engineer,Read,True,DevOps,Core Infrastructure
DOC-0234,user_007,Junior Developer,Read,True,Engineering,Project Delta
DOC-0234,user_008,Engineering Manager,Read,True,Engineering,All
DOC-0235,user_001,Engineer,Read,True,Engineering,Project Alpha
DOC-0235,user_002,Senior Engineer,Read,True,Platform,Project Beta
DOC-0235,user_003,Architect,Read,True,Architecture,All
DOC-0235,user_004,Security Engineer,Read,True,Security,All
DOC-0235,user_005,Principal Engineer,Read,True,Data Engineering,Project Gamma
DOC-0235,user_006,DevOps Engineer,Read,True,DevOps,Core Infrastructure
DOC-0235,user_007,Junior Developer,Read,True,Engineering,Project Delta
DOC-0235,user_008,Engineering Manager,Read,True,Engineering,All
DOC-0236,user_001,Engineer,Read,True,Engineering,Project Alpha
DOC-0236,user_002,Senior Engineer,None,False,Platform,Project Beta
DOC-0236,user_003,Architect,Read,True,Architecture,All
DOC-0236,user_004,Security Engineer,Read,True,Security,All
DOC-0236,user_005,Principal Engineer,None,False,Data Engineering,Project Gamma
DOC-0236,user_006,DevOps Engineer,None,False,DevOps,Core Infrastructure
DOC-0236,user_007,Junior Developer,None,False,Engineering,Project Delta
DOC-0236,user_008,Engineering Manager,None,False,Engineering,All
DOC-0237,user_001,Engineer,Read,True,Engineering,Project Alpha
DOC-0237,user_002,Senior Engineer,Read,True,Platform,Project Beta
DOC-0237,user_003,Architect,Read,True,Architecture,All
DOC-0237,user_004,Security Engineer,Read,True,Security,All
DOC-0237,user_005,Principal Engineer,Read,True,Data Engineering,Project Gamma
DOC-0237,user_006,DevOps Engineer,Read,True,DevOps,Core Infrastructure
DOC-0237,user_007,Junior Developer,Read,True,Engineering,Project Delta
DOC-0237,user_008,Engineering Manager,Read,True,Engineering,All
DOC-0238,user_001,Engineer,Read,True,Engineering,Project Alpha
DOC-0238,user_002,Senior Engineer,Read,True,Platform,Project Beta
DOC-0238,user_003,Architect,Read,True,Architecture,All
DOC-0238,user_004,Security Engineer,Read,True,Security,All
DOC-0238,user_005,Principal Engineer,Read,True,Data Engineering,Project Gamma
DOC-0238,user_006,DevOps Engineer,Read,True,DevOps,Core Infrastructure
DOC-0238,user_007,Junior Developer,Read,True,Engineering,Project Delta
DOC-0238,user_008,Engineering Manager,Read,True,Engineering,All
DOC-0239,user_001,Engineer,Read,True,Engineering,Project Alpha
DOC-0239,user_002,Senior Engineer,Read,True,Platform,Project Beta
DOC-0239,user_003,Architect,Read,True,Architecture,All
DOC-0239,user_004,Security Engineer,Read,True,Security,All
DOC-0239,user_005,Principal Engineer,Read,True,Data Engineering,Project Gamma
DOC-0239,user_006,DevOps Engineer,Read,True,DevOps,Core Infrastructure
DOC-0239,user_007,Junior Developer,Read,True,Engineering,Project Delta
DOC-0239,user_008,Engineering Manager,Read,True,Engineering,All
DOC-0240,user_001,Engineer,Read,True,Engineering,Project Alpha
DOC-0240,user_002,Senior Engineer,Read,True,Platform,Project Beta
DOC-0240,user_003,Architect,Read,True,Architecture,All
DOC-0240,user_004,Security Engineer,Read,True,Security,All
DOC-0240,user_005,Principal Engineer,Read,True,Data Engineering,Project Gamma
DOC-0240,user_006,DevOps Engineer,Read,True,DevOps,Core Infrastructure
DOC-0240,user_007,Junior Developer,Read,True,Engineering,Project Delta
DOC-0240,user_008,Engineering Manager,Read,True,Engineering,All
DOC-0241,user_001,Engineer,Read,True,Engineering,Project Alpha
DOC-0241,user_002,Senior Engineer,Read,True,Platform,Project Beta
DOC-0241,user_003,Architect,Read,True,Architecture,All
DOC-0241,user_004,Security Engineer,Read,True,Security,All
DOC-0241,user_005,Principal Engineer,Read,True,Data Engineering,Project Gamma
DOC-0241,user_006,DevOps Engineer,Read,True,DevOps,Core Infrastructure
DOC-0241,user_007,Junior Developer,Read,True,Engineering,Project Delta
DOC-0241,user_008,Engineering Manager,Read,True,Engineering,All
DOC-0242,user_001,Engineer,None,False,Engineering,Project Alpha
DOC-0242,user_002,Senior Engineer,None,False,Platform,Project Beta
DOC-0242,user_003,Architect,Read,True,Architecture,All
DOC-0242,user_004,Security Engineer,Read,True,Security,All
DOC-0242,user_005,Principal Engineer,None,False,Data Engineering,Project Gamma
DOC-0242,user_006,DevOps Engineer,Read,True,DevOps,Core Infrastructure
DOC-0242,user_007,Junior Developer,None,False,Engineering,Project Delta
DOC-0242,user_008,Engineering Manager,None,False,Engineering,All
DOC-0243,user_001,Engineer,Read,True,Engineering,Project Alpha
DOC-0243,user_002,Senior Engineer,None,False,Platform,Project Beta
DOC-0243,user_003,Architect,Read,True,Architecture,All
DOC-0243,user_004,Security Engineer,Read,True,Security,All
DOC-0243,user_005,Principal Engineer,None,False,Data Engineering,Project Gamma
DOC-0243,user_006,DevOps Engineer,None,False,DevOps,Core Infrastructure
DOC-0243,user_007,Junior Developer,None,False,Engineering,Project Delta
DOC-0243,user_008,Engineering Manager,None,False,Engineering,All
DOC-0244,user_001,Engineer,Read,True,Engineering,Project Alpha
DOC-0244,user_002,Senior Engineer,Read,True,Platform,Project Beta
DOC-0244,user_003,Architect,Read,True,Architecture,All
DOC-0244,user_004,Security Engineer,Read,True,Security,All
DOC-0244,user_005,Principal Engineer,Read,True,Data Engineering,Project Gamma
DOC-0244,user_006,DevOps Engineer,Read,True,DevOps,Core Infrastructure
DOC-0244,user_007,Junior Developer,Read,True,Engineering,Project Delta
DOC-0244,user_008,Engineering Manager,Read,True,Engineering,All
DOC-0245,user_001,Engineer,Read,True,Engineering,Project Alpha
DOC-0245,user_002,Senior Engineer,Read,True,Platform,Project Beta
DOC-0245,user_003,Architect,Read,True,Architecture,All
DOC-0245,user_004,Security Engineer,Read,True,Security,All
DOC-0245,user_005,Principal Engineer,Read,True,Data Engineering,Project Gamma
DOC-0245,user_006,DevOps Engineer,Read,True,DevOps,Core Infrastructure
DOC-0245,user_007,Junior Developer,Read,True,Engineering,Project Delta
DOC-0245,user_008,Engineering Manager,Read,True,Engineering,All
DOC-0246,user_001,Engineer,Read,True,Engineering,Project Alpha
DOC-0246,user_002,Senior Engineer,None,False,Platform,Project Beta
DOC-0246,user_003,Architect,Read,True,Architecture,All
DOC-0246,user_004,Security Engineer,Read,True,Security,All
DOC-0246,user_005,Principal Engineer,None,False,Data Engineering,Project Gamma
DOC-0246,user_006,DevOps Engineer,None,False,DevOps,Core Infrastructure
DOC-0246,user_007,Junior Developer,None,False,Engineering,Project Delta
DOC-0246,user_008,Engineering Manager,None,False,Engineering,All
DOC-0247,user_001,Engineer,Read,True,Engineering,Project Alpha
DOC-0247,user_002,Senior Engineer,Read,True,Platform,Project Beta
DOC-0247,user_003,Architect,Read,True,Architecture,All
DOC-0247,user_004,Security Engineer,Read,True,Security,All
DOC-0247,user_005,Principal Engineer,Read,True,Data Engineering,Project Gamma
DOC-0247,user_006,DevOps Engineer,Read,True,DevOps,Core Infrastructure
DOC-0247,user_007,Junior Developer,Read,True,Engineering,Project Delta
DOC-0247,user_008,Engineering Manager,Read,True,Engineering,All
DOC-0248,user_001,Engineer,Read,True,Engineering,Project Alpha
DOC-0248,user_002,Senior Engineer,Read,True,Platform,Project Beta
DOC-0248,user_003,Architect,Read,True,Architecture,All
DOC-0248,user_004,Security Engineer,Read,True,Security,All
DOC-0248,user_005,Principal Engineer,Read,True,Data Engineering,Project Gamma
DOC-0248,user_006,DevOps Engineer,Read,True,DevOps,Core Infrastructure
DOC-0248,user_007,Junior Developer,Read,True,Engineering,Project Delta
DOC-0248,user_008,Engineering Manager,Read,True,Engineering,All
DOC-0249,user_001,Engineer,Read,True,Engineering,Project Alpha
DOC-0249,user_002,Senior Engineer,Read,True,Platform,Project Beta
DOC-0249,user_003,Architect,Read,True,Architecture,All
DOC-0249,user_004,Security Engineer,Read,True,Security,All
DOC-0249,user_005,Principal Engineer,Read,True,Data Engineering,Project Gamma
DOC-0249,user_006,DevOps Engineer,Read,True,DevOps,Core Infrastructure
DOC-0249,user_007,Junior Developer,Read,True,Engineering,Project Delta
DOC-0249,user_008,Engineering Manager,Read,True,Engineering,All
DOC-0250,user_001,Engineer,Read,True,Engineering,Project Alpha
DOC-0250,user_002,Senior Engineer,Read,True,Platform,Project Beta
DOC-0250,user_003,Architect,Read,True,Architecture,All
DOC-0250,user_004,Security Engineer,Read,True,Security,All
DOC-0250,user_005,Principal Engineer,Read,True,Data Engineering,Project Gamma
DOC-0250,user_006,DevOps Engineer,Read,True,DevOps,Core Infrastructure
DOC-0250,user_007,Junior Developer,Read,True,Engineering,Project Delta
DOC-0250,user_008,Engineering Manager,Read,True,Engineering,All
DOC-0251,user_001,Engineer,Read,True,Engineering,Project Alpha
DOC-0251,user_002,Senior Engineer,None,False,Platform,Project Beta
DOC-0251,user_003,Architect,Read,True,Architecture,All
DOC-0251,user_004,Security Engineer,Read,True,Security,All
DOC-0251,user_005,Principal Engineer,None,False,Data Engineering,Project Gamma
DOC-0251,user_006,DevOps Engineer,None,False,DevOps,Core Infrastructure
DOC-0251,user_007,Junior Developer,None,False,Engineering,Project Delta
DOC-0251,user_008,Engineering Manager,None,False,Engineering,All
DOC-0252,user_001,Engineer,Read,True,Engineering,Project Alpha
DOC-0252,user_002,Senior Engineer,Read,True,Platform,Project Beta
DOC-0252,user_003,Architect,Read,True,Architecture,All
DOC-0252,user_004,Security Engineer,Read,True,Security,All
DOC-0252,user_005,Principal Engineer,Read,True,Data Engineering,Project Gamma
DOC-0252,user_006,DevOps Engineer,Read,True,DevOps,Core Infrastructure
DOC-0252,user_007,Junior Developer,Read,True,Engineering,Project Delta
DOC-0252,user_008,Engineering Manager,Read,True,Engineering,All
DOC-0253,user_001,Engineer,Read,True,Engineering,Project Alpha
DOC-0253,user_002,Senior Engineer,Read,True,Platform,Project Beta
DOC-0253,user_003,Architect,Read,True,Architecture,All
DOC-0253,user_004,Security Engineer,Read,True,Security,All
DOC-0253,user_005,Principal Engineer,Read,True,Data Engineering,Project Gamma
DOC-0253,user_006,DevOps Engineer,Read,True,DevOps,Core Infrastructure
DOC-0253,user_007,Junior Developer,Read,True,Engineering,Project Delta
DOC-0253,user_008,Engineering Manager,Read,True,Engineering,All
DOC-0254,user_001,Engineer,None,False,Engineering,Project Alpha
DOC-0254,user_002,Senior Engineer,None,False,Platform,Project Beta
DOC-0254,user_003,Architect,Read,True,Architecture,All
DOC-0254,user_004,Security Engineer,Read,True,Security,All
DOC-0254,user_005,Principal Engineer,None,False,Data Engineering,Project Gamma
DOC-0254,user_006,DevOps Engineer,None,False,DevOps,Core Infrastructure
DOC-0254,user_007,Junior Developer,None,False,Engineering,Project Delta
DOC-0254,user_008,Engineering Manager,None,False,Engineering,All
DOC-0255,user_001,Engineer,Read,True,Engineering,Project Alpha
DOC-0255,user_002,Senior Engineer,Read,True,Platform,Project Beta
DOC-0255,user_003,Architect,Read,True,Architecture,All
DOC-0255,user_004,Security Engineer,Read,True,Security,All
DOC-0255,user_005,Principal Engineer,Read,True,Data Engineering,Project Gamma
DOC-0255,user_006,DevOps Engineer,Read,True,DevOps,Core Infrastructure
DOC-0255,user_007,Junior Developer,Read,True,Engineering,Project Delta
DOC-0255,user_008,Engineering Manager,Read,True,Engineering,All
DOC-0256,user_001,Engineer,Read,True,Engineering,Project Alpha
DOC-0256,user_002,Senior Engineer,Read,True,Platform,Project Beta
DOC-0256,user_003,Architect,Read,True,Architecture,All
DOC-0256,user_004,Security Engineer,Read,True,Security,All
DOC-0256,user_005,Principal Engineer,Read,True,Data Engineering,Project Gamma
DOC-0256,user_006,DevOps Engineer,Read,True,DevOps,Core Infrastructure
DOC-0256,user_007,Junior Developer,Read,True,Engineering,Project Delta
DOC-0256,user_008,Engineering Manager,Read,True,Engineering,All
DOC-0257,user_001,Engineer,None,False,Engineering,Project Alpha
DOC-0257,user_002,Senior Engineer,None,False,Platform,Project Beta
DOC-0257,user_003,Architect,Read,True,Architecture,All
DOC-0257,user_004,Security Engineer,Read,True,Security,All
DOC-0257,user_005,Principal Engineer,None,False,Data Engineering,Project Gamma
DOC-0257,user_006,DevOps Engineer,None,False,DevOps,Core Infrastructure
DOC-0257,user_007,Junior Developer,None,False,Engineering,Project Delta
DOC-0257,user_008,Engineering Manager,None,False,Engineering,All
DOC-0258,user_001,Engineer,Read,True,Engineering,Project Alpha
DOC-0258,user_002,Senior Engineer,Read,True,Platform,Project Beta
DOC-0258,user_003,Architect,Read,True,Architecture,All
DOC-0258,user_004,Security Engineer,Read,True,Security,All
DOC-0258,user_005,Principal Engineer,Read,True,Data Engineering,Project Gamma
DOC-0258,user_006,DevOps Engineer,Read,True,DevOps,Core Infrastructure
DOC-0258,user_007,Junior Developer,Read,True,Engineering,Project Delta
DOC-0258,user_008,Engineering Manager,Read,True,Engineering,All
DOC-0259,user_001,Engineer,None,False,Engineering,Project Alpha
DOC-0259,user_002,Senior Engineer,None,False,Platform,Project Beta
DOC-0259,user_003,Architect,Read,True,Architecture,All
DOC-0259,user_004,Security Engineer,Read,True,Security,All
DOC-0259,user_005,Principal Engineer,None,False,Data Engineering,Project Gamma
DOC-0259,user_006,DevOps Engineer,None,False,DevOps,Core Infrastructure
DOC-0259,user_007,Junior Developer,None,False,Engineering,Project Delta
DOC-0259,user_008,Engineering Manager,None,False,Engineering,All
DOC-0260,user_001,Engineer,None,False,Engineering,Project Alpha
DOC-0260,user_002,Senior Engineer,None,False,Platform,Project Beta
DOC-0260,user_003,Architect,Read,True,Architecture,All
DOC-0260,user_004,Security Engineer,Read,True,Security,All
DOC-0260,user_005,Principal Engineer,None,False,Data Engineering,Project Gamma
DOC-0260,user_006,DevOps Engineer,None,False,DevOps,Core Infrastructure
DOC-0260,user_007,Junior Developer,Read,True,Engineering,Project Delta
DOC-0260,user_008,Engineering Manager,None,False,Engineering,All
DOC-0261,user_001,Engineer,Read,True,Engineering,Project Alpha
DOC-0261,user_002,Senior Engineer,Read,True,Platform,Project Beta
DOC-0261,user_003,Architect,Read,True,Architecture,All
DOC-0261,user_004,Security Engineer,Read,True,Security,All
DOC-0261,user_005,Principal Engineer,Read,True,Data Engineering,Project Gamma
DOC-0261,user_006,DevOps Engineer,Read,True,DevOps,Core Infrastructure
DOC-0261,user_007,Junior Developer,Read,True,Engineering,Project Delta
DOC-0261,user_008,Engineering Manager,Read,True,Engineering,All
DOC-0262,user_001,Engineer,Read,True,Engineering,Project Alpha
DOC-0262,user_002,Senior Engineer,Read,True,Platform,Project Beta
DOC-0262,user_003,Architect,Read,True,Architecture,All
DOC-0262,user_004,Security Engineer,Read,True,Security,All
DOC-0262,user_005,Principal Engineer,Read,True,Data Engineering,Project Gamma
DOC-0262,user_006,DevOps Engineer,Read,True,DevOps,Core Infrastructure
DOC-0262,user_007,Junior Developer,Read,True,Engineering,Project Delta
DOC-0262,user_008,Engineering Manager,Read,True,Engineering,All
DOC-0263,user_001,Engineer,Read,True,Engineering,Project Alpha
DOC-0263,user_002,Senior Engineer,Read,True,Platform,Project Beta
DOC-0263,user_003,Architect,Read,True,Architecture,All
DOC-0263,user_004,Security Engineer,Read,True,Security,All
DOC-0263,user_005,Principal Engineer,Read,True,Data Engineering,Project Gamma
DOC-0263,user_006,DevOps Engineer,Read,True,DevOps,Core Infrastructure
DOC-0263,user_007,Junior Developer,Read,True,Engineering,Project Delta
DOC-0263,user_008,Engineering Manager,Read,True,Engineering,All
DOC-0264,user_001,Engineer,Read,True,Engineering,Project Alpha
DOC-0264,user_002,Senior Engineer,Read,True,Platform,Project Beta
DOC-0264,user_003,Architect,Read,True,Architecture,All
DOC-0264,user_004,Security Engineer,Read,True,Security,All
DOC-0264,user_005,Principal Engineer,Read,True,Data Engineering,Project Gamma
DOC-0264,user_006,DevOps Engineer,Read,True,DevOps,Core Infrastructure
DOC-0264,user_007,Junior Developer,Read,True,Engineering,Project Delta
DOC-0264,user_008,Engineering Manager,Read,True,Engineering,All
DOC-0265,user_001,Engineer,None,False,Engineering,Project Alpha
DOC-0265,user_002,Senior Engineer,None,False,Platform,Project Beta
DOC-0265,user_003,Architect,Read,True,Architecture,All
DOC-0265,user_004,Security Engineer,Read,True,Security,All
DOC-0265,user_005,Principal Engineer,None,False,Data Engineering,Project Gamma
DOC-0265,user_006,DevOps Engineer,None,False,DevOps,Core Infrastructure
DOC-0265,user_007,Junior Developer,None,False,Engineering,Project Delta
DOC-0265,user_008,Engineering Manager,None,False,Engineering,All
DOC-0266,user_001,Engineer,None,False,Engineering,Project Alpha
DOC-0266,user_002,Senior Engineer,None,False,Platform,Project Beta
DOC-0266,user_003,Architect,Read,True,Architecture,All
DOC-0266,user_004,Security Engineer,Read,True,Security,All
DOC-0266,user_005,Principal Engineer,None,False,Data Engineering,Project Gamma
DOC-0266,user_006,DevOps Engineer,Read,True,DevOps,Core Infrastructure
DOC-0266,user_007,Junior Developer,None,False,Engineering,Project Delta
DOC-0266,user_008,Engineering Manager,None,False,Engineering,All
DOC-0267,user_001,Engineer,None,False,Engineering,Project Alpha
DOC-0267,user_002,Senior Engineer,None,False,Platform,Project Beta
DOC-0267,user_003,Architect,Read,True,Architecture,All
DOC-0267,user_004,Security Engineer,Read,True,Security,All
DOC-0267,user_005,Principal Engineer,None,False,Data Engineering,Project Gamma
DOC-0267,user_006,DevOps Engineer,None,False,DevOps,Core Infrastructure
DOC-0267,user_007,Junior Developer,None,False,Engineering,Project Delta
DOC-0267,user_008,Engineering Manager,None,False,Engineering,All
DOC-0268,user_001,Engineer,Read,True,Engineering,Project Alpha
DOC-0268,user_002,Senior Engineer,Read,True,Platform,Project Beta
DOC-0268,user_003,Architect,Read,True,Architecture,All
DOC-0268,user_004,Security Engineer,Read,True,Security,All
DOC-0268,user_005,Principal Engineer,Read,True,Data Engineering,Project Gamma
DOC-0268,user_006,DevOps Engineer,Read,True,DevOps,Core Infrastructure
DOC-0268,user_007,Junior Developer,Read,True,Engineering,Project Delta
DOC-0268,user_008,Engineering Manager,Read,True,Engineering,All
DOC-0269,user_001,Engineer,Read,True,Engineering,Project Alpha
DOC-0269,user_002,Senior Engineer,Read,True,Platform,Project Beta
DOC-0269,user_003,Architect,Read,True,Architecture,All
DOC-0269,user_004,Security Engineer,Read,True,Security,All
DOC-0269,user_005,Principal Engineer,Read,True,Data Engineering,Project Gamma
DOC-0269,user_006,DevOps Engineer,Read,True,DevOps,Core Infrastructure
DOC-0269,user_007,Junior Developer,Read,True,Engineering,Project Delta
DOC-0269,user_008,Engineering Manager,Read,True,Engineering,All
DOC-0270,user_001,Engineer,None,False,Engineering,Project Alpha
DOC-0270,user_002,Senior Engineer,None,False,Platform,Project Beta
DOC-0270,user_003,Architect,Read,True,Architecture,All
DOC-0270,user_004,Security Engineer,Read,True,Security,All
DOC-0270,user_005,Principal Engineer,None,False,Data Engineering,Project Gamma
DOC-0270,user_006,DevOps Engineer,None,False,DevOps,Core Infrastructure
DOC-0270,user_007,Junior Developer,Read,True,Engineering,Project Delta
DOC-0270,user_008,Engineering Manager,None,False,Engineering,All
DOC-0271,user_001,Engineer,Read,True,Engineering,Project Alpha
DOC-0271,user_002,Senior Engineer,Read,True,Platform,Project Beta
DOC-0271,user_003,Architect,Read,True,Architecture,All
DOC-0271,user_004,Security Engineer,Read,True,Security,All
DOC-0271,user_005,Principal Engineer,Read,True,Data Engineering,Project Gamma
DOC-0271,user_006,DevOps Engineer,Read,True,DevOps,Core Infrastructure
DOC-0271,user_007,Junior Developer,Read,True,Engineering,Project Delta
DOC-0271,user_008,Engineering Manager,Read,True,Engineering,All
DOC-0272,user_001,Engineer,Read,True,Engineering,Project Alpha
DOC-0272,user_002,Senior Engineer,Read,True,Platform,Project Beta
DOC-0272,user_003,Architect,Read,True,Architecture,All
DOC-0272,user_004,Security Engineer,Read,True,Security,All
DOC-0272,user_005,Principal Engineer,Read,True,Data Engineering,Project Gamma
DOC-0272,user_006,DevOps Engineer,Read,True,DevOps,Core Infrastructure
DOC-0272,user_007,Junior Developer,Read,True,Engineering,Project Delta
DOC-0272,user_008,Engineering Manager,Read,True,Engineering,All
DOC-0273,user_001,Engineer,None,False,Engineering,Project Alpha
DOC-0273,user_002,Senior Engineer,None,False,Platform,Project Beta
DOC-0273,user_003,Architect,Read,True,Architecture,All
DOC-0273,user_004,Security Engineer,Read,True,Security,All
DOC-0273,user_005,Principal Engineer,None,False,Data Engineering,Project Gamma
DOC-0273,user_006,DevOps Engineer,None,False,DevOps,Core Infrastructure
DOC-0273,user_007,Junior Developer,None,False,Engineering,Project Delta
DOC-0273,user_008,Engineering Manager,None,False,Engineering,All
DOC-0274,user_001,Engineer,Read,True,Engineering,Project Alpha
DOC-0274,user_002,Senior Engineer,Read,True,Platform,Project Beta
DOC-0274,user_003,Architect,Read,True,Architecture,All
DOC-0274,user_004,Security Engineer,Read,True,Security,All
DOC-0274,user_005,Principal Engineer,Read,True,Data Engineering,Project Gamma
DOC-0274,user_006,DevOps Engineer,Read,True,DevOps,Core Infrastructure
DOC-0274,user_007,Junior Developer,Read,True,Engineering,Project Delta
DOC-0274,user_008,Engineering Manager,Read,True,Engineering,All
DOC-0275,user_001,Engineer,None,False,Engineering,Project Alpha
DOC-0275,user_002,Senior Engineer,None,False,Platform,Project Beta
DOC-0275,user_003,Architect,Read,True,Architecture,All
DOC-0275,user_004,Security Engineer,Read,True,Security,All
DOC-0275,user_005,Principal Engineer,Read,True,Data Engineering,Project Gamma
DOC-0275,user_006,DevOps Engineer,None,False,DevOps,Core Infrastructure
DOC-0275,user_007,Junior Developer,None,False,Engineering,Project Delta
DOC-0275,user_008,Engineering Manager,None,False,Engineering,All
DOC-0276,user_001,Engineer,None,False,Engineering,Project Alpha
DOC-0276,user_002,Senior Engineer,None,False,Platform,Project Beta
DOC-0276,user_003,Architect,Read,True,Architecture,All
DOC-0276,user_004,Security Engineer,Read,True,Security,All
DOC-0276,user_005,Principal Engineer,None,False,Data Engineering,Project Gamma
DOC-0276,user_006,DevOps Engineer,None,False,DevOps,Core Infrastructure
DOC-0276,user_007,Junior Developer,None,False,Engineering,Project Delta
DOC-0276,user_008,Engineering Manager,None,False,Engineering,All
DOC-0277,user_001,Engineer,None,False,Engineering,Project Alpha
DOC-0277,user_002,Senior Engineer,None,False,Platform,Project Beta
DOC-0277,user_003,Architect,Read,True,Architecture,All
DOC-0277,user_004,Security Engineer,Read,True,Security,All
DOC-0277,user_005,Principal Engineer,None,False,Data Engineering,Project Gamma
DOC-0277,user_006,DevOps Engineer,None,False,DevOps,Core Infrastructure
DOC-0277,user_007,Junior Developer,None,False,Engineering,Project Delta
DOC-0277,user_008,Engineering Manager,None,False,Engineering,All
DOC-0278,user_001,Engineer,None,False,Engineering,Project Alpha
DOC-0278,user_002,Senior Engineer,None,False,Platform,Project Beta
DOC-0278,user_003,Architect,Read,True,Architecture,All
DOC-0278,user_004,Security Engineer,Read,True,Security,All
DOC-0278,user_005,Principal Engineer,None,False,Data Engineering,Project Gamma
DOC-0278,user_006,DevOps Engineer,None,False,DevOps,Core Infrastructure
DOC-0278,user_007,Junior Developer,None,False,Engineering,Project Delta
DOC-0278,user_008,Engineering Manager,None,False,Engineering,All
DOC-0279,user_001,Engineer,None,False,Engineering,Project Alpha
DOC-0279,user_002,Senior Engineer,None,False,Platform,Project Beta
DOC-0279,user_003,Architect,Read,True,Architecture,All
DOC-0279,user_004,Security Engineer,Read,True,Security,All
DOC-0279,user_005,Principal Engineer,None,False,Data Engineering,Project Gamma
DOC-0279,user_006,DevOps Engineer,None,False,DevOps,Core Infrastructure
DOC-0279,user_007,Junior Developer,None,False,Engineering,Project Delta
DOC-0279,user_008,Engineering Manager,None,False,Engineering,All
DOC-0280,user_001,Engineer,Read,True,Engineering,Project Alpha
DOC-0280,user_002,Senior Engineer,Read,True,Platform,Project Beta
DOC-0280,user_003,Architect,Read,True,Architecture,All
DOC-0280,user_004,Security Engineer,Read,True,Security,All
DOC-0280,user_005,Principal Engineer,Read,True,Data Engineering,Project Gamma
DOC-0280,user_006,DevOps Engineer,Read,True,DevOps,Core Infrastructure
DOC-0280,user_007,Junior Developer,Read,True,Engineering,Project Delta
DOC-0280,user_008,Engineering Manager,Read,True,Engineering,All
DOC-0281,user_001,Engineer,None,False,Engineering,Project Alpha
DOC-0281,user_002,Senior Engineer,None,False,Platform,Project Beta
DOC-0281,user_003,Architect,Read,True,Architecture,All
DOC-0281,user_004,Security Engineer,Read,True,Security,All
DOC-0281,user_005,Principal Engineer,None,False,Data Engineering,Project Gamma
DOC-0281,user_006,DevOps Engineer,None,False,DevOps,Core Infrastructure
DOC-0281,user_007,Junior Developer,Read,True,Engineering,Project Delta
DOC-0281,user_008,Engineering Manager,None,False,Engineering,All
DOC-0282,user_001,Engineer,None,False,Engineering,Project Alpha
DOC-0282,user_002,Senior Engineer,None,False,Platform,Project Beta
DOC-0282,user_003,Architect,Read,True,Architecture,All
DOC-0282,user_004,Security Engineer,Read,True,Security,All
DOC-0282,user_005,Principal Engineer,None,False,Data Engineering,Project Gamma
DOC-0282,user_006,DevOps Engineer,Read,True,DevOps,Core Infrastructure
DOC-0282,user_007,Junior Developer,None,False,Engineering,Project Delta
DOC-0282,user_008,Engineering Manager,None,False,Engineering,All
DOC-0283,user_001,Engineer,Read,True,Engineering,Project Alpha
DOC-0283,user_002,Senior Engineer,Read,True,Platform,Project Beta
DOC-0283,user_003,Architect,Read,True,Architecture,All
DOC-0283,user_004,Security Engineer,Read,True,Security,All
DOC-0283,user_005,Principal Engineer,Read,True,Data Engineering,Project Gamma
DOC-0283,user_006,DevOps Engineer,Read,True,DevOps,Core Infrastructure
DOC-0283,user_007,Junior Developer,Read,True,Engineering,Project Delta
DOC-0283,user_008,Engineering Manager,Read,True,Engineering,All
DOC-0284,user_001,Engineer,None,False,Engineering,Project Alpha
DOC-0284,user_002,Senior Engineer,None,False,Platform,Project Beta
DOC-0284,user_003,Architect,Read,True,Architecture,All
DOC-0284,user_004,Security Engineer,Read,True,Security,All
DOC-0284,user_005,Principal Engineer,None,False,Data Engineering,Project Gamma
DOC-0284,user_006,DevOps Engineer,None,False,DevOps,Core Infrastructure
DOC-0284,user_007,Junior Developer,None,False,Engineering,Project Delta
DOC-0284,user_008,Engineering Manager,None,False,Engineering,All
DOC-0285,user_001,Engineer,Read,True,Engineering,Project Alpha
DOC-0285,user_002,Senior Engineer,Read,True,Platform,Project Beta
DOC-0285,user_003,Architect,Read,True,Architecture,All
DOC-0285,user_004,Security Engineer,Read,True,Security,All
DOC-0285,user_005,Principal Engineer,Read,True,Data Engineering,Project Gamma
DOC-0285,user_006,DevOps Engineer,Read,True,DevOps,Core Infrastructure
DOC-0285,user_007,Junior Developer,Read,True,Engineering,Project Delta
DOC-0285,user_008,Engineering Manager,Read,True,Engineering,All
DOC-0286,user_001,Engineer,None,False,Engineering,Project Alpha
DOC-0286,user_002,Senior Engineer,None,False,Platform,Project Beta
DOC-0286,user_003,Architect,Read,True,Architecture,All
DOC-0286,user_004,Security Engineer,Read,True,Security,All
DOC-0286,user_005,Principal Engineer,None,False,Data Engineering,Project Gamma
DOC-0286,user_006,DevOps Engineer,None,False,DevOps,Core Infrastructure
DOC-0286,user_007,Junior Developer,None,False,Engineering,Project Delta
DOC-0286,user_008,Engineering Manager,None,False,Engineering,All
DOC-0287,user_001,Engineer,None,False,Engineering,Project Alpha
DOC-0287,user_002,Senior Engineer,None,False,Platform,Project Beta
DOC-0287,user_003,Architect,Read,True,Architecture,All
DOC-0287,user_004,Security Engineer,Read,True,Security,All
DOC-0287,user_005,Principal Engineer,None,False,Data Engineering,Project Gamma
DOC-0287,user_006,DevOps Engineer,None,False,DevOps,Core Infrastructure
DOC-0287,user_007,Junior Developer,None,False,Engineering,Project Delta
DOC-0287,user_008,Engineering Manager,None,False,Engineering,All
DOC-0288,user_001,Engineer,Read,True,Engineering,Project Alpha
DOC-0288,user_002,Senior Engineer,Read,True,Platform,Project Beta
DOC-0288,user_003,Architect,Read,True,Architecture,All
DOC-0288,user_004,Security Engineer,Read,True,Security,All
DOC-0288,user_005,Principal Engineer,Read,True,Data Engineering,Project Gamma
DOC-0288,user_006,DevOps Engineer,Read,True,DevOps,Core Infrastructure
DOC-0288,user_007,Junior Developer,Read,True,Engineering,Project Delta
DOC-0288,user_008,Engineering Manager,Read,True,Engineering,All
DOC-0289,user_001,Engineer,None,False,Engineering,Project Alpha
DOC-0289,user_002,Senior Engineer,None,False,Platform,Project Beta
DOC-0289,user_003,Architect,Read,True,Architecture,All
DOC-0289,user_004,Security Engineer,Read,True,Security,All
DOC-0289,user_005,Principal Engineer,None,False,Data Engineering,Project Gamma
DOC-0289,user_006,DevOps Engineer,Read,True,DevOps,Core Infrastructure
DOC-0289,user_007,Junior Developer,None,False,Engineering,Project Delta
DOC-0289,user_008,Engineering Manager,None,False,Engineering,All
DOC-0290,user_001,Engineer,None,False,Engineering,Project Alpha
DOC-0290,user_002,Senior Engineer,None,False,Platform,Project Beta
DOC-0290,user_003,Architect,Read,True,Architecture,All
DOC-0290,user_004,Security Engineer,Read,True,Security,All
DOC-0290,user_005,Principal Engineer,None,False,Data Engineering,Project Gamma
DOC-0290,user_006,DevOps Engineer,None,False,DevOps,Core Infrastructure
DOC-0290,user_007,Junior Developer,Read,True,Engineering,Project Delta
DOC-0290,user_008,Engineering Manager,None,False,Engineering,All
DOC-0291,user_001,Engineer,Read,True,Engineering,Project Alpha
DOC-0291,user_002,Senior Engineer,Read,True,Platform,Project Beta
DOC-0291,user_003,Architect,Read,True,Architecture,All
DOC-0291,user_004,Security Engineer,Read,True,Security,All
DOC-0291,user_005,Principal Engineer,Read,True,Data Engineering,Project Gamma
DOC-0291,user_006,DevOps Engineer,Read,True,DevOps,Core Infrastructure
DOC-0291,user_007,Junior Developer,Read,True,Engineering,Project Delta
DOC-0291,user_008,Engineering Manager,Read,True,Engineering,All
DOC-0292,user_001,Engineer,None,False,Engineering,Project Alpha
DOC-0292,user_002,Senior Engineer,None,False,Platform,Project Beta
DOC-0292,user_003,Architect,Read,True,Architecture,All
DOC-0292,user_004,Security Engineer,Read,True,Security,All
DOC-0292,user_005,Principal Engineer,Read,True,Data Engineering,Project Gamma
DOC-0292,user_006,DevOps Engineer,None,False,DevOps,Core Infrastructure
DOC-0292,user_007,Junior Developer,None,False,Engineering,Project Delta
DOC-0292,user_008,Engineering Manager,None,False,Engineering,All
DOC-0293,user_001,Engineer,Read,True,Engineering,Project Alpha
DOC-0293,user_002,Senior Engineer,Read,True,Platform,Project Beta
DOC-0293,user_003,Architect,Read,True,Architecture,All
DOC-0293,user_004,Security Engineer,Read,True,Security,All
DOC-0293,user_005,Principal Engineer,Read,True,Data Engineering,Project Gamma
DOC-0293,user_006,DevOps Engineer,Read,True,DevOps,Core Infrastructure
DOC-0293,user_007,Junior Developer,Read,True,Engineering,Project Delta
DOC-0293,user_008,Engineering Manager,Read,True,Engineering,All
DOC-0294,user_001,Engineer,Read,True,Engineering,Project Alpha
DOC-0294,user_002,Senior Engineer,Read,True,Platform,Project Beta
DOC-0294,user_003,Architect,Read,True,Architecture,All
DOC-0294,user_004,Security Engineer,Read,True,Security,All
DOC-0294,user_005,Principal Engineer,Read,True,Data Engineering,Project Gamma
DOC-0294,user_006,DevOps Engineer,Read,True,DevOps,Core Infrastructure
DOC-0294,user_007,Junior Developer,Read,True,Engineering,Project Delta
DOC-0294,user_008,Engineering Manager,Read,True,Engineering,All
DOC-0295,user_001,Engineer,None,False,Engineering,Project Alpha
DOC-0295,user_002,Senior Engineer,None,False,Platform,Project Beta
DOC-0295,user_003,Architect,Read,True,Architecture,All
DOC-0295,user_004,Security Engineer,Read,True,Security,All
DOC-0295,user_005,Principal Engineer,Read,True,Data Engineering,Project Gamma
DOC-0295,user_006,DevOps Engineer,None,False,DevOps,Core Infrastructure
DOC-0295,user_007,Junior Developer,None,False,Engineering,Project Delta
DOC-0295,user_008,Engineering Manager,None,False,Engineering,All
DOC-0296,user_001,Engineer,Read,True,Engineering,Project Alpha
DOC-0296,user_002,Senior Engineer,Read,True,Platform,Project Beta
DOC-0296,user_003,Architect,Read,True,Architecture,All
DOC-0296,user_004,Security Engineer,Read,True,Security,All
DOC-0296,user_005,Principal Engineer,Read,True,Data Engineering,Project Gamma
DOC-0296,user_006,DevOps Engineer,Read,True,DevOps,Core Infrastructure
DOC-0296,user_007,Junior Developer,Read,True,Engineering,Project Delta
DOC-0296,user_008,Engineering Manager,Read,True,Engineering,All
DOC-0297,user_001,Engineer,Read,True,Engineering,Project Alpha
DOC-0297,user_002,Senior Engineer,Read,True,Platform,Project Beta
DOC-0297,user_003,Architect,Read,True,Architecture,All
DOC-0297,user_004,Security Engineer,Read,True,Security,All
DOC-0297,user_005,Principal Engineer,Read,True,Data Engineering,Project Gamma
DOC-0297,user_006,DevOps Engineer,Read,True,DevOps,Core Infrastructure
DOC-0297,user_007,Junior Developer,Read,True,Engineering,Project Delta
DOC-0297,user_008,Engineering Manager,Read,True,Engineering,All
DOC-0298,user_001,Engineer,Read,True,Engineering,Project Alpha
DOC-0298,user_002,Senior Engineer,Read,True,Platform,Project Beta
DOC-0298,user_003,Architect,Read,True,Architecture,All
DOC-0298,user_004,Security Engineer,Read,True,Security,All
DOC-0298,user_005,Principal Engineer,Read,True,Data Engineering,Project Gamma
DOC-0298,user_006,DevOps Engineer,Read,True,DevOps,Core Infrastructure
DOC-0298,user_007,Junior Developer,Read,True,Engineering,Project Delta
DOC-0298,user_008,Engineering Manager,Read,True,Engineering,All
DOC-0299,user_001,Engineer,Read,True,Engineering,Project Alpha
DOC-0299,user_002,Senior Engineer,None,False,Platform,Project Beta
DOC-0299,user_003,Architect,Read,True,Architecture,All
DOC-0299,user_004,Security Engineer,Read,True,Security,All
DOC-0299,user_005,Principal Engineer,None,False,Data Engineering,Project Gamma
DOC-0299,user_006,DevOps Engineer,None,False,DevOps,Core Infrastructure
DOC-0299,user_007,Junior Developer,None,False,Engineering,Project Delta
DOC-0299,user_008,Engineering Manager,None,False,Engineering,All
DOC-0300,user_001,Engineer,Read,True,Engineering,Project Alpha
DOC-0300,user_002,Senior Engineer,Read,True,Platform,Project Beta
DOC-0300,user_003,Architect,Read,True,Architecture,All
DOC-0300,user_004,Security Engineer,Read,True,Security,All
DOC-0300,user_005,Principal Engineer,Read,True,Data Engineering,Project Gamma
DOC-0300,user_006,DevOps Engineer,Read,True,DevOps,Core Infrastructure
DOC-0300,user_007,Junior Developer,Read,True,Engineering,Project Delta
DOC-0300,user_008,Engineering Manager,Read,True,Engineering,All
DOC-0301,user_001,Engineer,Read,True,Engineering,Project Alpha
DOC-0301,user_002,Senior Engineer,Read,True,Platform,Project Beta
DOC-0301,user_003,Architect,Read,True,Architecture,All
DOC-0301,user_004,Security Engineer,Read,True,Security,All
DOC-0301,user_005,Principal Engineer,Read,True,Data Engineering,Project Gamma
DOC-0301,user_006,DevOps Engineer,Read,True,DevOps,Core Infrastructure
DOC-0301,user_007,Junior Developer,Read,True,Engineering,Project Delta
DOC-0301,user_008,Engineering Manager,Read,True,Engineering,All
DOC-0302,user_001,Engineer,Read,True,Engineering,Project Alpha
DOC-0302,user_002,Senior Engineer,Read,True,Platform,Project Beta
DOC-0302,user_003,Architect,Read,True,Architecture,All
DOC-0302,user_004,Security Engineer,Read,True,Security,All
DOC-0302,user_005,Principal Engineer,Read,True,Data Engineering,Project Gamma
DOC-0302,user_006,DevOps Engineer,Read,True,DevOps,Core Infrastructure
DOC-0302,user_007,Junior Developer,Read,True,Engineering,Project Delta
DOC-0302,user_008,Engineering Manager,Read,True,Engineering,All
DOC-0303,user_001,Engineer,None,False,Engineering,Project Alpha
DOC-0303,user_002,Senior Engineer,None,False,Platform,Project Beta
DOC-0303,user_003,Architect,Read,True,Architecture,All
DOC-0303,user_004,Security Engineer,Read,True,Security,All
DOC-0303,user_005,Principal Engineer,Read,True,Data Engineering,Project Gamma
DOC-0303,user_006,DevOps Engineer,None,False,DevOps,Core Infrastructure
DOC-0303,user_007,Junior Developer,None,False,Engineering,Project Delta
DOC-0303,user_008,Engineering Manager,None,False,Engineering,All
DOC-0304,user_001,Engineer,Read,True,Engineering,Project Alpha
DOC-0304,user_002,Senior Engineer,Read,True,Platform,Project Beta
DOC-0304,user_003,Architect,Read,True,Architecture,All
DOC-0304,user_004,Security Engineer,Read,True,Security,All
DOC-0304,user_005,Principal Engineer,Read,True,Data Engineering,Project Gamma
DOC-0304,user_006,DevOps Engineer,Read,True,DevOps,Core Infrastructure
DOC-0304,user_007,Junior Developer,Read,True,Engineering,Project Delta
DOC-0304,user_008,Engineering Manager,Read,True,Engineering,All
DOC-0305,user_001,Engineer,None,False,Engineering,Project Alpha
DOC-0305,user_002,Senior Engineer,None,False,Platform,Project Beta
DOC-0305,user_003,Architect,Read,True,Architecture,All
DOC-0305,user_004,Security Engineer,Read,True,Security,All
DOC-0305,user_005,Principal Engineer,None,False,Data Engineering,Project Gamma
DOC-0305,user_006,DevOps Engineer,None,False,DevOps,Core Infrastructure
DOC-0305,user_007,Junior Developer,None,False,Engineering,Project Delta
DOC-0305,user_008,Engineering Manager,None,False,Engineering,All
DOC-0306,user_001,Engineer,None,False,Engineering,Project Alpha
DOC-0306,user_002,Senior Engineer,None,False,Platform,Project Beta
DOC-0306,user_003,Architect,Read,True,Architecture,All
DOC-0306,user_004,Security Engineer,Read,True,Security,All
DOC-0306,user_005,Principal Engineer,None,False,Data Engineering,Project Gamma
DOC-0306,user_006,DevOps Engineer,Read,True,DevOps,Core Infrastructure
DOC-0306,user_007,Junior Developer,None,False,Engineering,Project Delta
DOC-0306,user_008,Engineering Manager,None,False,Engineering,All
DOC-0307,user_001,Engineer,None,False,Engineering,Project Alpha
DOC-0307,user_002,Senior Engineer,None,False,Platform,Project Beta
DOC-0307,user_003,Architect,Read,True,Architecture,All
DOC-0307,user_004,Security Engineer,Read,True,Security,All
DOC-0307,user_005,Principal Engineer,Read,True,Data Engineering,Project Gamma
DOC-0307,user_006,DevOps Engineer,None,False,DevOps,Core Infrastructure
DOC-0307,user_007,Junior Developer,None,False,Engineering,Project Delta
DOC-0307,user_008,Engineering Manager,None,False,Engineering,All
DOC-0308,user_001,Engineer,Read,True,Engineering,Project Alpha
DOC-0308,user_002,Senior Engineer,Read,True,Platform,Project Beta
DOC-0308,user_003,Architect,Read,True,Architecture,All
DOC-0308,user_004,Security Engineer,Read,True,Security,All
DOC-0308,user_005,Principal Engineer,Read,True,Data Engineering,Project Gamma
DOC-0308,user_006,DevOps Engineer,Read,True,DevOps,Core Infrastructure
DOC-0308,user_007,Junior Developer,Read,True,Engineering,Project Delta
DOC-0308,user_008,Engineering Manager,Read,True,Engineering,All
DOC-0309,user_001,Engineer,Read,True,Engineering,Project Alpha
DOC-0309,user_002,Senior Engineer,None,False,Platform,Project Beta
DOC-0309,user_003,Architect,Read,True,Architecture,All
DOC-0309,user_004,Security Engineer,Read,True,Security,All
DOC-0309,user_005,Principal Engineer,None,False,Data Engineering,Project Gamma
DOC-0309,user_006,DevOps Engineer,None,False,DevOps,Core Infrastructure
DOC-0309,user_007,Junior Developer,None,False,Engineering,Project Delta
DOC-0309,user_008,Engineering Manager,None,False,Engineering,All
DOC-0310,user_001,Engineer,Read,True,Engineering,Project Alpha
DOC-0310,user_002,Senior Engineer,Read,True,Platform,Project Beta
DOC-0310,user_003,Architect,Read,True,Architecture,All
DOC-0310,user_004,Security Engineer,Read,True,Security,All
DOC-0310,user_005,Principal Engineer,Read,True,Data Engineering,Project Gamma
DOC-0310,user_006,DevOps Engineer,Read,True,DevOps,Core Infrastructure
DOC-0310,user_007,Junior Developer,Read,True,Engineering,Project Delta
DOC-0310,user_008,Engineering Manager,Read,True,Engineering,All
DOC-0311,user_001,Engineer,Read,True,Engineering,Project Alpha
DOC-0311,user_002,Senior Engineer,Read,True,Platform,Project Beta
DOC-0311,user_003,Architect,Read,True,Architecture,All
DOC-0311,user_004,Security Engineer,Read,True,Security,All
DOC-0311,user_005,Principal Engineer,Read,True,Data Engineering,Project Gamma
DOC-0311,user_006,DevOps Engineer,Read,True,DevOps,Core Infrastructure
DOC-0311,user_007,Junior Developer,Read,True,Engineering,Project Delta
DOC-0311,user_008,Engineering Manager,Read,True,Engineering,All
DOC-0312,user_001,Engineer,Read,True,Engineering,Project Alpha
DOC-0312,user_002,Senior Engineer,Read,True,Platform,Project Beta
DOC-0312,user_003,Architect,Read,True,Architecture,All
DOC-0312,user_004,Security Engineer,Read,True,Security,All
DOC-0312,user_005,Principal Engineer,Read,True,Data Engineering,Project Gamma
DOC-0312,user_006,DevOps Engineer,Read,True,DevOps,Core Infrastructure
DOC-0312,user_007,Junior Developer,Read,True,Engineering,Project Delta
DOC-0312,user_008,Engineering Manager,Read,True,Engineering,All
DOC-0313,user_001,Engineer,Read,True,Engineering,Project Alpha
DOC-0313,user_002,Senior Engineer,Read,True,Platform,Project Beta
DOC-0313,user_003,Architect,Read,True,Architecture,All
DOC-0313,user_004,Security Engineer,Read,True,Security,All
DOC-0313,user_005,Principal Engineer,Read,True,Data Engineering,Project Gamma
DOC-0313,user_006,DevOps Engineer,Read,True,DevOps,Core Infrastructure
DOC-0313,user_007,Junior Developer,Read,True,Engineering,Project Delta
DOC-0313,user_008,Engineering Manager,Read,True,Engineering,All
DOC-0314,user_001,Engineer,Read,True,Engineering,Project Alpha
DOC-0314,user_002,Senior Engineer,Read,True,Platform,Project Beta
DOC-0314,user_003,Architect,Read,True,Architecture,All
DOC-0314,user_004,Security Engineer,Read,True,Security,All
DOC-0314,user_005,Principal Engineer,Read,True,Data Engineering,Project Gamma
DOC-0314,user_006,DevOps Engineer,Read,True,DevOps,Core Infrastructure
DOC-0314,user_007,Junior Developer,Read,True,Engineering,Project Delta
DOC-0314,user_008,Engineering Manager,Read,True,Engineering,All
DOC-0315,user_001,Engineer,Read,True,Engineering,Project Alpha
DOC-0315,user_002,Senior Engineer,Read,True,Platform,Project Beta
DOC-0315,user_003,Architect,Read,True,Architecture,All
DOC-0315,user_004,Security Engineer,Read,True,Security,All
DOC-0315,user_005,Principal Engineer,Read,True,Data Engineering,Project Gamma
DOC-0315,user_006,DevOps Engineer,Read,True,DevOps,Core Infrastructure
DOC-0315,user_007,Junior Developer,Read,True,Engineering,Project Delta
DOC-0315,user_008,Engineering Manager,Read,True,Engineering,All
DOC-0316,user_001,Engineer,Read,True,Engineering,Project Alpha
DOC-0316,user_002,Senior Engineer,Read,True,Platform,Project Beta
DOC-0316,user_003,Architect,Read,True,Architecture,All
DOC-0316,user_004,Security Engineer,Read,True,Security,All
DOC-0316,user_005,Principal Engineer,Read,True,Data Engineering,Project Gamma
DOC-0316,user_006,DevOps Engineer,Read,True,DevOps,Core Infrastructure
DOC-0316,user_007,Junior Developer,Read,True,Engineering,Project Delta
DOC-0316,user_008,Engineering Manager,Read,True,Engineering,All
DOC-0317,user_001,Engineer,Read,True,Engineering,Project Alpha
DOC-0317,user_002,Senior Engineer,Read,True,Platform,Project Beta
DOC-0317,user_003,Architect,Read,True,Architecture,All
DOC-0317,user_004,Security Engineer,Read,True,Security,All
DOC-0317,user_005,Principal Engineer,Read,True,Data Engineering,Project Gamma
DOC-0317,user_006,DevOps Engineer,Read,True,DevOps,Core Infrastructure
DOC-0317,user_007,Junior Developer,Read,True,Engineering,Project Delta
DOC-0317,user_008,Engineering Manager,Read,True,Engineering,All
DOC-0318,user_001,Engineer,Read,True,Engineering,Project Alpha
DOC-0318,user_002,Senior Engineer,Read,True,Platform,Project Beta
DOC-0318,user_003,Architect,Read,True,Architecture,All
DOC-0318,user_004,Security Engineer,Read,True,Security,All
DOC-0318,user_005,Principal Engineer,Read,True,Data Engineering,Project Gamma
DOC-0318,user_006,DevOps Engineer,Read,True,DevOps,Core Infrastructure
DOC-0318,user_007,Junior Developer,Read,True,Engineering,Project Delta
DOC-0318,user_008,Engineering Manager,Read,True,Engineering,All
DOC-0319,user_001,Engineer,Read,True,Engineering,Project Alpha
DOC-0319,user_002,Senior Engineer,Read,True,Platform,Project Beta
DOC-0319,user_003,Architect,Read,True,Architecture,All
DOC-0319,user_004,Security Engineer,Read,True,Security,All
DOC-0319,user_005,Principal Engineer,Read,True,Data Engineering,Project Gamma
DOC-0319,user_006,DevOps Engineer,Read,True,DevOps,Core Infrastructure
DOC-0319,user_007,Junior Developer,Read,True,Engineering,Project Delta
DOC-0319,user_008,Engineering Manager,Read,True,Engineering,All
DOC-0320,user_001,Engineer,None,False,Engineering,Project Alpha
DOC-0320,user_002,Senior Engineer,None,False,Platform,Project Beta
DOC-0320,user_003,Architect,Read,True,Architecture,All
DOC-0320,user_004,Security Engineer,Read,True,Security,All
DOC-0320,user_005,Principal Engineer,None,False,Data Engineering,Project Gamma
DOC-0320,user_006,DevOps Engineer,None,False,DevOps,Core Infrastructure
DOC-0320,user_007,Junior Developer,None,False,Engineering,Project Delta
DOC-0320,user_008,Engineering Manager,None,False,Engineering,All
DOC-0321,user_001,Engineer,Read,True,Engineering,Project Alpha
DOC-0321,user_002,Senior Engineer,None,False,Platform,Project Beta
DOC-0321,user_003,Architect,Read,True,Architecture,All
DOC-0321,user_004,Security Engineer,Read,True,Security,All
DOC-0321,user_005,Principal Engineer,None,False,Data Engineering,Project Gamma
DOC-0321,user_006,DevOps Engineer,None,False,DevOps,Core Infrastructure
DOC-0321,user_007,Junior Developer,None,False,Engineering,Project Delta
DOC-0321,user_008,Engineering Manager,None,False,Engineering,All
DOC-0322,user_001,Engineer,None,False,Engineering,Project Alpha
DOC-0322,user_002,Senior Engineer,None,False,Platform,Project Beta
DOC-0322,user_003,Architect,Read,True,Architecture,All
DOC-0322,user_004,Security Engineer,Read,True,Security,All
DOC-0322,user_005,Principal Engineer,None,False,Data Engineering,Project Gamma
DOC-0322,user_006,DevOps Engineer,None,False,DevOps,Core Infrastructure
DOC-0322,user_007,Junior Developer,None,False,Engineering,Project Delta
DOC-0322,user_008,Engineering Manager,None,False,Engineering,All
DOC-0323,user_001,Engineer,None,False,Engineering,Project Alpha
DOC-0323,user_002,Senior Engineer,None,False,Platform,Project Beta
DOC-0323,user_003,Architect,Read,True,Architecture,All
DOC-0323,user_004,Security Engineer,Read,True,Security,All
DOC-0323,user_005,Principal Engineer,Read,True,Data Engineering,Project Gamma
DOC-0323,user_006,DevOps Engineer,None,False,DevOps,Core Infrastructure
DOC-0323,user_007,Junior Developer,None,False,Engineering,Project Delta
DOC-0323,user_008,Engineering Manager,None,False,Engineering,All
DOC-0324,user_001,Engineer,Read,True,Engineering,Project Alpha
DOC-0324,user_002,Senior Engineer,Read,True,Platform,Project Beta
DOC-0324,user_003,Architect,Read,True,Architecture,All
DOC-0324,user_004,Security Engineer,Read,True,Security,All
DOC-0324,user_005,Principal Engineer,Read,True,Data Engineering,Project Gamma
DOC-0324,user_006,DevOps Engineer,Read,True,DevOps,Core Infrastructure
DOC-0324,user_007,Junior Developer,Read,True,Engineering,Project Delta
DOC-0324,user_008,Engineering Manager,Read,True,Engineering,All
DOC-0325,user_001,Engineer,Read,True,Engineering,Project Alpha
DOC-0325,user_002,Senior Engineer,Read,True,Platform,Project Beta
DOC-0325,user_003,Architect,Read,True,Architecture,All
DOC-0325,user_004,Security Engineer,Read,True,Security,All
DOC-0325,user_005,Principal Engineer,Read,True,Data Engineering,Project Gamma
DOC-0325,user_006,DevOps Engineer,Read,True,DevOps,Core Infrastructure
DOC-0325,user_007,Junior Developer,Read,True,Engineering,Project Delta
DOC-0325,user_008,Engineering Manager,Read,True,Engineering,All
DOC-0326,user_001,Engineer,Read,True,Engineering,Project Alpha
DOC-0326,user_002,Senior Engineer,Read,True,Platform,Project Beta
DOC-0326,user_003,Architect,Read,True,Architecture,All
DOC-0326,user_004,Security Engineer,Read,True,Security,All
DOC-0326,user_005,Principal Engineer,Read,True,Data Engineering,Project Gamma
DOC-0326,user_006,DevOps Engineer,Read,True,DevOps,Core Infrastructure
DOC-0326,user_007,Junior Developer,Read,True,Engineering,Project Delta
DOC-0326,user_008,Engineering Manager,Read,True,Engineering,All
DOC-0327,user_001,Engineer,Read,True,Engineering,Project Alpha
DOC-0327,user_002,Senior Engineer,Read,True,Platform,Project Beta
DOC-0327,user_003,Architect,Read,True,Architecture,All
DOC-0327,user_004,Security Engineer,Read,True,Security,All
DOC-0327,user_005,Principal Engineer,Read,True,Data Engineering,Project Gamma
DOC-0327,user_006,DevOps Engineer,Read,True,DevOps,Core Infrastructure
DOC-0327,user_007,Junior Developer,Read,True,Engineering,Project Delta
DOC-0327,user_008,Engineering Manager,Read,True,Engineering,All
DOC-0328,user_001,Engineer,None,False,Engineering,Project Alpha
DOC-0328,user_002,Senior Engineer,None,False,Platform,Project Beta
DOC-0328,user_003,Architect,Read,True,Architecture,All
DOC-0328,user_004,Security Engineer,Read,True,Security,All
DOC-0328,user_005,Principal Engineer,Read,True,Data Engineering,Project Gamma
DOC-0328,user_006,DevOps Engineer,None,False,DevOps,Core Infrastructure
DOC-0328,user_007,Junior Developer,None,False,Engineering,Project Delta
DOC-0328,user_008,Engineering Manager,None,False,Engineering,All
DOC-0329,user_001,Engineer,None,False,Engineering,Project Alpha
DOC-0329,user_002,Senior Engineer,None,False,Platform,Project Beta
DOC-0329,user_003,Architect,Read,True,Architecture,All
DOC-0329,user_004,Security Engineer,Read,True,Security,All
DOC-0329,user_005,Principal Engineer,None,False,Data Engineering,Project Gamma
DOC-0329,user_006,DevOps Engineer,None,False,DevOps,Core Infrastructure
DOC-0329,user_007,Junior Developer,None,False,Engineering,Project Delta
DOC-0329,user_008,Engineering Manager,None,False,Engineering,All
DOC-0330,user_001,Engineer,None,False,Engineering,Project Alpha
DOC-0330,user_002,Senior Engineer,None,False,Platform,Project Beta
DOC-0330,user_003,Architect,Read,True,Architecture,All
DOC-0330,user_004,Security Engineer,Read,True,Security,All
DOC-0330,user_005,Principal Engineer,Read,True,Data Engineering,Project Gamma
DOC-0330,user_006,DevOps Engineer,None,False,DevOps,Core Infrastructure
DOC-0330,user_007,Junior Developer,None,False,Engineering,Project Delta
DOC-0330,user_008,Engineering Manager,None,False,Engineering,All
DOC-0331,user_001,Engineer,Read,True,Engineering,Project Alpha
DOC-0331,user_002,Senior Engineer,Read,True,Platform,Project Beta
DOC-0331,user_003,Architect,Read,True,Architecture,All
DOC-0331,user_004,Security Engineer,Read,True,Security,All
DOC-0331,user_005,Principal Engineer,Read,True,Data Engineering,Project Gamma
DOC-0331,user_006,DevOps Engineer,Read,True,DevOps,Core Infrastructure
DOC-0331,user_007,Junior Developer,Read,True,Engineering,Project Delta
DOC-0331,user_008,Engineering Manager,Read,True,Engineering,All
DOC-0332,user_001,Engineer,Read,True,Engineering,Project Alpha
DOC-0332,user_002,Senior Engineer,Read,True,Platform,Project Beta
DOC-0332,user_003,Architect,Read,True,Architecture,All
DOC-0332,user_004,Security Engineer,Read,True,Security,All
DOC-0332,user_005,Principal Engineer,Read,True,Data Engineering,Project Gamma
DOC-0332,user_006,DevOps Engineer,Read,True,DevOps,Core Infrastructure
DOC-0332,user_007,Junior Developer,Read,True,Engineering,Project Delta
DOC-0332,user_008,Engineering Manager,Read,True,Engineering,All
DOC-0333,user_001,Engineer,None,False,Engineering,Project Alpha
DOC-0333,user_002,Senior Engineer,None,False,Platform,Project Beta
DOC-0333,user_003,Architect,Read,True,Architecture,All
DOC-0333,user_004,Security Engineer,Read,True,Security,All
DOC-0333,user_005,Principal Engineer,None,False,Data Engineering,Project Gamma
DOC-0333,user_006,DevOps Engineer,None,False,DevOps,Core Infrastructure
DOC-0333,user_007,Junior Developer,Read,True,Engineering,Project Delta
DOC-0333,user_008,Engineering Manager,None,False,Engineering,All
DOC-0334,user_001,Engineer,None,False,Engineering,Project Alpha
DOC-0334,user_002,Senior Engineer,None,False,Platform,Project Beta
DOC-0334,user_003,Architect,Read,True,Architecture,All
DOC-0334,user_004,Security Engineer,Read,True,Security,All
DOC-0334,user_005,Principal Engineer,None,False,Data Engineering,Project Gamma
DOC-0334,user_006,DevOps Engineer,Read,True,DevOps,Core Infrastructure
DOC-0334,user_007,Junior Developer,None,False,Engineering,Project Delta
DOC-0334,user_008,Engineering Manager,None,False,Engineering,All
DOC-0335,user_001,Engineer,None,False,Engineering,Project Alpha
DOC-0335,user_002,Senior Engineer,None,False,Platform,Project Beta
DOC-0335,user_003,Architect,Read,True,Architecture,All
DOC-0335,user_004,Security Engineer,Read,True,Security,All
DOC-0335,user_005,Principal Engineer,Read,True,Data Engineering,Project Gamma
DOC-0335,user_006,DevOps Engineer,None,False,DevOps,Core Infrastructure
DOC-0335,user_007,Junior Developer,None,False,Engineering,Project Delta
DOC-0335,user_008,Engineering Manager,None,False,Engineering,All
DOC-0336,user_001,Engineer,None,False,Engineering,Project Alpha
DOC-0336,user_002,Senior Engineer,None,False,Platform,Project Beta
DOC-0336,user_003,Architect,Read,True,Architecture,All
DOC-0336,user_004,Security Engineer,Read,True,Security,All
DOC-0336,user_005,Principal Engineer,None,False,Data Engineering,Project Gamma
DOC-0336,user_006,DevOps Engineer,None,False,DevOps,Core Infrastructure
DOC-0336,user_007,Junior Developer,Read,True,Engineering,Project Delta
DOC-0336,user_008,Engineering Manager,None,False,Engineering,All
DOC-0337,user_001,Engineer,None,False,Engineering,Project Alpha
DOC-0337,user_002,Senior Engineer,None,False,Platform,Project Beta
DOC-0337,user_003,Architect,Read,True,Architecture,All
DOC-0337,user_004,Security Engineer,Read,True,Security,All
DOC-0337,user_005,Principal Engineer,Read,True,Data Engineering,Project Gamma
DOC-0337,user_006,DevOps Engineer,None,False,DevOps,Core Infrastructure
DOC-0337,user_007,Junior Developer,None,False,Engineering,Project Delta
DOC-0337,user_008,Engineering Manager,None,False,Engineering,All
DOC-0338,user_001,Engineer,Read,True,Engineering,Project Alpha
DOC-0338,user_002,Senior Engineer,Read,True,Platform,Project Beta
DOC-0338,user_003,Architect,Read,True,Architecture,All
DOC-0338,user_004,Security Engineer,Read,True,Security,All
DOC-0338,user_005,Principal Engineer,Read,True,Data Engineering,Project Gamma
DOC-0338,user_006,DevOps Engineer,Read,True,DevOps,Core Infrastructure
DOC-0338,user_007,Junior Developer,Read,True,Engineering,Project Delta
DOC-0338,user_008,Engineering Manager,Read,True,Engineering,All
DOC-0339,user_001,Engineer,Read,True,Engineering,Project Alpha
DOC-0339,user_002,Senior Engineer,Read,True,Platform,Project Beta
DOC-0339,user_003,Architect,Read,True,Architecture,All
DOC-0339,user_004,Security Engineer,Read,True,Security,All
DOC-0339,user_005,Principal Engineer,Read,True,Data Engineering,Project Gamma
DOC-0339,user_006,DevOps Engineer,Read,True,DevOps,Core Infrastructure
DOC-0339,user_007,Junior Developer,Read,True,Engineering,Project Delta
DOC-0339,user_008,Engineering Manager,Read,True,Engineering,All
DOC-0340,user_001,Engineer,None,False,Engineering,Project Alpha
DOC-0340,user_002,Senior Engineer,Read,True,Platform,Project Beta
DOC-0340,user_003,Architect,Read,True,Architecture,All
DOC-0340,user_004,Security Engineer,Read,True,Security,All
DOC-0340,user_005,Principal Engineer,None,False,Data Engineering,Project Gamma
DOC-0340,user_006,DevOps Engineer,None,False,DevOps,Core Infrastructure
DOC-0340,user_007,Junior Developer,None,False,Engineering,Project Delta
DOC-0340,user_008,Engineering Manager,None,False,Engineering,All
DOC-0341,user_001,Engineer,None,False,Engineering,Project Alpha
DOC-0341,user_002,Senior Engineer,None,False,Platform,Project Beta
DOC-0341,user_003,Architect,Read,True,Architecture,All
DOC-0341,user_004,Security Engineer,Read,True,Security,All
DOC-0341,user_005,Principal Engineer,None,False,Data Engineering,Project Gamma
DOC-0341,user_006,DevOps Engineer,None,False,DevOps,Core Infrastructure
DOC-0341,user_007,Junior Developer,None,False,Engineering,Project Delta
DOC-0341,user_008,Engineering Manager,None,False,Engineering,All
DOC-0342,user_001,Engineer,None,False,Engineering,Project Alpha
DOC-0342,user_002,Senior Engineer,None,False,Platform,Project Beta
DOC-0342,user_003,Architect,Read,True,Architecture,All
DOC-0342,user_004,Security Engineer,Read,True,Security,All
DOC-0342,user_005,Principal Engineer,None,False,Data Engineering,Project Gamma
DOC-0342,user_006,DevOps Engineer,None,False,DevOps,Core Infrastructure
DOC-0342,user_007,Junior Developer,None,False,Engineering,Project Delta
DOC-0342,user_008,Engineering Manager,None,False,Engineering,All
DOC-0343,user_001,Engineer,Read,True,Engineering,Project Alpha
DOC-0343,user_002,Senior Engineer,Read,True,Platform,Project Beta
DOC-0343,user_003,Architect,Read,True,Architecture,All
DOC-0343,user_004,Security Engineer,Read,True,Security,All
DOC-0343,user_005,Principal Engineer,Read,True,Data Engineering,Project Gamma
DOC-0343,user_006,DevOps Engineer,Read,True,DevOps,Core Infrastructure
DOC-0343,user_007,Junior Developer,Read,True,Engineering,Project Delta
DOC-0343,user_008,Engineering Manager,Read,True,Engineering,All
DOC-0344,user_001,Engineer,Read,True,Engineering,Project Alpha
DOC-0344,user_002,Senior Engineer,Read,True,Platform,Project Beta
DOC-0344,user_003,Architect,Read,True,Architecture,All
DOC-0344,user_004,Security Engineer,Read,True,Security,All
DOC-0344,user_005,Principal Engineer,Read,True,Data Engineering,Project Gamma
DOC-0344,user_006,DevOps Engineer,Read,True,DevOps,Core Infrastructure
DOC-0344,user_007,Junior Developer,Read,True,Engineering,Project Delta
DOC-0344,user_008,Engineering Manager,Read,True,Engineering,All
DOC-0345,user_001,Engineer,None,False,Engineering,Project Alpha
DOC-0345,user_002,Senior Engineer,None,False,Platform,Project Beta
DOC-0345,user_003,Architect,Read,True,Architecture,All
DOC-0345,user_004,Security Engineer,Read,True,Security,All
DOC-0345,user_005,Principal Engineer,None,False,Data Engineering,Project Gamma
DOC-0345,user_006,DevOps Engineer,Read,True,DevOps,Core Infrastructure
DOC-0345,user_007,Junior Developer,None,False,Engineering,Project Delta
DOC-0345,user_008,Engineering Manager,None,False,Engineering,All
DOC-0346,user_001,Engineer,None,False,Engineering,Project Alpha
DOC-0346,user_002,Senior Engineer,None,False,Platform,Project Beta
DOC-0346,user_003,Architect,Read,True,Architecture,All
DOC-0346,user_004,Security Engineer,Read,True,Security,All
DOC-0346,user_005,Principal Engineer,Read,True,Data Engineering,Project Gamma
DOC-0346,user_006,DevOps Engineer,None,False,DevOps,Core Infrastructure
DOC-0346,user_007,Junior Developer,None,False,Engineering,Project Delta
DOC-0346,user_008,Engineering Manager,None,False,Engineering,All
DOC-0347,user_001,Engineer,Read,True,Engineering,Project Alpha
DOC-0347,user_002,Senior Engineer,Read,True,Platform,Project Beta
DOC-0347,user_003,Architect,Read,True,Architecture,All
DOC-0347,user_004,Security Engineer,Read,True,Security,All
DOC-0347,user_005,Principal Engineer,Read,True,Data Engineering,Project Gamma
DOC-0347,user_006,DevOps Engineer,Read,True,DevOps,Core Infrastructure
DOC-0347,user_007,Junior Developer,Read,True,Engineering,Project Delta
DOC-0347,user_008,Engineering Manager,Read,True,Engineering,All
DOC-0348,user_001,Engineer,Read,True,Engineering,Project Alpha
DOC-0348,user_002,Senior Engineer,Read,True,Platform,Project Beta
DOC-0348,user_003,Architect,Read,True,Architecture,All
DOC-0348,user_004,Security Engineer,Read,True,Security,All
DOC-0348,user_005,Principal Engineer,Read,True,Data Engineering,Project Gamma
DOC-0348,user_006,DevOps Engineer,Read,True,DevOps,Core Infrastructure
DOC-0348,user_007,Junior Developer,Read,True,Engineering,Project Delta
DOC-0348,user_008,Engineering Manager,Read,True,Engineering,All
DOC-0349,user_001,Engineer,None,False,Engineering,Project Alpha
DOC-0349,user_002,Senior Engineer,Read,True,Platform,Project Beta
DOC-0349,user_003,Architect,Read,True,Architecture,All
DOC-0349,user_004,Security Engineer,Read,True,Security,All
DOC-0349,user_005,Principal Engineer,None,False,Data Engineering,Project Gamma
DOC-0349,user_006,DevOps Engineer,None,False,DevOps,Core Infrastructure
DOC-0349,user_007,Junior Developer,None,False,Engineering,Project Delta
DOC-0349,user_008,Engineering Manager,None,False,Engineering,All
DOC-0350,user_001,Engineer,None,False,Engineering,Project Alpha
DOC-0350,user_002,Senior Engineer,None,False,Platform,Project Beta
DOC-0350,user_003,Architect,Read,True,Architecture,All
DOC-0350,user_004,Security Engineer,Read,True,Security,All
DOC-0350,user_005,Principal Engineer,None,False,Data Engineering,Project Gamma
DOC-0350,user_006,DevOps Engineer,None,False,DevOps,Core Infrastructure
DOC-0350,user_007,Junior Developer,Read,True,Engineering,Project Delta
DOC-0350,user_008,Engineering Manager,None,False,Engineering,All
DOC-0351,user_001,Engineer,Read,True,Engineering,Project Alpha
DOC-0351,user_002,Senior Engineer,Read,True,Platform,Project Beta
DOC-0351,user_003,Architect,Read,True,Architecture,All
DOC-0351,user_004,Security Engineer,Read,True,Security,All
DOC-0351,user_005,Principal Engineer,Read,True,Data Engineering,Project Gamma
DOC-0351,user_006,DevOps Engineer,Read,True,DevOps,Core Infrastructure
DOC-0351,user_007,Junior Developer,Read,True,Engineering,Project Delta
DOC-0351,user_008,Engineering Manager,Read,True,Engineering,All
DOC-0352,user_001,Engineer,None,False,Engineering,Project Alpha
DOC-0352,user_002,Senior Engineer,None,False,Platform,Project Beta
DOC-0352,user_003,Architect,Read,True,Architecture,All
DOC-0352,user_004,Security Engineer,Read,True,Security,All
DOC-0352,user_005,Principal Engineer,Read,True,Data Engineering,Project Gamma
DOC-0352,user_006,DevOps Engineer,None,False,DevOps,Core Infrastructure
DOC-0352,user_007,Junior Developer,None,False,Engineering,Project Delta
DOC-0352,user_008,Engineering Manager,None,False,Engineering,All
DOC-0353,user_001,Engineer,None,False,Engineering,Project Alpha
DOC-0353,user_002,Senior Engineer,None,False,Platform,Project Beta
DOC-0353,user_003,Architect,Read,True,Architecture,All
DOC-0353,user_004,Security Engineer,Read,True,Security,All
DOC-0353,user_005,Principal Engineer,None,False,Data Engineering,Project Gamma
DOC-0353,user_006,DevOps Engineer,None,False,DevOps,Core Infrastructure
DOC-0353,user_007,Junior Developer,None,False,Engineering,Project Delta
DOC-0353,user_008,Engineering Manager,None,False,Engineering,All
DOC-0354,user_001,Engineer,Read,True,Engineering,Project Alpha
DOC-0354,user_002,Senior Engineer,Read,True,Platform,Project Beta
DOC-0354,user_003,Architect,Read,True,Architecture,All
DOC-0354,user_004,Security Engineer,Read,True,Security,All
DOC-0354,user_005,Principal Engineer,Read,True,Data Engineering,Project Gamma
DOC-0354,user_006,DevOps Engineer,Read,True,DevOps,Core Infrastructure
DOC-0354,user_007,Junior Developer,Read,True,Engineering,Project Delta
DOC-0354,user_008,Engineering Manager,Read,True,Engineering,All
DOC-0355,user_001,Engineer,None,False,Engineering,Project Alpha
DOC-0355,user_002,Senior Engineer,None,False,Platform,Project Beta
DOC-0355,user_003,Architect,Read,True,Architecture,All
DOC-0355,user_004,Security Engineer,Read,True,Security,All
DOC-0355,user_005,Principal Engineer,Read,True,Data Engineering,Project Gamma
DOC-0355,user_006,DevOps Engineer,None,False,DevOps,Core Infrastructure
DOC-0355,user_007,Junior Developer,None,False,Engineering,Project Delta
DOC-0355,user_008,Engineering Manager,None,False,Engineering,All
DOC-0356,user_001,Engineer,Read,True,Engineering,Project Alpha
DOC-0356,user_002,Senior Engineer,Read,True,Platform,Project Beta
DOC-0356,user_003,Architect,Read,True,Architecture,All
DOC-0356,user_004,Security Engineer,Read,True,Security,All
DOC-0356,user_005,Principal Engineer,Read,True,Data Engineering,Project Gamma
DOC-0356,user_006,DevOps Engineer,Read,True,DevOps,Core Infrastructure
DOC-0356,user_007,Junior Developer,Read,True,Engineering,Project Delta
DOC-0356,user_008,Engineering Manager,Read,True,Engineering,All
DOC-0357,user_001,Engineer,Read,True,Engineering,Project Alpha
DOC-0357,user_002,Senior Engineer,Read,True,Platform,Project Beta
DOC-0357,user_003,Architect,Read,True,Architecture,All
DOC-0357,user_004,Security Engineer,Read,True,Security,All
DOC-0357,user_005,Principal Engineer,Read,True,Data Engineering,Project Gamma
DOC-0357,user_006,DevOps Engineer,Read,True,DevOps,Core Infrastructure
DOC-0357,user_007,Junior Developer,Read,True,Engineering,Project Delta
DOC-0357,user_008,Engineering Manager,Read,True,Engineering,All
DOC-0358,user_001,Engineer,None,False,Engineering,Project Alpha
DOC-0358,user_002,Senior Engineer,None,False,Platform,Project Beta
DOC-0358,user_003,Architect,Read,True,Architecture,All
DOC-0358,user_004,Security Engineer,Read,True,Security,All
DOC-0358,user_005,Principal Engineer,Read,True,Data Engineering,Project Gamma
DOC-0358,user_006,DevOps Engineer,None,False,DevOps,Core Infrastructure
DOC-0358,user_007,Junior Developer,None,False,Engineering,Project Delta
DOC-0358,user_008,Engineering Manager,None,False,Engineering,All
DOC-0359,user_001,Engineer,None,False,Engineering,Project Alpha
DOC-0359,user_002,Senior Engineer,None,False,Platform,Project Beta
DOC-0359,user_003,Architect,Read,True,Architecture,All
DOC-0359,user_004,Security Engineer,Read,True,Security,All
DOC-0359,user_005,Principal Engineer,None,False,Data Engineering,Project Gamma
DOC-0359,user_006,DevOps Engineer,None,False,DevOps,Core Infrastructure
DOC-0359,user_007,Junior Developer,None,False,Engineering,Project Delta
DOC-0359,user_008,Engineering Manager,None,False,Engineering,All
DOC-0360,user_001,Engineer,Read,True,Engineering,Project Alpha
DOC-0360,user_002,Senior Engineer,Read,True,Platform,Project Beta
DOC-0360,user_003,Architect,Read,True,Architecture,All
DOC-0360,user_004,Security Engineer,Read,True,Security,All
DOC-0360,user_005,Principal Engineer,Read,True,Data Engineering,Project Gamma
DOC-0360,user_006,DevOps Engineer,Read,True,DevOps,Core Infrastructure
DOC-0360,user_007,Junior Developer,Read,True,Engineering,Project Delta
DOC-0360,user_008,Engineering Manager,Read,True,Engineering,All
DOC-0361,user_001,Engineer,Read,True,Engineering,Project Alpha
DOC-0361,user_002,Senior Engineer,Read,True,Platform,Project Beta
DOC-0361,user_003,Architect,Read,True,Architecture,All
DOC-0361,user_004,Security Engineer,Read,True,Security,All
DOC-0361,user_005,Principal Engineer,Read,True,Data Engineering,Project Gamma
DOC-0361,user_006,DevOps Engineer,Read,True,DevOps,Core Infrastructure
DOC-0361,user_007,Junior Developer,Read,True,Engineering,Project Delta
DOC-0361,user_008,Engineering Manager,Read,True,Engineering,All
DOC-0362,user_001,Engineer,Read,True,Engineering,Project Alpha
DOC-0362,user_002,Senior Engineer,Read,True,Platform,Project Beta
DOC-0362,user_003,Architect,Read,True,Architecture,All
DOC-0362,user_004,Security Engineer,Read,True,Security,All
DOC-0362,user_005,Principal Engineer,Read,True,Data Engineering,Project Gamma
DOC-0362,user_006,DevOps Engineer,Read,True,DevOps,Core Infrastructure
DOC-0362,user_007,Junior Developer,Read,True,Engineering,Project Delta
DOC-0362,user_008,Engineering Manager,Read,True,Engineering,All
DOC-0363,user_001,Engineer,None,False,Engineering,Project Alpha
DOC-0363,user_002,Senior Engineer,None,False,Platform,Project Beta
DOC-0363,user_003,Architect,Read,True,Architecture,All
DOC-0363,user_004,Security Engineer,Read,True,Security,All
DOC-0363,user_005,Principal Engineer,None,False,Data Engineering,Project Gamma
DOC-0363,user_006,DevOps Engineer,None,False,DevOps,Core Infrastructure
DOC-0363,user_007,Junior Developer,Read,True,Engineering,Project Delta
DOC-0363,user_008,Engineering Manager,None,False,Engineering,All
DOC-0364,user_001,Engineer,Read,True,Engineering,Project Alpha
DOC-0364,user_002,Senior Engineer,Read,True,Platform,Project Beta
DOC-0364,user_003,Architect,Read,True,Architecture,All
DOC-0364,user_004,Security Engineer,Read,True,Security,All
DOC-0364,user_005,Principal Engineer,Read,True,Data Engineering,Project Gamma
DOC-0364,user_006,DevOps Engineer,Read,True,DevOps,Core Infrastructure
DOC-0364,user_007,Junior Developer,Read,True,Engineering,Project Delta
DOC-0364,user_008,Engineering Manager,Read,True,Engineering,All
DOC-0365,user_001,Engineer,None,False,Engineering,Project Alpha
DOC-0365,user_002,Senior Engineer,None,False,Platform,Project Beta
DOC-0365,user_003,Architect,Read,True,Architecture,All
DOC-0365,user_004,Security Engineer,Read,True,Security,All
DOC-0365,user_005,Principal Engineer,None,False,Data Engineering,Project Gamma
DOC-0365,user_006,DevOps Engineer,None,False,DevOps,Core Infrastructure
DOC-0365,user_007,Junior Developer,None,False,Engineering,Project Delta
DOC-0365,user_008,Engineering Manager,None,False,Engineering,All
DOC-0366,user_001,Engineer,Read,True,Engineering,Project Alpha
DOC-0366,user_002,Senior Engineer,Read,True,Platform,Project Beta
DOC-0366,user_003,Architect,Read,True,Architecture,All
DOC-0366,user_004,Security Engineer,Read,True,Security,All
DOC-0366,user_005,Principal Engineer,Read,True,Data Engineering,Project Gamma
DOC-0366,user_006,DevOps Engineer,Read,True,DevOps,Core Infrastructure
DOC-0366,user_007,Junior Developer,Read,True,Engineering,Project Delta
DOC-0366,user_008,Engineering Manager,Read,True,Engineering,All
DOC-0367,user_001,Engineer,None,False,Engineering,Project Alpha
DOC-0367,user_002,Senior Engineer,None,False,Platform,Project Beta
DOC-0367,user_003,Architect,Read,True,Architecture,All
DOC-0367,user_004,Security Engineer,Read,True,Security,All
DOC-0367,user_005,Principal Engineer,Read,True,Data Engineering,Project Gamma
DOC-0367,user_006,DevOps Engineer,None,False,DevOps,Core Infrastructure
DOC-0367,user_007,Junior Developer,None,False,Engineering,Project Delta
DOC-0367,user_008,Engineering Manager,None,False,Engineering,All
DOC-0368,user_001,Engineer,Read,True,Engineering,Project Alpha
DOC-0368,user_002,Senior Engineer,Read,True,Platform,Project Beta
DOC-0368,user_003,Architect,Read,True,Architecture,All
DOC-0368,user_004,Security Engineer,Read,True,Security,All
DOC-0368,user_005,Principal Engineer,Read,True,Data Engineering,Project Gamma
DOC-0368,user_006,DevOps Engineer,Read,True,DevOps,Core Infrastructure
DOC-0368,user_007,Junior Developer,Read,True,Engineering,Project Delta
DOC-0368,user_008,Engineering Manager,Read,True,Engineering,All
DOC-0369,user_001,Engineer,None,False,Engineering,Project Alpha
DOC-0369,user_002,Senior Engineer,Read,True,Platform,Project Beta
DOC-0369,user_003,Architect,Read,True,Architecture,All
DOC-0369,user_004,Security Engineer,Read,True,Security,All
DOC-0369,user_005,Principal Engineer,None,False,Data Engineering,Project Gamma
DOC-0369,user_006,DevOps Engineer,None,False,DevOps,Core Infrastructure
DOC-0369,user_007,Junior Developer,None,False,Engineering,Project Delta
DOC-0369,user_008,Engineering Manager,None,False,Engineering,All
DOC-0370,user_001,Engineer,None,False,Engineering,Project Alpha
DOC-0370,user_002,Senior Engineer,None,False,Platform,Project Beta
DOC-0370,user_003,Architect,Read,True,Architecture,All
DOC-0370,user_004,Security Engineer,Read,True,Security,All
DOC-0370,user_005,Principal Engineer,None,False,Data Engineering,Project Gamma
DOC-0370,user_006,DevOps Engineer,None,False,DevOps,Core Infrastructure
DOC-0370,user_007,Junior Developer,None,False,Engineering,Project Delta
DOC-0370,user_008,Engineering Manager,None,False,Engineering,All
DOC-0371,user_001,Engineer,Read,True,Engineering,Project Alpha
DOC-0371,user_002,Senior Engineer,Read,True,Platform,Project Beta
DOC-0371,user_003,Architect,Read,True,Architecture,All
DOC-0371,user_004,Security Engineer,Read,True,Security,All
DOC-0371,user_005,Principal Engineer,Read,True,Data Engineering,Project Gamma
DOC-0371,user_006,DevOps Engineer,Read,True,DevOps,Core Infrastructure
DOC-0371,user_007,Junior Developer,Read,True,Engineering,Project Delta
DOC-0371,user_008,Engineering Manager,Read,True,Engineering,All
DOC-0372,user_001,Engineer,Read,True,Engineering,Project Alpha
DOC-0372,user_002,Senior Engineer,Read,True,Platform,Project Beta
DOC-0372,user_003,Architect,Read,True,Architecture,All
DOC-0372,user_004,Security Engineer,Read,True,Security,All
DOC-0372,user_005,Principal Engineer,Read,True,Data Engineering,Project Gamma
DOC-0372,user_006,DevOps Engineer,Read,True,DevOps,Core Infrastructure
DOC-0372,user_007,Junior Developer,Read,True,Engineering,Project Delta
DOC-0372,user_008,Engineering Manager,Read,True,Engineering,All
DOC-0373,user_001,Engineer,Read,True,Engineering,Project Alpha
DOC-0373,user_002,Senior Engineer,Read,True,Platform,Project Beta
DOC-0373,user_003,Architect,Read,True,Architecture,All
DOC-0373,user_004,Security Engineer,Read,True,Security,All
DOC-0373,user_005,Principal Engineer,Read,True,Data Engineering,Project Gamma
DOC-0373,user_006,DevOps Engineer,Read,True,DevOps,Core Infrastructure
DOC-0373,user_007,Junior Developer,Read,True,Engineering,Project Delta
DOC-0373,user_008,Engineering Manager,Read,True,Engineering,All
DOC-0374,user_001,Engineer,Read,True,Engineering,Project Alpha
DOC-0374,user_002,Senior Engineer,Read,True,Platform,Project Beta
DOC-0374,user_003,Architect,Read,True,Architecture,All
DOC-0374,user_004,Security Engineer,Read,True,Security,All
DOC-0374,user_005,Principal Engineer,Read,True,Data Engineering,Project Gamma
DOC-0374,user_006,DevOps Engineer,Read,True,DevOps,Core Infrastructure
DOC-0374,user_007,Junior Developer,Read,True,Engineering,Project Delta
DOC-0374,user_008,Engineering Manager,Read,True,Engineering,All
DOC-0375,user_001,Engineer,Read,True,Engineering,Project Alpha
DOC-0375,user_002,Senior Engineer,Read,True,Platform,Project Beta
DOC-0375,user_003,Architect,Read,True,Architecture,All
DOC-0375,user_004,Security Engineer,Read,True,Security,All
DOC-0375,user_005,Principal Engineer,Read,True,Data Engineering,Project Gamma
DOC-0375,user_006,DevOps Engineer,Read,True,DevOps,Core Infrastructure
DOC-0375,user_007,Junior Developer,Read,True,Engineering,Project Delta
DOC-0375,user_008,Engineering Manager,Read,True,Engineering,All
DOC-0376,user_001,Engineer,Read,True,Engineering,Project Alpha
DOC-0376,user_002,Senior Engineer,Read,True,Platform,Project Beta
DOC-0376,user_003,Architect,Read,True,Architecture,All
DOC-0376,user_004,Security Engineer,Read,True,Security,All
DOC-0376,user_005,Principal Engineer,Read,True,Data Engineering,Project Gamma
DOC-0376,user_006,DevOps Engineer,Read,True,DevOps,Core Infrastructure
DOC-0376,user_007,Junior Developer,Read,True,Engineering,Project Delta
DOC-0376,user_008,Engineering Manager,Read,True,Engineering,All
DOC-0377,user_001,Engineer,Read,True,Engineering,Project Alpha
DOC-0377,user_002,Senior Engineer,Read,True,Platform,Project Beta
DOC-0377,user_003,Architect,Read,True,Architecture,All
DOC-0377,user_004,Security Engineer,Read,True,Security,All
DOC-0377,user_005,Principal Engineer,Read,True,Data Engineering,Project Gamma
DOC-0377,user_006,DevOps Engineer,Read,True,DevOps,Core Infrastructure
DOC-0377,user_007,Junior Developer,Read,True,Engineering,Project Delta
DOC-0377,user_008,Engineering Manager,Read,True,Engineering,All
DOC-0378,user_001,Engineer,None,False,Engineering,Project Alpha
DOC-0378,user_002,Senior Engineer,None,False,Platform,Project Beta
DOC-0378,user_003,Architect,Read,True,Architecture,All
DOC-0378,user_004,Security Engineer,Read,True,Security,All
DOC-0378,user_005,Principal Engineer,None,False,Data Engineering,Project Gamma
DOC-0378,user_006,DevOps Engineer,None,False,DevOps,Core Infrastructure
DOC-0378,user_007,Junior Developer,Read,True,Engineering,Project Delta
DOC-0378,user_008,Engineering Manager,None,False,Engineering,All
DOC-0379,user_001,Engineer,None,False,Engineering,Project Alpha
DOC-0379,user_002,Senior Engineer,None,False,Platform,Project Beta
DOC-0379,user_003,Architect,Read,True,Architecture,All
DOC-0379,user_004,Security Engineer,Read,True,Security,All
DOC-0379,user_005,Principal Engineer,Read,True,Data Engineering,Project Gamma
DOC-0379,user_006,DevOps Engineer,None,False,DevOps,Core Infrastructure
DOC-0379,user_007,Junior Developer,None,False,Engineering,Project Delta
DOC-0379,user_008,Engineering Manager,None,False,Engineering,All
DOC-0380,user_001,Engineer,None,False,Engineering,Project Alpha
DOC-0380,user_002,Senior Engineer,None,False,Platform,Project Beta
DOC-0380,user_003,Architect,Read,True,Architecture,All
DOC-0380,user_004,Security Engineer,Read,True,Security,All
DOC-0380,user_005,Principal Engineer,Read,True,Data Engineering,Project Gamma
DOC-0380,user_006,DevOps Engineer,None,False,DevOps,Core Infrastructure
DOC-0380,user_007,Junior Developer,None,False,Engineering,Project Delta
DOC-0380,user_008,Engineering Manager,None,False,Engineering,All
DOC-0381,user_001,Engineer,None,False,Engineering,Project Alpha
DOC-0381,user_002,Senior Engineer,None,False,Platform,Project Beta
DOC-0381,user_003,Architect,Read,True,Architecture,All
DOC-0381,user_004,Security Engineer,Read,True,Security,All
DOC-0381,user_005,Principal Engineer,None,False,Data Engineering,Project Gamma
DOC-0381,user_006,DevOps Engineer,Read,True,DevOps,Core Infrastructure
DOC-0381,user_007,Junior Developer,None,False,Engineering,Project Delta
DOC-0381,user_008,Engineering Manager,None,False,Engineering,All
DOC-0382,user_001,Engineer,Read,True,Engineering,Project Alpha
DOC-0382,user_002,Senior Engineer,Read,True,Platform,Project Beta
DOC-0382,user_003,Architect,Read,True,Architecture,All
DOC-0382,user_004,Security Engineer,Read,True,Security,All
DOC-0382,user_005,Principal Engineer,Read,True,Data Engineering,Project Gamma
DOC-0382,user_006,DevOps Engineer,Read,True,DevOps,Core Infrastructure
DOC-0382,user_007,Junior Developer,Read,True,Engineering,Project Delta
DOC-0382,user_008,Engineering Manager,Read,True,Engineering,All
DOC-0383,user_001,Engineer,Read,True,Engineering,Project Alpha
DOC-0383,user_002,Senior Engineer,Read,True,Platform,Project Beta
DOC-0383,user_003,Architect,Read,True,Architecture,All
DOC-0383,user_004,Security Engineer,Read,True,Security,All
DOC-0383,user_005,Principal Engineer,Read,True,Data Engineering,Project Gamma
DOC-0383,user_006,DevOps Engineer,Read,True,DevOps,Core Infrastructure
DOC-0383,user_007,Junior Developer,Read,True,Engineering,Project Delta
DOC-0383,user_008,Engineering Manager,Read,True,Engineering,All
DOC-0384,user_001,Engineer,None,False,Engineering,Project Alpha
DOC-0384,user_002,Senior Engineer,None,False,Platform,Project Beta
DOC-0384,user_003,Architect,Read,True,Architecture,All
DOC-0384,user_004,Security Engineer,Read,True,Security,All
DOC-0384,user_005,Principal Engineer,None,False,Data Engineering,Project Gamma
DOC-0384,user_006,DevOps Engineer,None,False,DevOps,Core Infrastructure
DOC-0384,user_007,Junior Developer,Read,True,Engineering,Project Delta
DOC-0384,user_008,Engineering Manager,None,False,Engineering,All
DOC-0385,user_001,Engineer,None,False,Engineering,Project Alpha
DOC-0385,user_002,Senior Engineer,Read,True,Platform,Project Beta
DOC-0385,user_003,Architect,Read,True,Architecture,All
DOC-0385,user_004,Security Engineer,Read,True,Security,All
DOC-0385,user_005,Principal Engineer,None,False,Data Engineering,Project Gamma
DOC-0385,user_006,DevOps Engineer,None,False,DevOps,Core Infrastructure
DOC-0385,user_007,Junior Developer,None,False,Engineering,Project Delta
DOC-0385,user_008,Engineering Manager,None,False,Engineering,All
DOC-0386,user_001,Engineer,None,False,Engineering,Project Alpha
DOC-0386,user_002,Senior Engineer,Read,True,Platform,Project Beta
DOC-0386,user_003,Architect,Read,True,Architecture,All
DOC-0386,user_004,Security Engineer,Read,True,Security,All
DOC-0386,user_005,Principal Engineer,None,False,Data Engineering,Project Gamma
DOC-0386,user_006,DevOps Engineer,None,False,DevOps,Core Infrastructure
DOC-0386,user_007,Junior Developer,None,False,Engineering,Project Delta
DOC-0386,user_008,Engineering Manager,None,False,Engineering,All
DOC-0387,user_001,Engineer,Read,True,Engineering,Project Alpha
DOC-0387,user_002,Senior Engineer,Read,True,Platform,Project Beta
DOC-0387,user_003,Architect,Read,True,Architecture,All
DOC-0387,user_004,Security Engineer,Read,True,Security,All
DOC-0387,user_005,Principal Engineer,Read,True,Data Engineering,Project Gamma
DOC-0387,user_006,DevOps Engineer,Read,True,DevOps,Core Infrastructure
DOC-0387,user_007,Junior Developer,Read,True,Engineering,Project Delta
DOC-0387,user_008,Engineering Manager,Read,True,Engineering,All
DOC-0388,user_001,Engineer,None,False,Engineering,Project Alpha
DOC-0388,user_002,Senior Engineer,Read,True,Platform,Project Beta
DOC-0388,user_003,Architect,Read,True,Architecture,All
DOC-0388,user_004,Security Engineer,Read,True,Security,All
DOC-0388,user_005,Principal Engineer,None,False,Data Engineering,Project Gamma
DOC-0388,user_006,DevOps Engineer,None,False,DevOps,Core Infrastructure
DOC-0388,user_007,Junior Developer,None,False,Engineering,Project Delta
DOC-0388,user_008,Engineering Manager,None,False,Engineering,All
DOC-0389,user_001,Engineer,Read,True,Engineering,Project Alpha
DOC-0389,user_002,Senior Engineer,Read,True,Platform,Project Beta
DOC-0389,user_003,Architect,Read,True,Architecture,All
DOC-0389,user_004,Security Engineer,Read,True,Security,All
DOC-0389,user_005,Principal Engineer,Read,True,Data Engineering,Project Gamma
DOC-0389,user_006,DevOps Engineer,Read,True,DevOps,Core Infrastructure
DOC-0389,user_007,Junior Developer,Read,True,Engineering,Project Delta
DOC-0389,user_008,Engineering Manager,Read,True,Engineering,All
DOC-0390,user_001,Engineer,None,False,Engineering,Project Alpha
DOC-0390,user_002,Senior Engineer,Read,True,Platform,Project Beta
DOC-0390,user_003,Architect,Read,True,Architecture,All
DOC-0390,user_004,Security Engineer,Read,True,Security,All
DOC-0390,user_005,Principal Engineer,None,False,Data Engineering,Project Gamma
DOC-0390,user_006,DevOps Engineer,None,False,DevOps,Core Infrastructure
DOC-0390,user_007,Junior Developer,None,False,Engineering,Project Delta
DOC-0390,user_008,Engineering Manager,None,False,Engineering,All
DOC-0391,user_001,Engineer,Read,True,Engineering,Project Alpha
DOC-0391,user_002,Senior Engineer,Read,True,Platform,Project Beta
DOC-0391,user_003,Architect,Read,True,Architecture,All
DOC-0391,user_004,Security Engineer,Read,True,Security,All
DOC-0391,user_005,Principal Engineer,Read,True,Data Engineering,Project Gamma
DOC-0391,user_006,DevOps Engineer,Read,True,DevOps,Core Infrastructure
DOC-0391,user_007,Junior Developer,Read,True,Engineering,Project Delta
DOC-0391,user_008,Engineering Manager,Read,True,Engineering,All
DOC-0392,user_001,Engineer,None,False,Engineering,Project Alpha
DOC-0392,user_002,Senior Engineer,None,False,Platform,Project Beta
DOC-0392,user_003,Architect,Read,True,Architecture,All
DOC-0392,user_004,Security Engineer,Read,True,Security,All
DOC-0392,user_005,Principal Engineer,Read,True,Data Engineering,Project Gamma
DOC-0392,user_006,DevOps Engineer,None,False,DevOps,Core Infrastructure
DOC-0392,user_007,Junior Developer,None,False,Engineering,Project Delta
DOC-0392,user_008,Engineering Manager,None,False,Engineering,All
DOC-0393,user_001,Engineer,Read,True,Engineering,Project Alpha
DOC-0393,user_002,Senior Engineer,Read,True,Platform,Project Beta
DOC-0393,user_003,Architect,Read,True,Architecture,All
DOC-0393,user_004,Security Engineer,Read,True,Security,All
DOC-0393,user_005,Principal Engineer,Read,True,Data Engineering,Project Gamma
DOC-0393,user_006,DevOps Engineer,Read,True,DevOps,Core Infrastructure
DOC-0393,user_007,Junior Developer,Read,True,Engineering,Project Delta
DOC-0393,user_008,Engineering Manager,Read,True,Engineering,All
DOC-0394,user_001,Engineer,None,False,Engineering,Project Alpha
DOC-0394,user_002,Senior Engineer,None,False,Platform,Project Beta
DOC-0394,user_003,Architect,Read,True,Architecture,All
DOC-0394,user_004,Security Engineer,Read,True,Security,All
DOC-0394,user_005,Principal Engineer,None,False,Data Engineering,Project Gamma
DOC-0394,user_006,DevOps Engineer,None,False,DevOps,Core Infrastructure
DOC-0394,user_007,Junior Developer,Read,True,Engineering,Project Delta
DOC-0394,user_008,Engineering Manager,None,False,Engineering,All
DOC-0395,user_001,Engineer,Read,True,Engineering,Project Alpha
DOC-0395,user_002,Senior Engineer,Read,True,Platform,Project Beta
DOC-0395,user_003,Architect,Read,True,Architecture,All
DOC-0395,user_004,Security Engineer,Read,True,Security,All
DOC-0395,user_005,Principal Engineer,Read,True,Data Engineering,Project Gamma
DOC-0395,user_006,DevOps Engineer,Read,True,DevOps,Core Infrastructure
DOC-0395,user_007,Junior Developer,Read,True,Engineering,Project Delta
DOC-0395,user_008,Engineering Manager,Read,True,Engineering,All
DOC-0396,user_001,Engineer,Read,True,Engineering,Project Alpha
DOC-0396,user_002,Senior Engineer,None,False,Platform,Project Beta
DOC-0396,user_003,Architect,Read,True,Architecture,All
DOC-0396,user_004,Security Engineer,Read,True,Security,All
DOC-0396,user_005,Principal Engineer,None,False,Data Engineering,Project Gamma
DOC-0396,user_006,DevOps Engineer,None,False,DevOps,Core Infrastructure
DOC-0396,user_007,Junior Developer,None,False,Engineering,Project Delta
DOC-0396,user_008,Engineering Manager,None,False,Engineering,All
DOC-0397,user_001,Engineer,Read,True,Engineering,Project Alpha
DOC-0397,user_002,Senior Engineer,Read,True,Platform,Project Beta
DOC-0397,user_003,Architect,Read,True,Architecture,All
DOC-0397,user_004,Security Engineer,Read,True,Security,All
DOC-0397,user_005,Principal Engineer,Read,True,Data Engineering,Project Gamma
DOC-0397,user_006,DevOps Engineer,Read,True,DevOps,Core Infrastructure
DOC-0397,user_007,Junior Developer,Read,True,Engineering,Project Delta
DOC-0397,user_008,Engineering Manager,Read,True,Engineering,All
DOC-0398,user_001,Engineer,None,False,Engineering,Project Alpha
DOC-0398,user_002,Senior Engineer,None,False,Platform,Project Beta
DOC-0398,user_003,Architect,Read,True,Architecture,All
DOC-0398,user_004,Security Engineer,Read,True,Security,All
DOC-0398,user_005,Principal Engineer,None,False,Data Engineering,Project Gamma
DOC-0398,user_006,DevOps Engineer,None,False,DevOps,Core Infrastructure
DOC-0398,user_007,Junior Developer,Read,True,Engineering,Project Delta
DOC-0398,user_008,Engineering Manager,None,False,Engineering,All
DOC-0399,user_001,Engineer,None,False,Engineering,Project Alpha
DOC-0399,user_002,Senior Engineer,Read,True,Platform,Project Beta
DOC-0399,user_003,Architect,Read,True,Architecture,All
DOC-0399,user_004,Security Engineer,Read,True,Security,All
DOC-0399,user_005,Principal Engineer,None,False,Data Engineering,Project Gamma
DOC-0399,user_006,DevOps Engineer,None,False,DevOps,Core Infrastructure
DOC-0399,user_007,Junior Developer,None,False,Engineering,Project Delta
DOC-0399,user_008,Engineering Manager,None,False,Engineering,All
DOC-0400,user_001,Engineer,None,False,Engineering,Project Alpha
DOC-0400,user_002,Senior Engineer,None,False,Platform,Project Beta
DOC-0400,user_003,Architect,Read,True,Architecture,All
DOC-0400,user_004,Security Engineer,Read,True,Security,All
DOC-0400,user_005,Principal Engineer,None,False,Data Engineering,Project Gamma
DOC-0400,user_006,DevOps Engineer,None,False,DevOps,Core Infrastructure
DOC-0400,user_007,Junior Developer,None,False,Engineering,Project Delta
DOC-0400,user_008,Engineering Manager,None,False,Engineering,All
DOC-0401,user_001,Engineer,Read,True,Engineering,Project Alpha
DOC-0401,user_002,Senior Engineer,Read,True,Platform,Project Beta
DOC-0401,user_003,Architect,Read,True,Architecture,All
DOC-0401,user_004,Security Engineer,Read,True,Security,All
DOC-0401,user_005,Principal Engineer,Read,True,Data Engineering,Project Gamma
DOC-0401,user_006,DevOps Engineer,Read,True,DevOps,Core Infrastructure
DOC-0401,user_007,Junior Developer,Read,True,Engineering,Project Delta
DOC-0401,user_008,Engineering Manager,Read,True,Engineering,All
DOC-0402,user_001,Engineer,None,False,Engineering,Project Alpha
DOC-0402,user_002,Senior Engineer,None,False,Platform,Project Beta
DOC-0402,user_003,Architect,Read,True,Architecture,All
DOC-0402,user_004,Security Engineer,Read,True,Security,All
DOC-0402,user_005,Principal Engineer,Read,True,Data Engineering,Project Gamma
DOC-0402,user_006,DevOps Engineer,None,False,DevOps,Core Infrastructure
DOC-0402,user_007,Junior Developer,None,False,Engineering,Project Delta
DOC-0402,user_008,Engineering Manager,None,False,Engineering,All
DOC-0403,user_001,Engineer,Read,True,Engineering,Project Alpha
DOC-0403,user_002,Senior Engineer,Read,True,Platform,Project Beta
DOC-0403,user_003,Architect,Read,True,Architecture,All
DOC-0403,user_004,Security Engineer,Read,True,Security,All
DOC-0403,user_005,Principal Engineer,Read,True,Data Engineering,Project Gamma
DOC-0403,user_006,DevOps Engineer,Read,True,DevOps,Core Infrastructure
DOC-0403,user_007,Junior Developer,Read,True,Engineering,Project Delta
DOC-0403,user_008,Engineering Manager,Read,True,Engineering,All
DOC-0404,user_001,Engineer,None,False,Engineering,Project Alpha
DOC-0404,user_002,Senior Engineer,None,False,Platform,Project Beta
DOC-0404,user_003,Architect,Read,True,Architecture,All
DOC-0404,user_004,Security Engineer,Read,True,Security,All
DOC-0404,user_005,Principal Engineer,None,False,Data Engineering,Project Gamma
DOC-0404,user_006,DevOps Engineer,Read,True,DevOps,Core Infrastructure
DOC-0404,user_007,Junior Developer,None,False,Engineering,Project Delta
DOC-0404,user_008,Engineering Manager,None,False,Engineering,All
DOC-0405,user_001,Engineer,None,False,Engineering,Project Alpha
DOC-0405,user_002,Senior Engineer,None,False,Platform,Project Beta
DOC-0405,user_003,Architect,Read,True,Architecture,All
DOC-0405,user_004,Security Engineer,Read,True,Security,All
DOC-0405,user_005,Principal Engineer,None,False,Data Engineering,Project Gamma
DOC-0405,user_006,DevOps Engineer,None,False,DevOps,Core Infrastructure
DOC-0405,user_007,Junior Developer,None,False,Engineering,Project Delta
DOC-0405,user_008,Engineering Manager,None,False,Engineering,All
DOC-0406,user_001,Engineer,Read,True,Engineering,Project Alpha
DOC-0406,user_002,Senior Engineer,Read,True,Platform,Project Beta
DOC-0406,user_003,Architect,Read,True,Architecture,All
DOC-0406,user_004,Security Engineer,Read,True,Security,All
DOC-0406,user_005,Principal Engineer,Read,True,Data Engineering,Project Gamma
DOC-0406,user_006,DevOps Engineer,Read,True,DevOps,Core Infrastructure
DOC-0406,user_007,Junior Developer,Read,True,Engineering,Project Delta
DOC-0406,user_008,Engineering Manager,Read,True,Engineering,All
DOC-0407,user_001,Engineer,None,False,Engineering,Project Alpha
DOC-0407,user_002,Senior Engineer,None,False,Platform,Project Beta
DOC-0407,user_003,Architect,Read,True,Architecture,All
DOC-0407,user_004,Security Engineer,Read,True,Security,All
DOC-0407,user_005,Principal Engineer,None,False,Data Engineering,Project Gamma
DOC-0407,user_006,DevOps Engineer,None,False,DevOps,Core Infrastructure
DOC-0407,user_007,Junior Developer,None,False,Engineering,Project Delta
DOC-0407,user_008,Engineering Manager,None,False,Engineering,All
DOC-0408,user_001,Engineer,None,False,Engineering,Project Alpha
DOC-0408,user_002,Senior Engineer,Read,True,Platform,Project Beta
DOC-0408,user_003,Architect,Read,True,Architecture,All
DOC-0408,user_004,Security Engineer,Read,True,Security,All
DOC-0408,user_005,Principal Engineer,None,False,Data Engineering,Project Gamma
DOC-0408,user_006,DevOps Engineer,None,False,DevOps,Core Infrastructure
DOC-0408,user_007,Junior Developer,None,False,Engineering,Project Delta
DOC-0408,user_008,Engineering Manager,None,False,Engineering,All
DOC-0409,user_001,Engineer,Read,True,Engineering,Project Alpha
DOC-0409,user_002,Senior Engineer,Read,True,Platform,Project Beta
DOC-0409,user_003,Architect,Read,True,Architecture,All
DOC-0409,user_004,Security Engineer,Read,True,Security,All
DOC-0409,user_005,Principal Engineer,Read,True,Data Engineering,Project Gamma
DOC-0409,user_006,DevOps Engineer,Read,True,DevOps,Core Infrastructure
DOC-0409,user_007,Junior Developer,Read,True,Engineering,Project Delta
DOC-0409,user_008,Engineering Manager,Read,True,Engineering,All
DOC-0410,user_001,Engineer,Read,True,Engineering,Project Alpha
DOC-0410,user_002,Senior Engineer,Read,True,Platform,Project Beta
DOC-0410,user_003,Architect,Read,True,Architecture,All
DOC-0410,user_004,Security Engineer,Read,True,Security,All
DOC-0410,user_005,Principal Engineer,Read,True,Data Engineering,Project Gamma
DOC-0410,user_006,DevOps Engineer,Read,True,DevOps,Core Infrastructure
DOC-0410,user_007,Junior Developer,Read,True,Engineering,Project Delta
DOC-0410,user_008,Engineering Manager,Read,True,Engineering,All
DOC-0411,user_001,Engineer,Read,True,Engineering,Project Alpha
DOC-0411,user_002,Senior Engineer,None,False,Platform,Project Beta
DOC-0411,user_003,Architect,Read,True,Architecture,All
DOC-0411,user_004,Security Engineer,Read,True,Security,All
DOC-0411,user_005,Principal Engineer,None,False,Data Engineering,Project Gamma
DOC-0411,user_006,DevOps Engineer,None,False,DevOps,Core Infrastructure
DOC-0411,user_007,Junior Developer,None,False,Engineering,Project Delta
DOC-0411,user_008,Engineering Manager,None,False,Engineering,All
DOC-0412,user_001,Engineer,None,False,Engineering,Project Alpha
DOC-0412,user_002,Senior Engineer,None,False,Platform,Project Beta
DOC-0412,user_003,Architect,Read,True,Architecture,All
DOC-0412,user_004,Security Engineer,Read,True,Security,All
DOC-0412,user_005,Principal Engineer,Read,True,Data Engineering,Project Gamma
DOC-0412,user_006,DevOps Engineer,None,False,DevOps,Core Infrastructure
DOC-0412,user_007,Junior Developer,None,False,Engineering,Project Delta
DOC-0412,user_008,Engineering Manager,None,False,Engineering,All
DOC-0413,user_001,Engineer,None,False,Engineering,Project Alpha
DOC-0413,user_002,Senior Engineer,None,False,Platform,Project Beta
DOC-0413,user_003,Architect,Read,True,Architecture,All
DOC-0413,user_004,Security Engineer,Read,True,Security,All
DOC-0413,user_005,Principal Engineer,None,False,Data Engineering,Project Gamma
DOC-0413,user_006,DevOps Engineer,None,False,DevOps,Core Infrastructure
DOC-0413,user_007,Junior Developer,None,False,Engineering,Project Delta
DOC-0413,user_008,Engineering Manager,None,False,Engineering,All
DOC-0414,user_001,Engineer,Read,True,Engineering,Project Alpha
DOC-0414,user_002,Senior Engineer,Read,True,Platform,Project Beta
DOC-0414,user_003,Architect,Read,True,Architecture,All
DOC-0414,user_004,Security Engineer,Read,True,Security,All
DOC-0414,user_005,Principal Engineer,Read,True,Data Engineering,Project Gamma
DOC-0414,user_006,DevOps Engineer,Read,True,DevOps,Core Infrastructure
DOC-0414,user_007,Junior Developer,Read,True,Engineering,Project Delta
DOC-0414,user_008,Engineering Manager,Read,True,Engineering,All
DOC-0415,user_001,Engineer,Read,True,Engineering,Project Alpha
DOC-0415,user_002,Senior Engineer,Read,True,Platform,Project Beta
DOC-0415,user_003,Architect,Read,True,Architecture,All
DOC-0415,user_004,Security Engineer,Read,True,Security,All
DOC-0415,user_005,Principal Engineer,Read,True,Data Engineering,Project Gamma
DOC-0415,user_006,DevOps Engineer,Read,True,DevOps,Core Infrastructure
DOC-0415,user_007,Junior Developer,Read,True,Engineering,Project Delta
DOC-0415,user_008,Engineering Manager,Read,True,Engineering,All
DOC-0416,user_001,Engineer,None,False,Engineering,Project Alpha
DOC-0416,user_002,Senior Engineer,None,False,Platform,Project Beta
DOC-0416,user_003,Architect,Read,True,Architecture,All
DOC-0416,user_004,Security Engineer,Read,True,Security,All
DOC-0416,user_005,Principal Engineer,Read,True,Data Engineering,Project Gamma
DOC-0416,user_006,DevOps Engineer,None,False,DevOps,Core Infrastructure
DOC-0416,user_007,Junior Developer,None,False,Engineering,Project Delta
DOC-0416,user_008,Engineering Manager,None,False,Engineering,All
DOC-0417,user_001,Engineer,None,False,Engineering,Project Alpha
DOC-0417,user_002,Senior Engineer,None,False,Platform,Project Beta
DOC-0417,user_003,Architect,Read,True,Architecture,All
DOC-0417,user_004,Security Engineer,Read,True,Security,All
DOC-0417,user_005,Principal Engineer,None,False,Data Engineering,Project Gamma
DOC-0417,user_006,DevOps Engineer,None,False,DevOps,Core Infrastructure
DOC-0417,user_007,Junior Developer,Read,True,Engineering,Project Delta
DOC-0417,user_008,Engineering Manager,None,False,Engineering,All
DOC-0418,user_001,Engineer,Read,True,Engineering,Project Alpha
DOC-0418,user_002,Senior Engineer,Read,True,Platform,Project Beta
DOC-0418,user_003,Architect,Read,True,Architecture,All
DOC-0418,user_004,Security Engineer,Read,True,Security,All
DOC-0418,user_005,Principal Engineer,Read,True,Data Engineering,Project Gamma
DOC-0418,user_006,DevOps Engineer,Read,True,DevOps,Core Infrastructure
DOC-0418,user_007,Junior Developer,Read,True,Engineering,Project Delta
DOC-0418,user_008,Engineering Manager,Read,True,Engineering,All
DOC-0419,user_001,Engineer,None,False,Engineering,Project Alpha
DOC-0419,user_002,Senior Engineer,None,False,Platform,Project Beta
DOC-0419,user_003,Architect,Read,True,Architecture,All
DOC-0419,user_004,Security Engineer,Read,True,Security,All
DOC-0419,user_005,Principal Engineer,None,False,Data Engineering,Project Gamma
DOC-0419,user_006,DevOps Engineer,None,False,DevOps,Core Infrastructure
DOC-0419,user_007,Junior Developer,Read,True,Engineering,Project Delta
DOC-0419,user_008,Engineering Manager,None,False,Engineering,All
DOC-0420,user_001,Engineer,None,False,Engineering,Project Alpha
DOC-0420,user_002,Senior Engineer,None,False,Platform,Project Beta
DOC-0420,user_003,Architect,Read,True,Architecture,All
DOC-0420,user_004,Security Engineer,Read,True,Security,All
DOC-0420,user_005,Principal Engineer,None,False,Data Engineering,Project Gamma
DOC-0420,user_006,DevOps Engineer,None,False,DevOps,Core Infrastructure
DOC-0420,user_007,Junior Developer,None,False,Engineering,Project Delta
DOC-0420,user_008,Engineering Manager,None,False,Engineering,All
DOC-0421,user_001,Engineer,Read,True,Engineering,Project Alpha
DOC-0421,user_002,Senior Engineer,None,False,Platform,Project Beta
DOC-0421,user_003,Architect,Read,True,Architecture,All
DOC-0421,user_004,Security Engineer,Read,True,Security,All
DOC-0421,user_005,Principal Engineer,None,False,Data Engineering,Project Gamma
DOC-0421,user_006,DevOps Engineer,None,False,DevOps,Core Infrastructure
DOC-0421,user_007,Junior Developer,None,False,Engineering,Project Delta
DOC-0421,user_008,Engineering Manager,None,False,Engineering,All
DOC-0422,user_001,Engineer,None,False,Engineering,Project Alpha
DOC-0422,user_002,Senior Engineer,None,False,Platform,Project Beta
DOC-0422,user_003,Architect,Read,True,Architecture,All
DOC-0422,user_004,Security Engineer,Read,True,Security,All
DOC-0422,user_005,Principal Engineer,None,False,Data Engineering,Project Gamma
DOC-0422,user_006,DevOps Engineer,None,False,DevOps,Core Infrastructure
DOC-0422,user_007,Junior Developer,None,False,Engineering,Project Delta
DOC-0422,user_008,Engineering Manager,None,False,Engineering,All
DOC-0423,user_001,Engineer,Read,True,Engineering,Project Alpha
DOC-0423,user_002,Senior Engineer,Read,True,Platform,Project Beta
DOC-0423,user_003,Architect,Read,True,Architecture,All
DOC-0423,user_004,Security Engineer,Read,True,Security,All
DOC-0423,user_005,Principal Engineer,Read,True,Data Engineering,Project Gamma
DOC-0423,user_006,DevOps Engineer,Read,True,DevOps,Core Infrastructure
DOC-0423,user_007,Junior Developer,Read,True,Engineering,Project Delta
DOC-0423,user_008,Engineering Manager,Read,True,Engineering,All
DOC-0424,user_001,Engineer,Read,True,Engineering,Project Alpha
DOC-0424,user_002,Senior Engineer,None,False,Platform,Project Beta
DOC-0424,user_003,Architect,Read,True,Architecture,All
DOC-0424,user_004,Security Engineer,Read,True,Security,All
DOC-0424,user_005,Principal Engineer,None,False,Data Engineering,Project Gamma
DOC-0424,user_006,DevOps Engineer,None,False,DevOps,Core Infrastructure
DOC-0424,user_007,Junior Developer,None,False,Engineering,Project Delta
DOC-0424,user_008,Engineering Manager,None,False,Engineering,All
DOC-0425,user_001,Engineer,None,False,Engineering,Project Alpha
DOC-0425,user_002,Senior Engineer,None,False,Platform,Project Beta
DOC-0425,user_003,Architect,Read,True,Architecture,All
DOC-0425,user_004,Security Engineer,Read,True,Security,All
DOC-0425,user_005,Principal Engineer,Read,True,Data Engineering,Project Gamma
DOC-0425,user_006,DevOps Engineer,None,False,DevOps,Core Infrastructure
DOC-0425,user_007,Junior Developer,None,False,Engineering,Project Delta
DOC-0425,user_008,Engineering Manager,None,False,Engineering,All
DOC-0426,user_001,Engineer,Read,True,Engineering,Project Alpha
DOC-0426,user_002,Senior Engineer,Read,True,Platform,Project Beta
DOC-0426,user_003,Architect,Read,True,Architecture,All
DOC-0426,user_004,Security Engineer,Read,True,Security,All
DOC-0426,user_005,Principal Engineer,Read,True,Data Engineering,Project Gamma
DOC-0426,user_006,DevOps Engineer,Read,True,DevOps,Core Infrastructure
DOC-0426,user_007,Junior Developer,Read,True,Engineering,Project Delta
DOC-0426,user_008,Engineering Manager,Read,True,Engineering,All
DOC-0427,user_001,Engineer,Read,True,Engineering,Project Alpha
DOC-0427,user_002,Senior Engineer,Read,True,Platform,Project Beta
DOC-0427,user_003,Architect,Read,True,Architecture,All
DOC-0427,user_004,Security Engineer,Read,True,Security,All
DOC-0427,user_005,Principal Engineer,Read,True,Data Engineering,Project Gamma
DOC-0427,user_006,DevOps Engineer,Read,True,DevOps,Core Infrastructure
DOC-0427,user_007,Junior Developer,Read,True,Engineering,Project Delta
DOC-0427,user_008,Engineering Manager,Read,True,Engineering,All
DOC-0428,user_001,Engineer,Read,True,Engineering,Project Alpha
DOC-0428,user_002,Senior Engineer,Read,True,Platform,Project Beta
DOC-0428,user_003,Architect,Read,True,Architecture,All
DOC-0428,user_004,Security Engineer,Read,True,Security,All
DOC-0428,user_005,Principal Engineer,Read,True,Data Engineering,Project Gamma
DOC-0428,user_006,DevOps Engineer,Read,True,DevOps,Core Infrastructure
DOC-0428,user_007,Junior Developer,Read,True,Engineering,Project Delta
DOC-0428,user_008,Engineering Manager,Read,True,Engineering,All
DOC-0429,user_001,Engineer,None,False,Engineering,Project Alpha
DOC-0429,user_002,Senior Engineer,None,False,Platform,Project Beta
DOC-0429,user_003,Architect,Read,True,Architecture,All
DOC-0429,user_004,Security Engineer,Read,True,Security,All
DOC-0429,user_005,Principal Engineer,None,False,Data Engineering,Project Gamma
DOC-0429,user_006,DevOps Engineer,None,False,DevOps,Core Infrastructure
DOC-0429,user_007,Junior Developer,Read,True,Engineering,Project Delta
DOC-0429,user_008,Engineering Manager,None,False,Engineering,All
DOC-0430,user_001,Engineer,None,False,Engineering,Project Alpha
DOC-0430,user_002,Senior Engineer,None,False,Platform,Project Beta
DOC-0430,user_003,Architect,Read,True,Architecture,All
DOC-0430,user_004,Security Engineer,Read,True,Security,All
DOC-0430,user_005,Principal Engineer,Read,True,Data Engineering,Project Gamma
DOC-0430,user_006,DevOps Engineer,None,False,DevOps,Core Infrastructure
DOC-0430,user_007,Junior Developer,None,False,Engineering,Project Delta
DOC-0430,user_008,Engineering Manager,None,False,Engineering,All
DOC-0431,user_001,Engineer,None,False,Engineering,Project Alpha
DOC-0431,user_002,Senior Engineer,None,False,Platform,Project Beta
DOC-0431,user_003,Architect,Read,True,Architecture,All
DOC-0431,user_004,Security Engineer,Read,True,Security,All
DOC-0431,user_005,Principal Engineer,None,False,Data Engineering,Project Gamma
DOC-0431,user_006,DevOps Engineer,Read,True,DevOps,Core Infrastructure
DOC-0431,user_007,Junior Developer,None,False,Engineering,Project Delta
DOC-0431,user_008,Engineering Manager,None,False,Engineering,All
DOC-0432,user_001,Engineer,Read,True,Engineering,Project Alpha
DOC-0432,user_002,Senior Engineer,Read,True,Platform,Project Beta
DOC-0432,user_003,Architect,Read,True,Architecture,All
DOC-0432,user_004,Security Engineer,Read,True,Security,All
DOC-0432,user_005,Principal Engineer,Read,True,Data Engineering,Project Gamma
DOC-0432,user_006,DevOps Engineer,Read,True,DevOps,Core Infrastructure
DOC-0432,user_007,Junior Developer,Read,True,Engineering,Project Delta
DOC-0432,user_008,Engineering Manager,Read,True,Engineering,All
DOC-0433,user_001,Engineer,Read,True,Engineering,Project Alpha
DOC-0433,user_002,Senior Engineer,None,False,Platform,Project Beta
DOC-0433,user_003,Architect,Read,True,Architecture,All
DOC-0433,user_004,Security Engineer,Read,True,Security,All
DOC-0433,user_005,Principal Engineer,None,False,Data Engineering,Project Gamma
DOC-0433,user_006,DevOps Engineer,None,False,DevOps,Core Infrastructure
DOC-0433,user_007,Junior Developer,None,False,Engineering,Project Delta
DOC-0433,user_008,Engineering Manager,None,False,Engineering,All
DOC-0434,user_001,Engineer,None,False,Engineering,Project Alpha
DOC-0434,user_002,Senior Engineer,None,False,Platform,Project Beta
DOC-0434,user_003,Architect,Read,True,Architecture,All
DOC-0434,user_004,Security Engineer,Read,True,Security,All
DOC-0434,user_005,Principal Engineer,Read,True,Data Engineering,Project Gamma
DOC-0434,user_006,DevOps Engineer,None,False,DevOps,Core Infrastructure
DOC-0434,user_007,Junior Developer,None,False,Engineering,Project Delta
DOC-0434,user_008,Engineering Manager,None,False,Engineering,All
DOC-0435,user_001,Engineer,Read,True,Engineering,Project Alpha
DOC-0435,user_002,Senior Engineer,Read,True,Platform,Project Beta
DOC-0435,user_003,Architect,Read,True,Architecture,All
DOC-0435,user_004,Security Engineer,Read,True,Security,All
DOC-0435,user_005,Principal Engineer,Read,True,Data Engineering,Project Gamma
DOC-0435,user_006,DevOps Engineer,Read,True,DevOps,Core Infrastructure
DOC-0435,user_007,Junior Developer,Read,True,Engineering,Project Delta
DOC-0435,user_008,Engineering Manager,Read,True,Engineering,All
DOC-0436,user_001,Engineer,Read,True,Engineering,Project Alpha
DOC-0436,user_002,Senior Engineer,Read,True,Platform,Project Beta
DOC-0436,user_003,Architect,Read,True,Architecture,All
DOC-0436,user_004,Security Engineer,Read,True,Security,All
DOC-0436,user_005,Principal Engineer,Read,True,Data Engineering,Project Gamma
DOC-0436,user_006,DevOps Engineer,Read,True,DevOps,Core Infrastructure
DOC-0436,user_007,Junior Developer,Read,True,Engineering,Project Delta
DOC-0436,user_008,Engineering Manager,Read,True,Engineering,All
DOC-0437,user_001,Engineer,None,False,Engineering,Project Alpha
DOC-0437,user_002,Senior Engineer,None,False,Platform,Project Beta
DOC-0437,user_003,Architect,Read,True,Architecture,All
DOC-0437,user_004,Security Engineer,Read,True,Security,All
DOC-0437,user_005,Principal Engineer,None,False,Data Engineering,Project Gamma
DOC-0437,user_006,DevOps Engineer,Read,True,DevOps,Core Infrastructure
DOC-0437,user_007,Junior Developer,None,False,Engineering,Project Delta
DOC-0437,user_008,Engineering Manager,None,False,Engineering,All
DOC-0438,user_001,Engineer,Read,True,Engineering,Project Alpha
DOC-0438,user_002,Senior Engineer,Read,True,Platform,Project Beta
DOC-0438,user_003,Architect,Read,True,Architecture,All
DOC-0438,user_004,Security Engineer,Read,True,Security,All
DOC-0438,user_005,Principal Engineer,Read,True,Data Engineering,Project Gamma
DOC-0438,user_006,DevOps Engineer,Read,True,DevOps,Core Infrastructure
DOC-0438,user_007,Junior Developer,Read,True,Engineering,Project Delta
DOC-0438,user_008,Engineering Manager,Read,True,Engineering,All
DOC-0439,user_001,Engineer,Read,True,Engineering,Project Alpha
DOC-0439,user_002,Senior Engineer,None,False,Platform,Project Beta
DOC-0439,user_003,Architect,Read,True,Architecture,All
DOC-0439,user_004,Security Engineer,Read,True,Security,All
DOC-0439,user_005,Principal Engineer,None,False,Data Engineering,Project Gamma
DOC-0439,user_006,DevOps Engineer,None,False,DevOps,Core Infrastructure
DOC-0439,user_007,Junior Developer,None,False,Engineering,Project Delta
DOC-0439,user_008,Engineering Manager,None,False,Engineering,All
DOC-0440,user_001,Engineer,Read,True,Engineering,Project Alpha
DOC-0440,user_002,Senior Engineer,Read,True,Platform,Project Beta
DOC-0440,user_003,Architect,Read,True,Architecture,All
DOC-0440,user_004,Security Engineer,Read,True,Security,All
DOC-0440,user_005,Principal Engineer,Read,True,Data Engineering,Project Gamma
DOC-0440,user_006,DevOps Engineer,Read,True,DevOps,Core Infrastructure
DOC-0440,user_007,Junior Developer,Read,True,Engineering,Project Delta
DOC-0440,user_008,Engineering Manager,Read,True,Engineering,All
DOC-0441,user_001,Engineer,Read,True,Engineering,Project Alpha
DOC-0441,user_002,Senior Engineer,Read,True,Platform,Project Beta
DOC-0441,user_003,Architect,Read,True,Architecture,All
DOC-0441,user_004,Security Engineer,Read,True,Security,All
DOC-0441,user_005,Principal Engineer,Read,True,Data Engineering,Project Gamma
DOC-0441,user_006,DevOps Engineer,Read,True,DevOps,Core Infrastructure
DOC-0441,user_007,Junior Developer,Read,True,Engineering,Project Delta
DOC-0441,user_008,Engineering Manager,Read,True,Engineering,All
DOC-0442,user_001,Engineer,Read,True,Engineering,Project Alpha
DOC-0442,user_002,Senior Engineer,Read,True,Platform,Project Beta
DOC-0442,user_003,Architect,Read,True,Architecture,All
DOC-0442,user_004,Security Engineer,Read,True,Security,All
DOC-0442,user_005,Principal Engineer,Read,True,Data Engineering,Project Gamma
DOC-0442,user_006,DevOps Engineer,Read,True,DevOps,Core Infrastructure
DOC-0442,user_007,Junior Developer,Read,True,Engineering,Project Delta
DOC-0442,user_008,Engineering Manager,Read,True,Engineering,All
DOC-0443,user_001,Engineer,Read,True,Engineering,Project Alpha
DOC-0443,user_002,Senior Engineer,Read,True,Platform,Project Beta
DOC-0443,user_003,Architect,Read,True,Architecture,All
DOC-0443,user_004,Security Engineer,Read,True,Security,All
DOC-0443,user_005,Principal Engineer,Read,True,Data Engineering,Project Gamma
DOC-0443,user_006,DevOps Engineer,Read,True,DevOps,Core Infrastructure
DOC-0443,user_007,Junior Developer,Read,True,Engineering,Project Delta
DOC-0443,user_008,Engineering Manager,Read,True,Engineering,All
DOC-0444,user_001,Engineer,Read,True,Engineering,Project Alpha
DOC-0444,user_002,Senior Engineer,Read,True,Platform,Project Beta
DOC-0444,user_003,Architect,Read,True,Architecture,All
DOC-0444,user_004,Security Engineer,Read,True,Security,All
DOC-0444,user_005,Principal Engineer,Read,True,Data Engineering,Project Gamma
DOC-0444,user_006,DevOps Engineer,Read,True,DevOps,Core Infrastructure
DOC-0444,user_007,Junior Developer,Read,True,Engineering,Project Delta
DOC-0444,user_008,Engineering Manager,Read,True,Engineering,All
DOC-0445,user_001,Engineer,Read,True,Engineering,Project Alpha
DOC-0445,user_002,Senior Engineer,Read,True,Platform,Project Beta
DOC-0445,user_003,Architect,Read,True,Architecture,All
DOC-0445,user_004,Security Engineer,Read,True,Security,All
DOC-0445,user_005,Principal Engineer,Read,True,Data Engineering,Project Gamma
DOC-0445,user_006,DevOps Engineer,Read,True,DevOps,Core Infrastructure
DOC-0445,user_007,Junior Developer,Read,True,Engineering,Project Delta
DOC-0445,user_008,Engineering Manager,Read,True,Engineering,All
DOC-0446,user_001,Engineer,None,False,Engineering,Project Alpha
DOC-0446,user_002,Senior Engineer,Read,True,Platform,Project Beta
DOC-0446,user_003,Architect,Read,True,Architecture,All
DOC-0446,user_004,Security Engineer,Read,True,Security,All
DOC-0446,user_005,Principal Engineer,None,False,Data Engineering,Project Gamma
DOC-0446,user_006,DevOps Engineer,None,False,DevOps,Core Infrastructure
DOC-0446,user_007,Junior Developer,None,False,Engineering,Project Delta
DOC-0446,user_008,Engineering Manager,None,False,Engineering,All
DOC-0447,user_001,Engineer,Read,True,Engineering,Project Alpha
DOC-0447,user_002,Senior Engineer,Read,True,Platform,Project Beta
DOC-0447,user_003,Architect,Read,True,Architecture,All
DOC-0447,user_004,Security Engineer,Read,True,Security,All
DOC-0447,user_005,Principal Engineer,Read,True,Data Engineering,Project Gamma
DOC-0447,user_006,DevOps Engineer,Read,True,DevOps,Core Infrastructure
DOC-0447,user_007,Junior Developer,Read,True,Engineering,Project Delta
DOC-0447,user_008,Engineering Manager,Read,True,Engineering,All
DOC-0448,user_001,Engineer,Read,True,Engineering,Project Alpha
DOC-0448,user_002,Senior Engineer,None,False,Platform,Project Beta
DOC-0448,user_003,Architect,Read,True,Architecture,All
DOC-0448,user_004,Security Engineer,Read,True,Security,All
DOC-0448,user_005,Principal Engineer,None,False,Data Engineering,Project Gamma
DOC-0448,user_006,DevOps Engineer,None,False,DevOps,Core Infrastructure
DOC-0448,user_007,Junior Developer,None,False,Engineering,Project Delta
DOC-0448,user_008,Engineering Manager,None,False,Engineering,All
DOC-0449,user_001,Engineer,Read,True,Engineering,Project Alpha
DOC-0449,user_002,Senior Engineer,Read,True,Platform,Project Beta
DOC-0449,user_003,Architect,Read,True,Architecture,All
DOC-0449,user_004,Security Engineer,Read,True,Security,All
DOC-0449,user_005,Principal Engineer,Read,True,Data Engineering,Project Gamma
DOC-0449,user_006,DevOps Engineer,Read,True,DevOps,Core Infrastructure
DOC-0449,user_007,Junior Developer,Read,True,Engineering,Project Delta
DOC-0449,user_008,Engineering Manager,Read,True,Engineering,All
DOC-0450,user_001,Engineer,Read,True,Engineering,Project Alpha
DOC-0450,user_002,Senior Engineer,Read,True,Platform,Project Beta
DOC-0450,user_003,Architect,Read,True,Architecture,All
DOC-0450,user_004,Security Engineer,Read,True,Security,All
DOC-0450,user_005,Principal Engineer,Read,True,Data Engineering,Project Gamma
DOC-0450,user_006,DevOps Engineer,Read,True,DevOps,Core Infrastructure
DOC-0450,user_007,Junior Developer,Read,True,Engineering,Project Delta
DOC-0450,user_008,Engineering Manager,Read,True,Engineering,All
DOC-0451,user_001,Engineer,Read,True,Engineering,Project Alpha
DOC-0451,user_002,Senior Engineer,Read,True,Platform,Project Beta
DOC-0451,user_003,Architect,Read,True,Architecture,All
DOC-0451,user_004,Security Engineer,Read,True,Security,All
DOC-0451,user_005,Principal Engineer,Read,True,Data Engineering,Project Gamma
DOC-0451,user_006,DevOps Engineer,Read,True,DevOps,Core Infrastructure
DOC-0451,user_007,Junior Developer,Read,True,Engineering,Project Delta
DOC-0451,user_008,Engineering Manager,Read,True,Engineering,All
DOC-0452,user_001,Engineer,None,False,Engineering,Project Alpha
DOC-0452,user_002,Senior Engineer,None,False,Platform,Project Beta
DOC-0452,user_003,Architect,Read,True,Architecture,All
DOC-0452,user_004,Security Engineer,Read,True,Security,All
DOC-0452,user_005,Principal Engineer,None,False,Data Engineering,Project Gamma
DOC-0452,user_006,DevOps Engineer,None,False,DevOps,Core Infrastructure
DOC-0452,user_007,Junior Developer,None,False,Engineering,Project Delta
DOC-0452,user_008,Engineering Manager,None,False,Engineering,All
DOC-0453,user_001,Engineer,None,False,Engineering,Project Alpha
DOC-0453,user_002,Senior Engineer,None,False,Platform,Project Beta
DOC-0453,user_003,Architect,Read,True,Architecture,All
DOC-0453,user_004,Security Engineer,Read,True,Security,All
DOC-0453,user_005,Principal Engineer,None,False,Data Engineering,Project Gamma
DOC-0453,user_006,DevOps Engineer,Read,True,DevOps,Core Infrastructure
DOC-0453,user_007,Junior Developer,None,False,Engineering,Project Delta
DOC-0453,user_008,Engineering Manager,None,False,Engineering,All
DOC-0454,user_001,Engineer,Read,True,Engineering,Project Alpha
DOC-0454,user_002,Senior Engineer,Read,True,Platform,Project Beta
DOC-0454,user_003,Architect,Read,True,Architecture,All
DOC-0454,user_004,Security Engineer,Read,True,Security,All
DOC-0454,user_005,Principal Engineer,Read,True,Data Engineering,Project Gamma
DOC-0454,user_006,DevOps Engineer,Read,True,DevOps,Core Infrastructure
DOC-0454,user_007,Junior Developer,Read,True,Engineering,Project Delta
DOC-0454,user_008,Engineering Manager,Read,True,Engineering,All
DOC-0455,user_001,Engineer,Read,True,Engineering,Project Alpha
DOC-0455,user_002,Senior Engineer,Read,True,Platform,Project Beta
DOC-0455,user_003,Architect,Read,True,Architecture,All
DOC-0455,user_004,Security Engineer,Read,True,Security,All
DOC-0455,user_005,Principal Engineer,Read,True,Data Engineering,Project Gamma
DOC-0455,user_006,DevOps Engineer,Read,True,DevOps,Core Infrastructure
DOC-0455,user_007,Junior Developer,Read,True,Engineering,Project Delta
DOC-0455,user_008,Engineering Manager,Read,True,Engineering,All
DOC-0456,user_001,Engineer,Read,True,Engineering,Project Alpha
DOC-0456,user_002,Senior Engineer,None,False,Platform,Project Beta
DOC-0456,user_003,Architect,Read,True,Architecture,All
DOC-0456,user_004,Security Engineer,Read,True,Security,All
DOC-0456,user_005,Principal Engineer,None,False,Data Engineering,Project Gamma
DOC-0456,user_006,DevOps Engineer,None,False,DevOps,Core Infrastructure
DOC-0456,user_007,Junior Developer,None,False,Engineering,Project Delta
DOC-0456,user_008,Engineering Manager,None,False,Engineering,All
DOC-0457,user_001,Engineer,Read,True,Engineering,Project Alpha
DOC-0457,user_002,Senior Engineer,Read,True,Platform,Project Beta
DOC-0457,user_003,Architect,Read,True,Architecture,All
DOC-0457,user_004,Security Engineer,Read,True,Security,All
DOC-0457,user_005,Principal Engineer,Read,True,Data Engineering,Project Gamma
DOC-0457,user_006,DevOps Engineer,Read,True,DevOps,Core Infrastructure
DOC-0457,user_007,Junior Developer,Read,True,Engineering,Project Delta
DOC-0457,user_008,Engineering Manager,Read,True,Engineering,All
DOC-0458,user_001,Engineer,None,False,Engineering,Project Alpha
DOC-0458,user_002,Senior Engineer,None,False,Platform,Project Beta
DOC-0458,user_003,Architect,Read,True,Architecture,All
DOC-0458,user_004,Security Engineer,Read,True,Security,All
DOC-0458,user_005,Principal Engineer,None,False,Data Engineering,Project Gamma
DOC-0458,user_006,DevOps Engineer,None,False,DevOps,Core Infrastructure
DOC-0458,user_007,Junior Developer,None,False,Engineering,Project Delta
DOC-0458,user_008,Engineering Manager,None,False,Engineering,All
DOC-0459,user_001,Engineer,None,False,Engineering,Project Alpha
DOC-0459,user_002,Senior Engineer,None,False,Platform,Project Beta
DOC-0459,user_003,Architect,Read,True,Architecture,All
DOC-0459,user_004,Security Engineer,Read,True,Security,All
DOC-0459,user_005,Principal Engineer,None,False,Data Engineering,Project Gamma
DOC-0459,user_006,DevOps Engineer,Read,True,DevOps,Core Infrastructure
DOC-0459,user_007,Junior Developer,None,False,Engineering,Project Delta
DOC-0459,user_008,Engineering Manager,None,False,Engineering,All
DOC-0460,user_001,Engineer,Read,True,Engineering,Project Alpha
DOC-0460,user_002,Senior Engineer,Read,True,Platform,Project Beta
DOC-0460,user_003,Architect,Read,True,Architecture,All
DOC-0460,user_004,Security Engineer,Read,True,Security,All
DOC-0460,user_005,Principal Engineer,Read,True,Data Engineering,Project Gamma
DOC-0460,user_006,DevOps Engineer,Read,True,DevOps,Core Infrastructure
DOC-0460,user_007,Junior Developer,Read,True,Engineering,Project Delta
DOC-0460,user_008,Engineering Manager,Read,True,Engineering,All
DOC-0461,user_001,Engineer,None,False,Engineering,Project Alpha
DOC-0461,user_002,Senior Engineer,None,False,Platform,Project Beta
DOC-0461,user_003,Architect,Read,True,Architecture,All
DOC-0461,user_004,Security Engineer,Read,True,Security,All
DOC-0461,user_005,Principal Engineer,Read,True,Data Engineering,Project Gamma
DOC-0461,user_006,DevOps Engineer,None,False,DevOps,Core Infrastructure
DOC-0461,user_007,Junior Developer,None,False,Engineering,Project Delta
DOC-0461,user_008,Engineering Manager,None,False,Engineering,All
DOC-0462,user_001,Engineer,Read,True,Engineering,Project Alpha
DOC-0462,user_002,Senior Engineer,Read,True,Platform,Project Beta
DOC-0462,user_003,Architect,Read,True,Architecture,All
DOC-0462,user_004,Security Engineer,Read,True,Security,All
DOC-0462,user_005,Principal Engineer,Read,True,Data Engineering,Project Gamma
DOC-0462,user_006,DevOps Engineer,Read,True,DevOps,Core Infrastructure
DOC-0462,user_007,Junior Developer,Read,True,Engineering,Project Delta
DOC-0462,user_008,Engineering Manager,Read,True,Engineering,All
DOC-0463,user_001,Engineer,Read,True,Engineering,Project Alpha
DOC-0463,user_002,Senior Engineer,Read,True,Platform,Project Beta
DOC-0463,user_003,Architect,Read,True,Architecture,All
DOC-0463,user_004,Security Engineer,Read,True,Security,All
DOC-0463,user_005,Principal Engineer,Read,True,Data Engineering,Project Gamma
DOC-0463,user_006,DevOps Engineer,Read,True,DevOps,Core Infrastructure
DOC-0463,user_007,Junior Developer,Read,True,Engineering,Project Delta
DOC-0463,user_008,Engineering Manager,Read,True,Engineering,All
DOC-0464,user_001,Engineer,None,False,Engineering,Project Alpha
DOC-0464,user_002,Senior Engineer,None,False,Platform,Project Beta
DOC-0464,user_003,Architect,Read,True,Architecture,All
DOC-0464,user_004,Security Engineer,Read,True,Security,All
DOC-0464,user_005,Principal Engineer,None,False,Data Engineering,Project Gamma
DOC-0464,user_006,DevOps Engineer,None,False,DevOps,Core Infrastructure
DOC-0464,user_007,Junior Developer,None,False,Engineering,Project Delta
DOC-0464,user_008,Engineering Manager,None,False,Engineering,All
DOC-0465,user_001,Engineer,Read,True,Engineering,Project Alpha
DOC-0465,user_002,Senior Engineer,Read,True,Platform,Project Beta
DOC-0465,user_003,Architect,Read,True,Architecture,All
DOC-0465,user_004,Security Engineer,Read,True,Security,All
DOC-0465,user_005,Principal Engineer,Read,True,Data Engineering,Project Gamma
DOC-0465,user_006,DevOps Engineer,Read,True,DevOps,Core Infrastructure
DOC-0465,user_007,Junior Developer,Read,True,Engineering,Project Delta
DOC-0465,user_008,Engineering Manager,Read,True,Engineering,All
DOC-0466,user_001,Engineer,None,False,Engineering,Project Alpha
DOC-0466,user_002,Senior Engineer,None,False,Platform,Project Beta
DOC-0466,user_003,Architect,Read,True,Architecture,All
DOC-0466,user_004,Security Engineer,Read,True,Security,All
DOC-0466,user_005,Principal Engineer,Read,True,Data Engineering,Project Gamma
DOC-0466,user_006,DevOps Engineer,None,False,DevOps,Core Infrastructure
DOC-0466,user_007,Junior Developer,None,False,Engineering,Project Delta
DOC-0466,user_008,Engineering Manager,None,False,Engineering,All
DOC-0467,user_001,Engineer,None,False,Engineering,Project Alpha
DOC-0467,user_002,Senior Engineer,None,False,Platform,Project Beta
DOC-0467,user_003,Architect,Read,True,Architecture,All
DOC-0467,user_004,Security Engineer,Read,True,Security,All
DOC-0467,user_005,Principal Engineer,None,False,Data Engineering,Project Gamma
DOC-0467,user_006,DevOps Engineer,Read,True,DevOps,Core Infrastructure
DOC-0467,user_007,Junior Developer,None,False,Engineering,Project Delta
DOC-0467,user_008,Engineering Manager,None,False,Engineering,All
DOC-0468,user_001,Engineer,None,False,Engineering,Project Alpha
DOC-0468,user_002,Senior Engineer,Read,True,Platform,Project Beta
DOC-0468,user_003,Architect,Read,True,Architecture,All
DOC-0468,user_004,Security Engineer,Read,True,Security,All
DOC-0468,user_005,Principal Engineer,None,False,Data Engineering,Project Gamma
DOC-0468,user_006,DevOps Engineer,None,False,DevOps,Core Infrastructure
DOC-0468,user_007,Junior Developer,None,False,Engineering,Project Delta
DOC-0468,user_008,Engineering Manager,None,False,Engineering,All
DOC-0469,user_001,Engineer,Read,True,Engineering,Project Alpha
DOC-0469,user_002,Senior Engineer,Read,True,Platform,Project Beta
DOC-0469,user_003,Architect,Read,True,Architecture,All
DOC-0469,user_004,Security Engineer,Read,True,Security,All
DOC-0469,user_005,Principal Engineer,Read,True,Data Engineering,Project Gamma
DOC-0469,user_006,DevOps Engineer,Read,True,DevOps,Core Infrastructure
DOC-0469,user_007,Junior Developer,Read,True,Engineering,Project Delta
DOC-0469,user_008,Engineering Manager,Read,True,Engineering,All
DOC-0470,user_001,Engineer,Read,True,Engineering,Project Alpha
DOC-0470,user_002,Senior Engineer,Read,True,Platform,Project Beta
DOC-0470,user_003,Architect,Read,True,Architecture,All
DOC-0470,user_004,Security Engineer,Read,True,Security,All
DOC-0470,user_005,Principal Engineer,Read,True,Data Engineering,Project Gamma
DOC-0470,user_006,DevOps Engineer,Read,True,DevOps,Core Infrastructure
DOC-0470,user_007,Junior Developer,Read,True,Engineering,Project Delta
DOC-0470,user_008,Engineering Manager,Read,True,Engineering,All
DOC-0471,user_001,Engineer,Read,True,Engineering,Project Alpha
DOC-0471,user_002,Senior Engineer,Read,True,Platform,Project Beta
DOC-0471,user_003,Architect,Read,True,Architecture,All
DOC-0471,user_004,Security Engineer,Read,True,Security,All
DOC-0471,user_005,Principal Engineer,Read,True,Data Engineering,Project Gamma
DOC-0471,user_006,DevOps Engineer,Read,True,DevOps,Core Infrastructure
DOC-0471,user_007,Junior Developer,Read,True,Engineering,Project Delta
DOC-0471,user_008,Engineering Manager,Read,True,Engineering,All
DOC-0472,user_001,Engineer,Read,True,Engineering,Project Alpha
DOC-0472,user_002,Senior Engineer,Read,True,Platform,Project Beta
DOC-0472,user_003,Architect,Read,True,Architecture,All
DOC-0472,user_004,Security Engineer,Read,True,Security,All
DOC-0472,user_005,Principal Engineer,Read,True,Data Engineering,Project Gamma
DOC-0472,user_006,DevOps Engineer,Read,True,DevOps,Core Infrastructure
DOC-0472,user_007,Junior Developer,Read,True,Engineering,Project Delta
DOC-0472,user_008,Engineering Manager,Read,True,Engineering,All
DOC-0473,user_001,Engineer,Read,True,Engineering,Project Alpha
DOC-0473,user_002,Senior Engineer,Read,True,Platform,Project Beta
DOC-0473,user_003,Architect,Read,True,Architecture,All
DOC-0473,user_004,Security Engineer,Read,True,Security,All
DOC-0473,user_005,Principal Engineer,Read,True,Data Engineering,Project Gamma
DOC-0473,user_006,DevOps Engineer,Read,True,DevOps,Core Infrastructure
DOC-0473,user_007,Junior Developer,Read,True,Engineering,Project Delta
DOC-0473,user_008,Engineering Manager,Read,True,Engineering,All
DOC-0474,user_001,Engineer,None,False,Engineering,Project Alpha
DOC-0474,user_002,Senior Engineer,None,False,Platform,Project Beta
DOC-0474,user_003,Architect,Read,True,Architecture,All
DOC-0474,user_004,Security Engineer,Read,True,Security,All
DOC-0474,user_005,Principal Engineer,None,False,Data Engineering,Project Gamma
DOC-0474,user_006,DevOps Engineer,None,False,DevOps,Core Infrastructure
DOC-0474,user_007,Junior Developer,None,False,Engineering,Project Delta
DOC-0474,user_008,Engineering Manager,None,False,Engineering,All
DOC-0475,user_001,Engineer,Read,True,Engineering,Project Alpha
DOC-0475,user_002,Senior Engineer,Read,True,Platform,Project Beta
DOC-0475,user_003,Architect,Read,True,Architecture,All
DOC-0475,user_004,Security Engineer,Read,True,Security,All
DOC-0475,user_005,Principal Engineer,Read,True,Data Engineering,Project Gamma
DOC-0475,user_006,DevOps Engineer,Read,True,DevOps,Core Infrastructure
DOC-0475,user_007,Junior Developer,Read,True,Engineering,Project Delta
DOC-0475,user_008,Engineering Manager,Read,True,Engineering,All
DOC-0476,user_001,Engineer,Read,True,Engineering,Project Alpha
DOC-0476,user_002,Senior Engineer,Read,True,Platform,Project Beta
DOC-0476,user_003,Architect,Read,True,Architecture,All
DOC-0476,user_004,Security Engineer,Read,True,Security,All
DOC-0476,user_005,Principal Engineer,Read,True,Data Engineering,Project Gamma
DOC-0476,user_006,DevOps Engineer,Read,True,DevOps,Core Infrastructure
DOC-0476,user_007,Junior Developer,Read,True,Engineering,Project Delta
DOC-0476,user_008,Engineering Manager,Read,True,Engineering,All
DOC-0477,user_001,Engineer,Read,True,Engineering,Project Alpha
DOC-0477,user_002,Senior Engineer,Read,True,Platform,Project Beta
DOC-0477,user_003,Architect,Read,True,Architecture,All
DOC-0477,user_004,Security Engineer,Read,True,Security,All
DOC-0477,user_005,Principal Engineer,Read,True,Data Engineering,Project Gamma
DOC-0477,user_006,DevOps Engineer,Read,True,DevOps,Core Infrastructure
DOC-0477,user_007,Junior Developer,Read,True,Engineering,Project Delta
DOC-0477,user_008,Engineering Manager,Read,True,Engineering,All
DOC-0478,user_001,Engineer,Read,True,Engineering,Project Alpha
DOC-0478,user_002,Senior Engineer,Read,True,Platform,Project Beta
DOC-0478,user_003,Architect,Read,True,Architecture,All
DOC-0478,user_004,Security Engineer,Read,True,Security,All
DOC-0478,user_005,Principal Engineer,Read,True,Data Engineering,Project Gamma
DOC-0478,user_006,DevOps Engineer,Read,True,DevOps,Core Infrastructure
DOC-0478,user_007,Junior Developer,Read,True,Engineering,Project Delta
DOC-0478,user_008,Engineering Manager,Read,True,Engineering,All
DOC-0479,user_001,Engineer,Read,True,Engineering,Project Alpha
DOC-0479,user_002,Senior Engineer,Read,True,Platform,Project Beta
DOC-0479,user_003,Architect,Read,True,Architecture,All
DOC-0479,user_004,Security Engineer,Read,True,Security,All
DOC-0479,user_005,Principal Engineer,Read,True,Data Engineering,Project Gamma
DOC-0479,user_006,DevOps Engineer,Read,True,DevOps,Core Infrastructure
DOC-0479,user_007,Junior Developer,Read,True,Engineering,Project Delta
DOC-0479,user_008,Engineering Manager,Read,True,Engineering,All
DOC-0480,user_001,Engineer,None,False,Engineering,Project Alpha
DOC-0480,user_002,Senior Engineer,None,False,Platform,Project Beta
DOC-0480,user_003,Architect,Read,True,Architecture,All
DOC-0480,user_004,Security Engineer,Read,True,Security,All
DOC-0480,user_005,Principal Engineer,None,False,Data Engineering,Project Gamma
DOC-0480,user_006,DevOps Engineer,None,False,DevOps,Core Infrastructure
DOC-0480,user_007,Junior Developer,None,False,Engineering,Project Delta
DOC-0480,user_008,Engineering Manager,None,False,Engineering,All
DOC-0481,user_001,Engineer,Read,True,Engineering,Project Alpha
DOC-0481,user_002,Senior Engineer,Read,True,Platform,Project Beta
DOC-0481,user_003,Architect,Read,True,Architecture,All
DOC-0481,user_004,Security Engineer,Read,True,Security,All
DOC-0481,user_005,Principal Engineer,Read,True,Data Engineering,Project Gamma
DOC-0481,user_006,DevOps Engineer,Read,True,DevOps,Core Infrastructure
DOC-0481,user_007,Junior Developer,Read,True,Engineering,Project Delta
DOC-0481,user_008,Engineering Manager,Read,True,Engineering,All
DOC-0482,user_001,Engineer,Read,True,Engineering,Project Alpha
DOC-0482,user_002,Senior Engineer,Read,True,Platform,Project Beta
DOC-0482,user_003,Architect,Read,True,Architecture,All
DOC-0482,user_004,Security Engineer,Read,True,Security,All
DOC-0482,user_005,Principal Engineer,Read,True,Data Engineering,Project Gamma
DOC-0482,user_006,DevOps Engineer,Read,True,DevOps,Core Infrastructure
DOC-0482,user_007,Junior Developer,Read,True,Engineering,Project Delta
DOC-0482,user_008,Engineering Manager,Read,True,Engineering,All
DOC-0483,user_001,Engineer,Read,True,Engineering,Project Alpha
DOC-0483,user_002,Senior Engineer,None,False,Platform,Project Beta
DOC-0483,user_003,Architect,Read,True,Architecture,All
DOC-0483,user_004,Security Engineer,Read,True,Security,All
DOC-0483,user_005,Principal Engineer,None,False,Data Engineering,Project Gamma
DOC-0483,user_006,DevOps Engineer,None,False,DevOps,Core Infrastructure
DOC-0483,user_007,Junior Developer,None,False,Engineering,Project Delta
DOC-0483,user_008,Engineering Manager,None,False,Engineering,All
DOC-0484,user_001,Engineer,Read,True,Engineering,Project Alpha
DOC-0484,user_002,Senior Engineer,Read,True,Platform,Project Beta
DOC-0484,user_003,Architect,Read,True,Architecture,All
DOC-0484,user_004,Security Engineer,Read,True,Security,All
DOC-0484,user_005,Principal Engineer,Read,True,Data Engineering,Project Gamma
DOC-0484,user_006,DevOps Engineer,Read,True,DevOps,Core Infrastructure
DOC-0484,user_007,Junior Developer,Read,True,Engineering,Project Delta
DOC-0484,user_008,Engineering Manager,Read,True,Engineering,All
DOC-0485,user_001,Engineer,Read,True,Engineering,Project Alpha
DOC-0485,user_002,Senior Engineer,Read,True,Platform,Project Beta
DOC-0485,user_003,Architect,Read,True,Architecture,All
DOC-0485,user_004,Security Engineer,Read,True,Security,All
DOC-0485,user_005,Principal Engineer,Read,True,Data Engineering,Project Gamma
DOC-0485,user_006,DevOps Engineer,Read,True,DevOps,Core Infrastructure
DOC-0485,user_007,Junior Developer,Read,True,Engineering,Project Delta
DOC-0485,user_008,Engineering Manager,Read,True,Engineering,All
DOC-0486,user_001,Engineer,None,False,Engineering,Project Alpha
DOC-0486,user_002,Senior Engineer,None,False,Platform,Project Beta
DOC-0486,user_003,Architect,Read,True,Architecture,All
DOC-0486,user_004,Security Engineer,Read,True,Security,All
DOC-0486,user_005,Principal Engineer,None,False,Data Engineering,Project Gamma
DOC-0486,user_006,DevOps Engineer,None,False,DevOps,Core Infrastructure
DOC-0486,user_007,Junior Developer,Read,True,Engineering,Project Delta
DOC-0486,user_008,Engineering Manager,None,False,Engineering,All
DOC-0487,user_001,Engineer,None,False,Engineering,Project Alpha
DOC-0487,user_002,Senior Engineer,None,False,Platform,Project Beta
DOC-0487,user_003,Architect,Read,True,Architecture,All
DOC-0487,user_004,Security Engineer,Read,True,Security,All
DOC-0487,user_005,Principal Engineer,None,False,Data Engineering,Project Gamma
DOC-0487,user_006,DevOps Engineer,None,False,DevOps,Core Infrastructure
DOC-0487,user_007,Junior Developer,Read,True,Engineering,Project Delta
DOC-0487,user_008,Engineering Manager,None,False,Engineering,All
DOC-0488,user_001,Engineer,Read,True,Engineering,Project Alpha
DOC-0488,user_002,Senior Engineer,Read,True,Platform,Project Beta
DOC-0488,user_003,Architect,Read,True,Architecture,All
DOC-0488,user_004,Security Engineer,Read,True,Security,All
DOC-0488,user_005,Principal Engineer,Read,True,Data Engineering,Project Gamma
DOC-0488,user_006,DevOps Engineer,Read,True,DevOps,Core Infrastructure
DOC-0488,user_007,Junior Developer,Read,True,Engineering,Project Delta
DOC-0488,user_008,Engineering Manager,Read,True,Engineering,All
DOC-0489,user_001,Engineer,Read,True,Engineering,Project Alpha
DOC-0489,user_002,Senior Engineer,None,False,Platform,Project Beta
DOC-0489,user_003,Architect,Read,True,Architecture,All
DOC-0489,user_004,Security Engineer,Read,True,Security,All
DOC-0489,user_005,Principal Engineer,None,False,Data Engineering,Project Gamma
DOC-0489,user_006,DevOps Engineer,None,False,DevOps,Core Infrastructure
DOC-0489,user_007,Junior Developer,None,False,Engineering,Project Delta
DOC-0489,user_008,Engineering Manager,None,False,Engineering,All
DOC-0490,user_001,Engineer,Read,True,Engineering,Project Alpha
DOC-0490,user_002,Senior Engineer,Read,True,Platform,Project Beta
DOC-0490,user_003,Architect,Read,True,Architecture,All
DOC-0490,user_004,Security Engineer,Read,True,Security,All
DOC-0490,user_005,Principal Engineer,Read,True,Data Engineering,Project Gamma
DOC-0490,user_006,DevOps Engineer,Read,True,DevOps,Core Infrastructure
DOC-0490,user_007,Junior Developer,Read,True,Engineering,Project Delta
DOC-0490,user_008,Engineering Manager,Read,True,Engineering,All
DOC-0491,user_001,Engineer,None,False,Engineering,Project Alpha
DOC-0491,user_002,Senior Engineer,None,False,Platform,Project Beta
DOC-0491,user_003,Architect,Read,True,Architecture,All
DOC-0491,user_004,Security Engineer,Read,True,Security,All
DOC-0491,user_005,Principal Engineer,None,False,Data Engineering,Project Gamma
DOC-0491,user_006,DevOps Engineer,Read,True,DevOps,Core Infrastructure
DOC-0491,user_007,Junior Developer,None,False,Engineering,Project Delta
DOC-0491,user_008,Engineering Manager,None,False,Engineering,All
DOC-0492,user_001,Engineer,Read,True,Engineering,Project Alpha
DOC-0492,user_002,Senior Engineer,Read,True,Platform,Project Beta
DOC-0492,user_003,Architect,Read,True,Architecture,All
DOC-0492,user_004,Security Engineer,Read,True,Security,All
DOC-0492,user_005,Principal Engineer,Read,True,Data Engineering,Project Gamma
DOC-0492,user_006,DevOps Engineer,Read,True,DevOps,Core Infrastructure
DOC-0492,user_007,Junior Developer,Read,True,Engineering,Project Delta
DOC-0492,user_008,Engineering Manager,Read,True,Engineering,All
DOC-0493,user_001,Engineer,Read,True,Engineering,Project Alpha
DOC-0493,user_002,Senior Engineer,None,False,Platform,Project Beta
DOC-0493,user_003,Architect,Read,True,Architecture,All
DOC-0493,user_004,Security Engineer,Read,True,Security,All
DOC-0493,user_005,Principal Engineer,None,False,Data Engineering,Project Gamma
DOC-0493,user_006,DevOps Engineer,None,False,DevOps,Core Infrastructure
DOC-0493,user_007,Junior Developer,None,False,Engineering,Project Delta
DOC-0493,user_008,Engineering Manager,None,False,Engineering,All
DOC-0494,user_001,Engineer,None,False,Engineering,Project Alpha
DOC-0494,user_002,Senior Engineer,Read,True,Platform,Project Beta
DOC-0494,user_003,Architect,Read,True,Architecture,All
DOC-0494,user_004,Security Engineer,Read,True,Security,All
DOC-0494,user_005,Principal Engineer,None,False,Data Engineering,Project Gamma
DOC-0494,user_006,DevOps Engineer,None,False,DevOps,Core Infrastructure
DOC-0494,user_007,Junior Developer,None,False,Engineering,Project Delta
DOC-0494,user_008,Engineering Manager,None,False,Engineering,All
DOC-0495,user_001,Engineer,Read,True,Engineering,Project Alpha
DOC-0495,user_002,Senior Engineer,Read,True,Platform,Project Beta
DOC-0495,user_003,Architect,Read,True,Architecture,All
DOC-0495,user_004,Security Engineer,Read,True,Security,All
DOC-0495,user_005,Principal Engineer,Read,True,Data Engineering,Project Gamma
DOC-0495,user_006,DevOps Engineer,Read,True,DevOps,Core Infrastructure
DOC-0495,user_007,Junior Developer,Read,True,Engineering,Project Delta
DOC-0495,user_008,Engineering Manager,Read,True,Engineering,All
DOC-0496,user_001,Engineer,Read,True,Engineering,Project Alpha
DOC-0496,user_002,Senior Engineer,Read,True,Platform,Project Beta
DOC-0496,user_003,Architect,Read,True,Architecture,All
DOC-0496,user_004,Security Engineer,Read,True,Security,All
DOC-0496,user_005,Principal Engineer,Read,True,Data Engineering,Project Gamma
DOC-0496,user_006,DevOps Engineer,Read,True,DevOps,Core Infrastructure
DOC-0496,user_007,Junior Developer,Read,True,Engineering,Project Delta
DOC-0496,user_008,Engineering Manager,Read,True,Engineering,All
DOC-0497,user_001,Engineer,Read,True,Engineering,Project Alpha
DOC-0497,user_002,Senior Engineer,None,False,Platform,Project Beta
DOC-0497,user_003,Architect,Read,True,Architecture,All
DOC-0497,user_004,Security Engineer,Read,True,Security,All
DOC-0497,user_005,Principal Engineer,None,False,Data Engineering,Project Gamma
DOC-0497,user_006,DevOps Engineer,None,False,DevOps,Core Infrastructure
DOC-0497,user_007,Junior Developer,None,False,Engineering,Project Delta
DOC-0497,user_008,Engineering Manager,None,False,Engineering,All
DOC-0498,user_001,Engineer,Read,True,Engineering,Project Alpha
DOC-0498,user_002,Senior Engineer,None,False,Platform,Project Beta
DOC-0498,user_003,Architect,Read,True,Architecture,All
DOC-0498,user_004,Security Engineer,Read,True,Security,All
DOC-0498,user_005,Principal Engineer,None,False,Data Engineering,Project Gamma
DOC-0498,user_006,DevOps Engineer,None,False,DevOps,Core Infrastructure
DOC-0498,user_007,Junior Developer,None,False,Engineering,Project Delta
DOC-0498,user_008,Engineering Manager,None,False,Engineering,All
DOC-0499,user_001,Engineer,None,False,Engineering,Project Alpha
DOC-0499,user_002,Senior Engineer,None,False,Platform,Project Beta
DOC-0499,user_003,Architect,Read,True,Architecture,All
DOC-0499,user_004,Security Engineer,Read,True,Security,All
DOC-0499,user_005,Principal Engineer,Read,True,Data Engineering,Project Gamma
DOC-0499,user_006,DevOps Engineer,None,False,DevOps,Core Infrastructure
DOC-0499,user_007,Junior Developer,None,False,Engineering,Project Delta
DOC-0499,user_008,Engineering Manager,None,False,Engineering,All
DOC-0500,user_001,Engineer,None,False,Engineering,Project Alpha
DOC-0500,user_002,Senior Engineer,None,False,Platform,Project Beta
DOC-0500,user_003,Architect,Read,True,Architecture,All
DOC-0500,user_004,Security Engineer,Read,True,Security,All
DOC-0500,user_005,Principal Engineer,None,False,Data Engineering,Project Gamma
DOC-0500,user_006,DevOps Engineer,None,False,DevOps,Core Infrastructure
DOC-0500,user_007,Junior Developer,Read,True,Engineering,Project Delta
DOC-0500,user_008,Engineering Manager,None,False,Engineering,All
DOC-0501,user_001,Engineer,None,False,Engineering,Project Alpha
DOC-0501,user_002,Senior Engineer,None,False,Platform,Project Beta
DOC-0501,user_003,Architect,Read,True,Architecture,All
DOC-0501,user_004,Security Engineer,Read,True,Security,All
DOC-0501,user_005,Principal Engineer,None,False,Data Engineering,Project Gamma
DOC-0501,user_006,DevOps Engineer,Read,True,DevOps,Core Infrastructure
DOC-0501,user_007,Junior Developer,None,False,Engineering,Project Delta
DOC-0501,user_008,Engineering Manager,None,False,Engineering,All
DOC-0502,user_001,Engineer,Read,True,Engineering,Project Alpha
DOC-0502,user_002,Senior Engineer,Read,True,Platform,Project Beta
DOC-0502,user_003,Architect,Read,True,Architecture,All
DOC-0502,user_004,Security Engineer,Read,True,Security,All
DOC-0502,user_005,Principal Engineer,Read,True,Data Engineering,Project Gamma
DOC-0502,user_006,DevOps Engineer,Read,True,DevOps,Core Infrastructure
DOC-0502,user_007,Junior Developer,Read,True,Engineering,Project Delta
DOC-0502,user_008,Engineering Manager,Read,True,Engineering,All
DOC-0503,user_001,Engineer,Read,True,Engineering,Project Alpha
DOC-0503,user_002,Senior Engineer,Read,True,Platform,Project Beta
DOC-0503,user_003,Architect,Read,True,Architecture,All
DOC-0503,user_004,Security Engineer,Read,True,Security,All
DOC-0503,user_005,Principal Engineer,Read,True,Data Engineering,Project Gamma
DOC-0503,user_006,DevOps Engineer,Read,True,DevOps,Core Infrastructure
DOC-0503,user_007,Junior Developer,Read,True,Engineering,Project Delta
DOC-0503,user_008,Engineering Manager,Read,True,Engineering,All
DOC-0504,user_001,Engineer,Read,True,Engineering,Project Alpha
DOC-0504,user_002,Senior Engineer,Read,True,Platform,Project Beta
DOC-0504,user_003,Architect,Read,True,Architecture,All
DOC-0504,user_004,Security Engineer,Read,True,Security,All
DOC-0504,user_005,Principal Engineer,Read,True,Data Engineering,Project Gamma
DOC-0504,user_006,DevOps Engineer,Read,True,DevOps,Core Infrastructure
DOC-0504,user_007,Junior Developer,Read,True,Engineering,Project Delta
DOC-0504,user_008,Engineering Manager,Read,True,Engineering,All
DOC-0505,user_001,Engineer,None,False,Engineering,Project Alpha
DOC-0505,user_002,Senior Engineer,None,False,Platform,Project Beta
DOC-0505,user_003,Architect,Read,True,Architecture,All
DOC-0505,user_004,Security Engineer,Read,True,Security,All
DOC-0505,user_005,Principal Engineer,Read,True,Data Engineering,Project Gamma
DOC-0505,user_006,DevOps Engineer,None,False,DevOps,Core Infrastructure
DOC-0505,user_007,Junior Developer,None,False,Engineering,Project Delta
DOC-0505,user_008,Engineering Manager,None,False,Engineering,All
DOC-0506,user_001,Engineer,None,False,Engineering,Project Alpha
DOC-0506,user_002,Senior Engineer,None,False,Platform,Project Beta
DOC-0506,user_003,Architect,Read,True,Architecture,All
DOC-0506,user_004,Security Engineer,Read,True,Security,All
DOC-0506,user_005,Principal Engineer,Read,True,Data Engineering,Project Gamma
DOC-0506,user_006,DevOps Engineer,None,False,DevOps,Core Infrastructure
DOC-0506,user_007,Junior Developer,None,False,Engineering,Project Delta
DOC-0506,user_008,Engineering Manager,None,False,Engineering,All
DOC-0507,user_001,Engineer,Read,True,Engineering,Project Alpha
DOC-0507,user_002,Senior Engineer,Read,True,Platform,Project Beta
DOC-0507,user_003,Architect,Read,True,Architecture,All
DOC-0507,user_004,Security Engineer,Read,True,Security,All
DOC-0507,user_005,Principal Engineer,Read,True,Data Engineering,Project Gamma
DOC-0507,user_006,DevOps Engineer,Read,True,DevOps,Core Infrastructure
DOC-0507,user_007,Junior Developer,Read,True,Engineering,Project Delta
DOC-0507,user_008,Engineering Manager,Read,True,Engineering,All
DOC-0508,user_001,Engineer,Read,True,Engineering,Project Alpha
DOC-0508,user_002,Senior Engineer,Read,True,Platform,Project Beta
DOC-0508,user_003,Architect,Read,True,Architecture,All
DOC-0508,user_004,Security Engineer,Read,True,Security,All
DOC-0508,user_005,Principal Engineer,Read,True,Data Engineering,Project Gamma
DOC-0508,user_006,DevOps Engineer,Read,True,DevOps,Core Infrastructure
DOC-0508,user_007,Junior Developer,Read,True,Engineering,Project Delta
DOC-0508,user_008,Engineering Manager,Read,True,Engineering,All
DOC-0509,user_001,Engineer,None,False,Engineering,Project Alpha
DOC-0509,user_002,Senior Engineer,None,False,Platform,Project Beta
DOC-0509,user_003,Architect,Read,True,Architecture,All
DOC-0509,user_004,Security Engineer,Read,True,Security,All
DOC-0509,user_005,Principal Engineer,Read,True,Data Engineering,Project Gamma
DOC-0509,user_006,DevOps Engineer,None,False,DevOps,Core Infrastructure
DOC-0509,user_007,Junior Developer,None,False,Engineering,Project Delta
DOC-0509,user_008,Engineering Manager,None,False,Engineering,All
DOC-0510,user_001,Engineer,None,False,Engineering,Project Alpha
DOC-0510,user_002,Senior Engineer,None,False,Platform,Project Beta
DOC-0510,user_003,Architect,Read,True,Architecture,All
DOC-0510,user_004,Security Engineer,Read,True,Security,All
DOC-0510,user_005,Principal Engineer,None,False,Data Engineering,Project Gamma
DOC-0510,user_006,DevOps Engineer,None,False,DevOps,Core Infrastructure
DOC-0510,user_007,Junior Developer,None,False,Engineering,Project Delta
DOC-0510,user_008,Engineering Manager,None,False,Engineering,All
DOC-0511,user_001,Engineer,None,False,Engineering,Project Alpha
DOC-0511,user_002,Senior Engineer,None,False,Platform,Project Beta
DOC-0511,user_003,Architect,Read,True,Architecture,All
DOC-0511,user_004,Security Engineer,Read,True,Security,All
DOC-0511,user_005,Principal Engineer,Read,True,Data Engineering,Project Gamma
DOC-0511,user_006,DevOps Engineer,None,False,DevOps,Core Infrastructure
DOC-0511,user_007,Junior Developer,None,False,Engineering,Project Delta
DOC-0511,user_008,Engineering Manager,None,False,Engineering,All
DOC-0512,user_001,Engineer,None,False,Engineering,Project Alpha
DOC-0512,user_002,Senior Engineer,None,False,Platform,Project Beta
DOC-0512,user_003,Architect,Read,True,Architecture,All
DOC-0512,user_004,Security Engineer,Read,True,Security,All
DOC-0512,user_005,Principal Engineer,None,False,Data Engineering,Project Gamma
DOC-0512,user_006,DevOps Engineer,Read,True,DevOps,Core Infrastructure
DOC-0512,user_007,Junior Developer,None,False,Engineering,Project Delta
DOC-0512,user_008,Engineering Manager,None,False,Engineering,All
DOC-0513,user_001,Engineer,Read,True,Engineering,Project Alpha
DOC-0513,user_002,Senior Engineer,Read,True,Platform,Project Beta
DOC-0513,user_003,Architect,Read,True,Architecture,All
DOC-0513,user_004,Security Engineer,Read,True,Security,All
DOC-0513,user_005,Principal Engineer,Read,True,Data Engineering,Project Gamma
DOC-0513,user_006,DevOps Engineer,Read,True,DevOps,Core Infrastructure
DOC-0513,user_007,Junior Developer,Read,True,Engineering,Project Delta
DOC-0513,user_008,Engineering Manager,Read,True,Engineering,All
DOC-0514,user_001,Engineer,None,False,Engineering,Project Alpha
DOC-0514,user_002,Senior Engineer,None,False,Platform,Project Beta
DOC-0514,user_003,Architect,Read,True,Architecture,All
DOC-0514,user_004,Security Engineer,Read,True,Security,All
DOC-0514,user_005,Principal Engineer,None,False,Data Engineering,Project Gamma
DOC-0514,user_006,DevOps Engineer,None,False,DevOps,Core Infrastructure
DOC-0514,user_007,Junior Developer,None,False,Engineering,Project Delta
DOC-0514,user_008,Engineering Manager,None,False,Engineering,All
DOC-0515,user_001,Engineer,Read,True,Engineering,Project Alpha
DOC-0515,user_002,Senior Engineer,Read,True,Platform,Project Beta
DOC-0515,user_003,Architect,Read,True,Architecture,All
DOC-0515,user_004,Security Engineer,Read,True,Security,All
DOC-0515,user_005,Principal Engineer,Read,True,Data Engineering,Project Gamma
DOC-0515,user_006,DevOps Engineer,Read,True,DevOps,Core Infrastructure
DOC-0515,user_007,Junior Developer,Read,True,Engineering,Project Delta
DOC-0515,user_008,Engineering Manager,Read,True,Engineering,All
DOC-0516,user_001,Engineer,Read,True,Engineering,Project Alpha
DOC-0516,user_002,Senior Engineer,Read,True,Platform,Project Beta
DOC-0516,user_003,Architect,Read,True,Architecture,All
DOC-0516,user_004,Security Engineer,Read,True,Security,All
DOC-0516,user_005,Principal Engineer,Read,True,Data Engineering,Project Gamma
DOC-0516,user_006,DevOps Engineer,Read,True,DevOps,Core Infrastructure
DOC-0516,user_007,Junior Developer,Read,True,Engineering,Project Delta
DOC-0516,user_008,Engineering Manager,Read,True,Engineering,All
DOC-0517,user_001,Engineer,Read,True,Engineering,Project Alpha
DOC-0517,user_002,Senior Engineer,Read,True,Platform,Project Beta
DOC-0517,user_003,Architect,Read,True,Architecture,All
DOC-0517,user_004,Security Engineer,Read,True,Security,All
DOC-0517,user_005,Principal Engineer,Read,True,Data Engineering,Project Gamma
DOC-0517,user_006,DevOps Engineer,Read,True,DevOps,Core Infrastructure
DOC-0517,user_007,Junior Developer,Read,True,Engineering,Project Delta
DOC-0517,user_008,Engineering Manager,Read,True,Engineering,All
DOC-0518,user_001,Engineer,None,False,Engineering,Project Alpha
DOC-0518,user_002,Senior Engineer,None,False,Platform,Project Beta
DOC-0518,user_003,Architect,Read,True,Architecture,All
DOC-0518,user_004,Security Engineer,Read,True,Security,All
DOC-0518,user_005,Principal Engineer,None,False,Data Engineering,Project Gamma
DOC-0518,user_006,DevOps Engineer,None,False,DevOps,Core Infrastructure
DOC-0518,user_007,Junior Developer,None,False,Engineering,Project Delta
DOC-0518,user_008,Engineering Manager,None,False,Engineering,All
DOC-0519,user_001,Engineer,None,False,Engineering,Project Alpha
DOC-0519,user_002,Senior Engineer,None,False,Platform,Project Beta
DOC-0519,user_003,Architect,Read,True,Architecture,All
DOC-0519,user_004,Security Engineer,Read,True,Security,All
DOC-0519,user_005,Principal Engineer,None,False,Data Engineering,Project Gamma
DOC-0519,user_006,DevOps Engineer,Read,True,DevOps,Core Infrastructure
DOC-0519,user_007,Junior Developer,None,False,Engineering,Project Delta
DOC-0519,user_008,Engineering Manager,None,False,Engineering,All
DOC-0520,user_001,Engineer,None,False,Engineering,Project Alpha
DOC-0520,user_002,Senior Engineer,None,False,Platform,Project Beta
DOC-0520,user_003,Architect,Read,True,Architecture,All
DOC-0520,user_004,Security Engineer,Read,True,Security,All
DOC-0520,user_005,Principal Engineer,None,False,Data Engineering,Project Gamma
DOC-0520,user_006,DevOps Engineer,None,False,DevOps,Core Infrastructure
DOC-0520,user_007,Junior Developer,None,False,Engineering,Project Delta
DOC-0520,user_008,Engineering Manager,None,False,Engineering,All
DOC-0521,user_001,Engineer,None,False,Engineering,Project Alpha
DOC-0521,user_002,Senior Engineer,Read,True,Platform,Project Beta
DOC-0521,user_003,Architect,Read,True,Architecture,All
DOC-0521,user_004,Security Engineer,Read,True,Security,All
DOC-0521,user_005,Principal Engineer,None,False,Data Engineering,Project Gamma
DOC-0521,user_006,DevOps Engineer,None,False,DevOps,Core Infrastructure
DOC-0521,user_007,Junior Developer,None,False,Engineering,Project Delta
DOC-0521,user_008,Engineering Manager,None,False,Engineering,All
DOC-0522,user_001,Engineer,Read,True,Engineering,Project Alpha
DOC-0522,user_002,Senior Engineer,None,False,Platform,Project Beta
DOC-0522,user_003,Architect,Read,True,Architecture,All
DOC-0522,user_004,Security Engineer,Read,True,Security,All
DOC-0522,user_005,Principal Engineer,None,False,Data Engineering,Project Gamma
DOC-0522,user_006,DevOps Engineer,None,False,DevOps,Core Infrastructure
DOC-0522,user_007,Junior Developer,None,False,Engineering,Project Delta
DOC-0522,user_008,Engineering Manager,None,False,Engineering,All
DOC-0523,user_001,Engineer,None,False,Engineering,Project Alpha
DOC-0523,user_002,Senior Engineer,None,False,Platform,Project Beta
DOC-0523,user_003,Architect,Read,True,Architecture,All
DOC-0523,user_004,Security Engineer,Read,True,Security,All
DOC-0523,user_005,Principal Engineer,Read,True,Data Engineering,Project Gamma
DOC-0523,user_006,DevOps Engineer,None,False,DevOps,Core Infrastructure
DOC-0523,user_007,Junior Developer,None,False,Engineering,Project Delta
DOC-0523,user_008,Engineering Manager,None,False,Engineering,All
DOC-0524,user_001,Engineer,Read,True,Engineering,Project Alpha
DOC-0524,user_002,Senior Engineer,Read,True,Platform,Project Beta
DOC-0524,user_003,Architect,Read,True,Architecture,All
DOC-0524,user_004,Security Engineer,Read,True,Security,All
DOC-0524,user_005,Principal Engineer,Read,True,Data Engineering,Project Gamma
DOC-0524,user_006,DevOps Engineer,Read,True,DevOps,Core Infrastructure
DOC-0524,user_007,Junior Developer,Read,True,Engineering,Project Delta
DOC-0524,user_008,Engineering Manager,Read,True,Engineering,All
DOC-0525,user_001,Engineer,Read,True,Engineering,Project Alpha
DOC-0525,user_002,Senior Engineer,Read,True,Platform,Project Beta
DOC-0525,user_003,Architect,Read,True,Architecture,All
DOC-0525,user_004,Security Engineer,Read,True,Security,All
DOC-0525,user_005,Principal Engineer,Read,True,Data Engineering,Project Gamma
DOC-0525,user_006,DevOps Engineer,Read,True,DevOps,Core Infrastructure
DOC-0525,user_007,Junior Developer,Read,True,Engineering,Project Delta
DOC-0525,user_008,Engineering Manager,Read,True,Engineering,All
DOC-0526,user_001,Engineer,Read,True,Engineering,Project Alpha
DOC-0526,user_002,Senior Engineer,Read,True,Platform,Project Beta
DOC-0526,user_003,Architect,Read,True,Architecture,All
DOC-0526,user_004,Security Engineer,Read,True,Security,All
DOC-0526,user_005,Principal Engineer,Read,True,Data Engineering,Project Gamma
DOC-0526,user_006,DevOps Engineer,Read,True,DevOps,Core Infrastructure
DOC-0526,user_007,Junior Developer,Read,True,Engineering,Project Delta
DOC-0526,user_008,Engineering Manager,Read,True,Engineering,All
DOC-0527,user_001,Engineer,Read,True,Engineering,Project Alpha
DOC-0527,user_002,Senior Engineer,Read,True,Platform,Project Beta
DOC-0527,user_003,Architect,Read,True,Architecture,All
DOC-0527,user_004,Security Engineer,Read,True,Security,All
DOC-0527,user_005,Principal Engineer,Read,True,Data Engineering,Project Gamma
DOC-0527,user_006,DevOps Engineer,Read,True,DevOps,Core Infrastructure
DOC-0527,user_007,Junior Developer,Read,True,Engineering,Project Delta
DOC-0527,user_008,Engineering Manager,Read,True,Engineering,All
DOC-0528,user_001,Engineer,Read,True,Engineering,Project Alpha
DOC-0528,user_002,Senior Engineer,Read,True,Platform,Project Beta
DOC-0528,user_003,Architect,Read,True,Architecture,All
DOC-0528,user_004,Security Engineer,Read,True,Security,All
DOC-0528,user_005,Principal Engineer,Read,True,Data Engineering,Project Gamma
DOC-0528,user_006,DevOps Engineer,Read,True,DevOps,Core Infrastructure
DOC-0528,user_007,Junior Developer,Read,True,Engineering,Project Delta
DOC-0528,user_008,Engineering Manager,Read,True,Engineering,All
DOC-0529,user_001,Engineer,None,False,Engineering,Project Alpha
DOC-0529,user_002,Senior Engineer,None,False,Platform,Project Beta
DOC-0529,user_003,Architect,Read,True,Architecture,All
DOC-0529,user_004,Security Engineer,Read,True,Security,All
DOC-0529,user_005,Principal Engineer,None,False,Data Engineering,Project Gamma
DOC-0529,user_006,DevOps Engineer,None,False,DevOps,Core Infrastructure
DOC-0529,user_007,Junior Developer,None,False,Engineering,Project Delta
DOC-0529,user_008,Engineering Manager,None,False,Engineering,All
DOC-0530,user_001,Engineer,Read,True,Engineering,Project Alpha
DOC-0530,user_002,Senior Engineer,Read,True,Platform,Project Beta
DOC-0530,user_003,Architect,Read,True,Architecture,All
DOC-0530,user_004,Security Engineer,Read,True,Security,All
DOC-0530,user_005,Principal Engineer,Read,True,Data Engineering,Project Gamma
DOC-0530,user_006,DevOps Engineer,Read,True,DevOps,Core Infrastructure
DOC-0530,user_007,Junior Developer,Read,True,Engineering,Project Delta
DOC-0530,user_008,Engineering Manager,Read,True,Engineering,All
DOC-0531,user_001,Engineer,None,False,Engineering,Project Alpha
DOC-0531,user_002,Senior Engineer,None,False,Platform,Project Beta
DOC-0531,user_003,Architect,Read,True,Architecture,All
DOC-0531,user_004,Security Engineer,Read,True,Security,All
DOC-0531,user_005,Principal Engineer,None,False,Data Engineering,Project Gamma
DOC-0531,user_006,DevOps Engineer,None,False,DevOps,Core Infrastructure
DOC-0531,user_007,Junior Developer,None,False,Engineering,Project Delta
DOC-0531,user_008,Engineering Manager,None,False,Engineering,All
DOC-0532,user_001,Engineer,None,False,Engineering,Project Alpha
DOC-0532,user_002,Senior Engineer,None,False,Platform,Project Beta
DOC-0532,user_003,Architect,Read,True,Architecture,All
DOC-0532,user_004,Security Engineer,Read,True,Security,All
DOC-0532,user_005,Principal Engineer,Read,True,Data Engineering,Project Gamma
DOC-0532,user_006,DevOps Engineer,None,False,DevOps,Core Infrastructure
DOC-0532,user_007,Junior Developer,None,False,Engineering,Project Delta
DOC-0532,user_008,Engineering Manager,None,False,Engineering,All
DOC-0533,user_001,Engineer,Read,True,Engineering,Project Alpha
DOC-0533,user_002,Senior Engineer,Read,True,Platform,Project Beta
DOC-0533,user_003,Architect,Read,True,Architecture,All
DOC-0533,user_004,Security Engineer,Read,True,Security,All
DOC-0533,user_005,Principal Engineer,Read,True,Data Engineering,Project Gamma
DOC-0533,user_006,DevOps Engineer,Read,True,DevOps,Core Infrastructure
DOC-0533,user_007,Junior Developer,Read,True,Engineering,Project Delta
DOC-0533,user_008,Engineering Manager,Read,True,Engineering,All
DOC-0534,user_001,Engineer,Read,True,Engineering,Project Alpha
DOC-0534,user_002,Senior Engineer,Read,True,Platform,Project Beta
DOC-0534,user_003,Architect,Read,True,Architecture,All
DOC-0534,user_004,Security Engineer,Read,True,Security,All
DOC-0534,user_005,Principal Engineer,Read,True,Data Engineering,Project Gamma
DOC-0534,user_006,DevOps Engineer,Read,True,DevOps,Core Infrastructure
DOC-0534,user_007,Junior Developer,Read,True,Engineering,Project Delta
DOC-0534,user_008,Engineering Manager,Read,True,Engineering,All
DOC-0535,user_001,Engineer,None,False,Engineering,Project Alpha
DOC-0535,user_002,Senior Engineer,None,False,Platform,Project Beta
DOC-0535,user_003,Architect,Read,True,Architecture,All
DOC-0535,user_004,Security Engineer,Read,True,Security,All
DOC-0535,user_005,Principal Engineer,Read,True,Data Engineering,Project Gamma
DOC-0535,user_006,DevOps Engineer,None,False,DevOps,Core Infrastructure
DOC-0535,user_007,Junior Developer,None,False,Engineering,Project Delta
DOC-0535,user_008,Engineering Manager,None,False,Engineering,All
DOC-0536,user_001,Engineer,Read,True,Engineering,Project Alpha
DOC-0536,user_002,Senior Engineer,Read,True,Platform,Project Beta
DOC-0536,user_003,Architect,Read,True,Architecture,All
DOC-0536,user_004,Security Engineer,Read,True,Security,All
DOC-0536,user_005,Principal Engineer,Read,True,Data Engineering,Project Gamma
DOC-0536,user_006,DevOps Engineer,Read,True,DevOps,Core Infrastructure
DOC-0536,user_007,Junior Developer,Read,True,Engineering,Project Delta
DOC-0536,user_008,Engineering Manager,Read,True,Engineering,All
DOC-0537,user_001,Engineer,Read,True,Engineering,Project Alpha
DOC-0537,user_002,Senior Engineer,Read,True,Platform,Project Beta
DOC-0537,user_003,Architect,Read,True,Architecture,All
DOC-0537,user_004,Security Engineer,Read,True,Security,All
DOC-0537,user_005,Principal Engineer,Read,True,Data Engineering,Project Gamma
DOC-0537,user_006,DevOps Engineer,Read,True,DevOps,Core Infrastructure
DOC-0537,user_007,Junior Developer,Read,True,Engineering,Project Delta
DOC-0537,user_008,Engineering Manager,Read,True,Engineering,All
DOC-0538,user_001,Engineer,Read,True,Engineering,Project Alpha
DOC-0538,user_002,Senior Engineer,Read,True,Platform,Project Beta
DOC-0538,user_003,Architect,Read,True,Architecture,All
DOC-0538,user_004,Security Engineer,Read,True,Security,All
DOC-0538,user_005,Principal Engineer,Read,True,Data Engineering,Project Gamma
DOC-0538,user_006,DevOps Engineer,Read,True,DevOps,Core Infrastructure
DOC-0538,user_007,Junior Developer,Read,True,Engineering,Project Delta
DOC-0538,user_008,Engineering Manager,Read,True,Engineering,All
DOC-0539,user_001,Engineer,Read,True,Engineering,Project Alpha
DOC-0539,user_002,Senior Engineer,None,False,Platform,Project Beta
DOC-0539,user_003,Architect,Read,True,Architecture,All
DOC-0539,user_004,Security Engineer,Read,True,Security,All
DOC-0539,user_005,Principal Engineer,None,False,Data Engineering,Project Gamma
DOC-0539,user_006,DevOps Engineer,None,False,DevOps,Core Infrastructure
DOC-0539,user_007,Junior Developer,None,False,Engineering,Project Delta
DOC-0539,user_008,Engineering Manager,None,False,Engineering,All
DOC-0540,user_001,Engineer,None,False,Engineering,Project Alpha
DOC-0540,user_002,Senior Engineer,None,False,Platform,Project Beta
DOC-0540,user_003,Architect,Read,True,Architecture,All
DOC-0540,user_004,Security Engineer,Read,True,Security,All
DOC-0540,user_005,Principal Engineer,None,False,Data Engineering,Project Gamma
DOC-0540,user_006,DevOps Engineer,None,False,DevOps,Core Infrastructure
DOC-0540,user_007,Junior Developer,None,False,Engineering,Project Delta
DOC-0540,user_008,Engineering Manager,None,False,Engineering,All
DOC-0541,user_001,Engineer,Read,True,Engineering,Project Alpha
DOC-0541,user_002,Senior Engineer,None,False,Platform,Project Beta
DOC-0541,user_003,Architect,Read,True,Architecture,All
DOC-0541,user_004,Security Engineer,Read,True,Security,All
DOC-0541,user_005,Principal Engineer,None,False,Data Engineering,Project Gamma
DOC-0541,user_006,DevOps Engineer,None,False,DevOps,Core Infrastructure
DOC-0541,user_007,Junior Developer,None,False,Engineering,Project Delta
DOC-0541,user_008,Engineering Manager,None,False,Engineering,All
DOC-0542,user_001,Engineer,Read,True,Engineering,Project Alpha
DOC-0542,user_002,Senior Engineer,Read,True,Platform,Project Beta
DOC-0542,user_003,Architect,Read,True,Architecture,All
DOC-0542,user_004,Security Engineer,Read,True,Security,All
DOC-0542,user_005,Principal Engineer,Read,True,Data Engineering,Project Gamma
DOC-0542,user_006,DevOps Engineer,Read,True,DevOps,Core Infrastructure
DOC-0542,user_007,Junior Developer,Read,True,Engineering,Project Delta
DOC-0542,user_008,Engineering Manager,Read,True,Engineering,All
DOC-0543,user_001,Engineer,Read,True,Engineering,Project Alpha
DOC-0543,user_002,Senior Engineer,Read,True,Platform,Project Beta
DOC-0543,user_003,Architect,Read,True,Architecture,All
DOC-0543,user_004,Security Engineer,Read,True,Security,All
DOC-0543,user_005,Principal Engineer,Read,True,Data Engineering,Project Gamma
DOC-0543,user_006,DevOps Engineer,Read,True,DevOps,Core Infrastructure
DOC-0543,user_007,Junior Developer,Read,True,Engineering,Project Delta
DOC-0543,user_008,Engineering Manager,Read,True,Engineering,All
DOC-0544,user_001,Engineer,Read,True,Engineering,Project Alpha
DOC-0544,user_002,Senior Engineer,Read,True,Platform,Project Beta
DOC-0544,user_003,Architect,Read,True,Architecture,All
DOC-0544,user_004,Security Engineer,Read,True,Security,All
DOC-0544,user_005,Principal Engineer,Read,True,Data Engineering,Project Gamma
DOC-0544,user_006,DevOps Engineer,Read,True,DevOps,Core Infrastructure
DOC-0544,user_007,Junior Developer,Read,True,Engineering,Project Delta
DOC-0544,user_008,Engineering Manager,Read,True,Engineering,All
DOC-0545,user_001,Engineer,Read,True,Engineering,Project Alpha
DOC-0545,user_002,Senior Engineer,Read,True,Platform,Project Beta
DOC-0545,user_003,Architect,Read,True,Architecture,All
DOC-0545,user_004,Security Engineer,Read,True,Security,All
DOC-0545,user_005,Principal Engineer,Read,True,Data Engineering,Project Gamma
DOC-0545,user_006,DevOps Engineer,Read,True,DevOps,Core Infrastructure
DOC-0545,user_007,Junior Developer,Read,True,Engineering,Project Delta
DOC-0545,user_008,Engineering Manager,Read,True,Engineering,All
DOC-0546,user_001,Engineer,None,False,Engineering,Project Alpha
DOC-0546,user_002,Senior Engineer,None,False,Platform,Project Beta
DOC-0546,user_003,Architect,Read,True,Architecture,All
DOC-0546,user_004,Security Engineer,Read,True,Security,All
DOC-0546,user_005,Principal Engineer,None,False,Data Engineering,Project Gamma
DOC-0546,user_006,DevOps Engineer,None,False,DevOps,Core Infrastructure
DOC-0546,user_007,Junior Developer,None,False,Engineering,Project Delta
DOC-0546,user_008,Engineering Manager,None,False,Engineering,All
DOC-0547,user_001,Engineer,Read,True,Engineering,Project Alpha
DOC-0547,user_002,Senior Engineer,Read,True,Platform,Project Beta
DOC-0547,user_003,Architect,Read,True,Architecture,All
DOC-0547,user_004,Security Engineer,Read,True,Security,All
DOC-0547,user_005,Principal Engineer,Read,True,Data Engineering,Project Gamma
DOC-0547,user_006,DevOps Engineer,Read,True,DevOps,Core Infrastructure
DOC-0547,user_007,Junior Developer,Read,True,Engineering,Project Delta
DOC-0547,user_008,Engineering Manager,Read,True,Engineering,All
DOC-0548,user_001,Engineer,None,False,Engineering,Project Alpha
DOC-0548,user_002,Senior Engineer,None,False,Platform,Project Beta
DOC-0548,user_003,Architect,Read,True,Architecture,All
DOC-0548,user_004,Security Engineer,Read,True,Security,All
DOC-0548,user_005,Principal Engineer,Read,True,Data Engineering,Project Gamma
DOC-0548,user_006,DevOps Engineer,None,False,DevOps,Core Infrastructure
DOC-0548,user_007,Junior Developer,None,False,Engineering,Project Delta
DOC-0548,user_008,Engineering Manager,None,False,Engineering,All
DOC-0549,user_001,Engineer,Read,True,Engineering,Project Alpha
DOC-0549,user_002,Senior Engineer,Read,True,Platform,Project Beta
DOC-0549,user_003,Architect,Read,True,Architecture,All
DOC-0549,user_004,Security Engineer,Read,True,Security,All
DOC-0549,user_005,Principal Engineer,Read,True,Data Engineering,Project Gamma
DOC-0549,user_006,DevOps Engineer,Read,True,DevOps,Core Infrastructure
DOC-0549,user_007,Junior Developer,Read,True,Engineering,Project Delta
DOC-0549,user_008,Engineering Manager,Read,True,Engineering,All
DOC-0550,user_001,Engineer,None,False,Engineering,Project Alpha
DOC-0550,user_002,Senior Engineer,None,False,Platform,Project Beta
DOC-0550,user_003,Architect,Read,True,Architecture,All
DOC-0550,user_004,Security Engineer,Read,True,Security,All
DOC-0550,user_005,Principal Engineer,None,False,Data Engineering,Project Gamma
DOC-0550,user_006,DevOps Engineer,None,False,DevOps,Core Infrastructure
DOC-0550,user_007,Junior Developer,Read,True,Engineering,Project Delta
DOC-0550,user_008,Engineering Manager,None,False,Engineering,All
DOC-0551,user_001,Engineer,Read,True,Engineering,Project Alpha
DOC-0551,user_002,Senior Engineer,Read,True,Platform,Project Beta
DOC-0551,user_003,Architect,Read,True,Architecture,All
DOC-0551,user_004,Security Engineer,Read,True,Security,All
DOC-0551,user_005,Principal Engineer,Read,True,Data Engineering,Project Gamma
DOC-0551,user_006,DevOps Engineer,Read,True,DevOps,Core Infrastructure
DOC-0551,user_007,Junior Developer,Read,True,Engineering,Project Delta
DOC-0551,user_008,Engineering Manager,Read,True,Engineering,All
DOC-0552,user_001,Engineer,Read,True,Engineering,Project Alpha
DOC-0552,user_002,Senior Engineer,Read,True,Platform,Project Beta
DOC-0552,user_003,Architect,Read,True,Architecture,All
DOC-0552,user_004,Security Engineer,Read,True,Security,All
DOC-0552,user_005,Principal Engineer,Read,True,Data Engineering,Project Gamma
DOC-0552,user_006,DevOps Engineer,Read,True,DevOps,Core Infrastructure
DOC-0552,user_007,Junior Developer,Read,True,Engineering,Project Delta
DOC-0552,user_008,Engineering Manager,Read,True,Engineering,All
DOC-0553,user_001,Engineer,Read,True,Engineering,Project Alpha
DOC-0553,user_002,Senior Engineer,None,False,Platform,Project Beta
DOC-0553,user_003,Architect,Read,True,Architecture,All
DOC-0553,user_004,Security Engineer,Read,True,Security,All
DOC-0553,user_005,Principal Engineer,None,False,Data Engineering,Project Gamma
DOC-0553,user_006,DevOps Engineer,None,False,DevOps,Core Infrastructure
DOC-0553,user_007,Junior Developer,None,False,Engineering,Project Delta
DOC-0553,user_008,Engineering Manager,None,False,Engineering,All
DOC-0554,user_001,Engineer,Read,True,Engineering,Project Alpha
DOC-0554,user_002,Senior Engineer,Read,True,Platform,Project Beta
DOC-0554,user_003,Architect,Read,True,Architecture,All
DOC-0554,user_004,Security Engineer,Read,True,Security,All
DOC-0554,user_005,Principal Engineer,Read,True,Data Engineering,Project Gamma
DOC-0554,user_006,DevOps Engineer,Read,True,DevOps,Core Infrastructure
DOC-0554,user_007,Junior Developer,Read,True,Engineering,Project Delta
DOC-0554,user_008,Engineering Manager,Read,True,Engineering,All
DOC-0555,user_001,Engineer,Read,True,Engineering,Project Alpha
DOC-0555,user_002,Senior Engineer,Read,True,Platform,Project Beta
DOC-0555,user_003,Architect,Read,True,Architecture,All
DOC-0555,user_004,Security Engineer,Read,True,Security,All
DOC-0555,user_005,Principal Engineer,Read,True,Data Engineering,Project Gamma
DOC-0555,user_006,DevOps Engineer,Read,True,DevOps,Core Infrastructure
DOC-0555,user_007,Junior Developer,Read,True,Engineering,Project Delta
DOC-0555,user_008,Engineering Manager,Read,True,Engineering,All
DOC-0556,user_001,Engineer,Read,True,Engineering,Project Alpha
DOC-0556,user_002,Senior Engineer,Read,True,Platform,Project Beta
DOC-0556,user_003,Architect,Read,True,Architecture,All
DOC-0556,user_004,Security Engineer,Read,True,Security,All
DOC-0556,user_005,Principal Engineer,Read,True,Data Engineering,Project Gamma
DOC-0556,user_006,DevOps Engineer,Read,True,DevOps,Core Infrastructure
DOC-0556,user_007,Junior Developer,Read,True,Engineering,Project Delta
DOC-0556,user_008,Engineering Manager,Read,True,Engineering,All
DOC-0557,user_001,Engineer,None,False,Engineering,Project Alpha
DOC-0557,user_002,Senior Engineer,None,False,Platform,Project Beta
DOC-0557,user_003,Architect,Read,True,Architecture,All
DOC-0557,user_004,Security Engineer,Read,True,Security,All
DOC-0557,user_005,Principal Engineer,None,False,Data Engineering,Project Gamma
DOC-0557,user_006,DevOps Engineer,Read,True,DevOps,Core Infrastructure
DOC-0557,user_007,Junior Developer,None,False,Engineering,Project Delta
DOC-0557,user_008,Engineering Manager,None,False,Engineering,All
DOC-0558,user_001,Engineer,Read,True,Engineering,Project Alpha
DOC-0558,user_002,Senior Engineer,Read,True,Platform,Project Beta
DOC-0558,user_003,Architect,Read,True,Architecture,All
DOC-0558,user_004,Security Engineer,Read,True,Security,All
DOC-0558,user_005,Principal Engineer,Read,True,Data Engineering,Project Gamma
DOC-0558,user_006,DevOps Engineer,Read,True,DevOps,Core Infrastructure
DOC-0558,user_007,Junior Developer,Read,True,Engineering,Project Delta
DOC-0558,user_008,Engineering Manager,Read,True,Engineering,All
DOC-0559,user_001,Engineer,Read,True,Engineering,Project Alpha
DOC-0559,user_002,Senior Engineer,None,False,Platform,Project Beta
DOC-0559,user_003,Architect,Read,True,Architecture,All
DOC-0559,user_004,Security Engineer,Read,True,Security,All
DOC-0559,user_005,Principal Engineer,None,False,Data Engineering,Project Gamma
DOC-0559,user_006,DevOps Engineer,None,False,DevOps,Core Infrastructure
DOC-0559,user_007,Junior Developer,None,False,Engineering,Project Delta
DOC-0559,user_008,Engineering Manager,None,False,Engineering,All
DOC-0560,user_001,Engineer,Read,True,Engineering,Project Alpha
DOC-0560,user_002,Senior Engineer,None,False,Platform,Project Beta
DOC-0560,user_003,Architect,Read,True,Architecture,All
DOC-0560,user_004,Security Engineer,Read,True,Security,All
DOC-0560,user_005,Principal Engineer,None,False,Data Engineering,Project Gamma
DOC-0560,user_006,DevOps Engineer,None,False,DevOps,Core Infrastructure
DOC-0560,user_007,Junior Developer,None,False,Engineering,Project Delta
DOC-0560,user_008,Engineering Manager,None,False,Engineering,All
DOC-0561,user_001,Engineer,Read,True,Engineering,Project Alpha
DOC-0561,user_002,Senior Engineer,Read,True,Platform,Project Beta
DOC-0561,user_003,Architect,Read,True,Architecture,All
DOC-0561,user_004,Security Engineer,Read,True,Security,All
DOC-0561,user_005,Principal Engineer,Read,True,Data Engineering,Project Gamma
DOC-0561,user_006,DevOps Engineer,Read,True,DevOps,Core Infrastructure
DOC-0561,user_007,Junior Developer,Read,True,Engineering,Project Delta
DOC-0561,user_008,Engineering Manager,Read,True,Engineering,All
DOC-0562,user_001,Engineer,Read,True,Engineering,Project Alpha
DOC-0562,user_002,Senior Engineer,Read,True,Platform,Project Beta
DOC-0562,user_003,Architect,Read,True,Architecture,All
DOC-0562,user_004,Security Engineer,Read,True,Security,All
DOC-0562,user_005,Principal Engineer,Read,True,Data Engineering,Project Gamma
DOC-0562,user_006,DevOps Engineer,Read,True,DevOps,Core Infrastructure
DOC-0562,user_007,Junior Developer,Read,True,Engineering,Project Delta
DOC-0562,user_008,Engineering Manager,Read,True,Engineering,All
DOC-0563,user_001,Engineer,Read,True,Engineering,Project Alpha
DOC-0563,user_002,Senior Engineer,Read,True,Platform,Project Beta
DOC-0563,user_003,Architect,Read,True,Architecture,All
DOC-0563,user_004,Security Engineer,Read,True,Security,All
DOC-0563,user_005,Principal Engineer,Read,True,Data Engineering,Project Gamma
DOC-0563,user_006,DevOps Engineer,Read,True,DevOps,Core Infrastructure
DOC-0563,user_007,Junior Developer,Read,True,Engineering,Project Delta
DOC-0563,user_008,Engineering Manager,Read,True,Engineering,All
DOC-0564,user_001,Engineer,Read,True,Engineering,Project Alpha
DOC-0564,user_002,Senior Engineer,Read,True,Platform,Project Beta
DOC-0564,user_003,Architect,Read,True,Architecture,All
DOC-0564,user_004,Security Engineer,Read,True,Security,All
DOC-0564,user_005,Principal Engineer,Read,True,Data Engineering,Project Gamma
DOC-0564,user_006,DevOps Engineer,Read,True,DevOps,Core Infrastructure
DOC-0564,user_007,Junior Developer,Read,True,Engineering,Project Delta
DOC-0564,user_008,Engineering Manager,Read,True,Engineering,All
DOC-0565,user_001,Engineer,None,False,Engineering,Project Alpha
DOC-0565,user_002,Senior Engineer,None,False,Platform,Project Beta
DOC-0565,user_003,Architect,Read,True,Architecture,All
DOC-0565,user_004,Security Engineer,Read,True,Security,All
DOC-0565,user_005,Principal Engineer,None,False,Data Engineering,Project Gamma
DOC-0565,user_006,DevOps Engineer,None,False,DevOps,Core Infrastructure
DOC-0565,user_007,Junior Developer,None,False,Engineering,Project Delta
DOC-0565,user_008,Engineering Manager,None,False,Engineering,All
DOC-0566,user_001,Engineer,None,False,Engineering,Project Alpha
DOC-0566,user_002,Senior Engineer,Read,True,Platform,Project Beta
DOC-0566,user_003,Architect,Read,True,Architecture,All
DOC-0566,user_004,Security Engineer,Read,True,Security,All
DOC-0566,user_005,Principal Engineer,None,False,Data Engineering,Project Gamma
DOC-0566,user_006,DevOps Engineer,None,False,DevOps,Core Infrastructure
DOC-0566,user_007,Junior Developer,None,False,Engineering,Project Delta
DOC-0566,user_008,Engineering Manager,None,False,Engineering,All
DOC-0567,user_001,Engineer,Read,True,Engineering,Project Alpha
DOC-0567,user_002,Senior Engineer,Read,True,Platform,Project Beta
DOC-0567,user_003,Architect,Read,True,Architecture,All
DOC-0567,user_004,Security Engineer,Read,True,Security,All
DOC-0567,user_005,Principal Engineer,Read,True,Data Engineering,Project Gamma
DOC-0567,user_006,DevOps Engineer,Read,True,DevOps,Core Infrastructure
DOC-0567,user_007,Junior Developer,Read,True,Engineering,Project Delta
DOC-0567,user_008,Engineering Manager,Read,True,Engineering,All
DOC-0568,user_001,Engineer,Read,True,Engineering,Project Alpha
DOC-0568,user_002,Senior Engineer,Read,True,Platform,Project Beta
DOC-0568,user_003,Architect,Read,True,Architecture,All
DOC-0568,user_004,Security Engineer,Read,True,Security,All
DOC-0568,user_005,Principal Engineer,Read,True,Data Engineering,Project Gamma
DOC-0568,user_006,DevOps Engineer,Read,True,DevOps,Core Infrastructure
DOC-0568,user_007,Junior Developer,Read,True,Engineering,Project Delta
DOC-0568,user_008,Engineering Manager,Read,True,Engineering,All
DOC-0569,user_001,Engineer,Read,True,Engineering,Project Alpha
DOC-0569,user_002,Senior Engineer,Read,True,Platform,Project Beta
DOC-0569,user_003,Architect,Read,True,Architecture,All
DOC-0569,user_004,Security Engineer,Read,True,Security,All
DOC-0569,user_005,Principal Engineer,Read,True,Data Engineering,Project Gamma
DOC-0569,user_006,DevOps Engineer,Read,True,DevOps,Core Infrastructure
DOC-0569,user_007,Junior Developer,Read,True,Engineering,Project Delta
DOC-0569,user_008,Engineering Manager,Read,True,Engineering,All
DOC-0570,user_001,Engineer,None,False,Engineering,Project Alpha
DOC-0570,user_002,Senior Engineer,None,False,Platform,Project Beta
DOC-0570,user_003,Architect,Read,True,Architecture,All
DOC-0570,user_004,Security Engineer,Read,True,Security,All
DOC-0570,user_005,Principal Engineer,None,False,Data Engineering,Project Gamma
DOC-0570,user_006,DevOps Engineer,None,False,DevOps,Core Infrastructure
DOC-0570,user_007,Junior Developer,None,False,Engineering,Project Delta
DOC-0570,user_008,Engineering Manager,None,False,Engineering,All
DOC-0571,user_001,Engineer,Read,True,Engineering,Project Alpha
DOC-0571,user_002,Senior Engineer,Read,True,Platform,Project Beta
DOC-0571,user_003,Architect,Read,True,Architecture,All
DOC-0571,user_004,Security Engineer,Read,True,Security,All
DOC-0571,user_005,Principal Engineer,Read,True,Data Engineering,Project Gamma
DOC-0571,user_006,DevOps Engineer,Read,True,DevOps,Core Infrastructure
DOC-0571,user_007,Junior Developer,Read,True,Engineering,Project Delta
DOC-0571,user_008,Engineering Manager,Read,True,Engineering,All
DOC-0572,user_001,Engineer,Read,True,Engineering,Project Alpha
DOC-0572,user_002,Senior Engineer,Read,True,Platform,Project Beta
DOC-0572,user_003,Architect,Read,True,Architecture,All
DOC-0572,user_004,Security Engineer,Read,True,Security,All
DOC-0572,user_005,Principal Engineer,Read,True,Data Engineering,Project Gamma
DOC-0572,user_006,DevOps Engineer,Read,True,DevOps,Core Infrastructure
DOC-0572,user_007,Junior Developer,Read,True,Engineering,Project Delta
DOC-0572,user_008,Engineering Manager,Read,True,Engineering,All
DOC-0573,user_001,Engineer,Read,True,Engineering,Project Alpha
DOC-0573,user_002,Senior Engineer,Read,True,Platform,Project Beta
DOC-0573,user_003,Architect,Read,True,Architecture,All
DOC-0573,user_004,Security Engineer,Read,True,Security,All
DOC-0573,user_005,Principal Engineer,Read,True,Data Engineering,Project Gamma
DOC-0573,user_006,DevOps Engineer,Read,True,DevOps,Core Infrastructure
DOC-0573,user_007,Junior Developer,Read,True,Engineering,Project Delta
DOC-0573,user_008,Engineering Manager,Read,True,Engineering,All
DOC-0574,user_001,Engineer,Read,True,Engineering,Project Alpha
DOC-0574,user_002,Senior Engineer,Read,True,Platform,Project Beta
DOC-0574,user_003,Architect,Read,True,Architecture,All
DOC-0574,user_004,Security Engineer,Read,True,Security,All
DOC-0574,user_005,Principal Engineer,Read,True,Data Engineering,Project Gamma
DOC-0574,user_006,DevOps Engineer,Read,True,DevOps,Core Infrastructure
DOC-0574,user_007,Junior Developer,Read,True,Engineering,Project Delta
DOC-0574,user_008,Engineering Manager,Read,True,Engineering,All
DOC-0575,user_001,Engineer,Read,True,Engineering,Project Alpha
DOC-0575,user_002,Senior Engineer,None,False,Platform,Project Beta
DOC-0575,user_003,Architect,Read,True,Architecture,All
DOC-0575,user_004,Security Engineer,Read,True,Security,All
DOC-0575,user_005,Principal Engineer,None,False,Data Engineering,Project Gamma
DOC-0575,user_006,DevOps Engineer,None,False,DevOps,Core Infrastructure
DOC-0575,user_007,Junior Developer,None,False,Engineering,Project Delta
DOC-0575,user_008,Engineering Manager,None,False,Engineering,All
DOC-0576,user_001,Engineer,Read,True,Engineering,Project Alpha
DOC-0576,user_002,Senior Engineer,Read,True,Platform,Project Beta
DOC-0576,user_003,Architect,Read,True,Architecture,All
DOC-0576,user_004,Security Engineer,Read,True,Security,All
DOC-0576,user_005,Principal Engineer,Read,True,Data Engineering,Project Gamma
DOC-0576,user_006,DevOps Engineer,Read,True,DevOps,Core Infrastructure
DOC-0576,user_007,Junior Developer,Read,True,Engineering,Project Delta
DOC-0576,user_008,Engineering Manager,Read,True,Engineering,All
DOC-0577,user_001,Engineer,None,False,Engineering,Project Alpha
DOC-0577,user_002,Senior Engineer,None,False,Platform,Project Beta
DOC-0577,user_003,Architect,Read,True,Architecture,All
DOC-0577,user_004,Security Engineer,Read,True,Security,All
DOC-0577,user_005,Principal Engineer,None,False,Data Engineering,Project Gamma
DOC-0577,user_006,DevOps Engineer,None,False,DevOps,Core Infrastructure
DOC-0577,user_007,Junior Developer,None,False,Engineering,Project Delta
DOC-0577,user_008,Engineering Manager,None,False,Engineering,All
DOC-0578,user_001,Engineer,None,False,Engineering,Project Alpha
DOC-0578,user_002,Senior Engineer,None,False,Platform,Project Beta
DOC-0578,user_003,Architect,Read,True,Architecture,All
DOC-0578,user_004,Security Engineer,Read,True,Security,All
DOC-0578,user_005,Principal Engineer,None,False,Data Engineering,Project Gamma
DOC-0578,user_006,DevOps Engineer,None,False,DevOps,Core Infrastructure
DOC-0578,user_007,Junior Developer,None,False,Engineering,Project Delta
DOC-0578,user_008,Engineering Manager,None,False,Engineering,All
DOC-0579,user_001,Engineer,None,False,Engineering,Project Alpha
DOC-0579,user_002,Senior Engineer,None,False,Platform,Project Beta
DOC-0579,user_003,Architect,Read,True,Architecture,All
DOC-0579,user_004,Security Engineer,Read,True,Security,All
DOC-0579,user_005,Principal Engineer,None,False,Data Engineering,Project Gamma
DOC-0579,user_006,DevOps Engineer,None,False,DevOps,Core Infrastructure
DOC-0579,user_007,Junior Developer,Read,True,Engineering,Project Delta
DOC-0579,user_008,Engineering Manager,None,False,Engineering,All
DOC-0580,user_001,Engineer,None,False,Engineering,Project Alpha
DOC-0580,user_002,Senior Engineer,None,False,Platform,Project Beta
DOC-0580,user_003,Architect,Read,True,Architecture,All
DOC-0580,user_004,Security Engineer,Read,True,Security,All
DOC-0580,user_005,Principal Engineer,None,False,Data Engineering,Project Gamma
DOC-0580,user_006,DevOps Engineer,Read,True,DevOps,Core Infrastructure
DOC-0580,user_007,Junior Developer,None,False,Engineering,Project Delta
DOC-0580,user_008,Engineering Manager,None,False,Engineering,All
DOC-0581,user_001,Engineer,Read,True,Engineering,Project Alpha
DOC-0581,user_002,Senior Engineer,Read,True,Platform,Project Beta
DOC-0581,user_003,Architect,Read,True,Architecture,All
DOC-0581,user_004,Security Engineer,Read,True,Security,All
DOC-0581,user_005,Principal Engineer,Read,True,Data Engineering,Project Gamma
DOC-0581,user_006,DevOps Engineer,Read,True,DevOps,Core Infrastructure
DOC-0581,user_007,Junior Developer,Read,True,Engineering,Project Delta
DOC-0581,user_008,Engineering Manager,Read,True,Engineering,All
DOC-0582,user_001,Engineer,Read,True,Engineering,Project Alpha
DOC-0582,user_002,Senior Engineer,Read,True,Platform,Project Beta
DOC-0582,user_003,Architect,Read,True,Architecture,All
DOC-0582,user_004,Security Engineer,Read,True,Security,All
DOC-0582,user_005,Principal Engineer,Read,True,Data Engineering,Project Gamma
DOC-0582,user_006,DevOps Engineer,Read,True,DevOps,Core Infrastructure
DOC-0582,user_007,Junior Developer,Read,True,Engineering,Project Delta
DOC-0582,user_008,Engineering Manager,Read,True,Engineering,All
DOC-0583,user_001,Engineer,Read,True,Engineering,Project Alpha
DOC-0583,user_002,Senior Engineer,Read,True,Platform,Project Beta
DOC-0583,user_003,Architect,Read,True,Architecture,All
DOC-0583,user_004,Security Engineer,Read,True,Security,All
DOC-0583,user_005,Principal Engineer,Read,True,Data Engineering,Project Gamma
DOC-0583,user_006,DevOps Engineer,Read,True,DevOps,Core Infrastructure
DOC-0583,user_007,Junior Developer,Read,True,Engineering,Project Delta
DOC-0583,user_008,Engineering Manager,Read,True,Engineering,All
DOC-0584,user_001,Engineer,Read,True,Engineering,Project Alpha
DOC-0584,user_002,Senior Engineer,Read,True,Platform,Project Beta
DOC-0584,user_003,Architect,Read,True,Architecture,All
DOC-0584,user_004,Security Engineer,Read,True,Security,All
DOC-0584,user_005,Principal Engineer,Read,True,Data Engineering,Project Gamma
DOC-0584,user_006,DevOps Engineer,Read,True,DevOps,Core Infrastructure
DOC-0584,user_007,Junior Developer,Read,True,Engineering,Project Delta
DOC-0584,user_008,Engineering Manager,Read,True,Engineering,All
DOC-0585,user_001,Engineer,Read,True,Engineering,Project Alpha
DOC-0585,user_002,Senior Engineer,Read,True,Platform,Project Beta
DOC-0585,user_003,Architect,Read,True,Architecture,All
DOC-0585,user_004,Security Engineer,Read,True,Security,All
DOC-0585,user_005,Principal Engineer,Read,True,Data Engineering,Project Gamma
DOC-0585,user_006,DevOps Engineer,Read,True,DevOps,Core Infrastructure
DOC-0585,user_007,Junior Developer,Read,True,Engineering,Project Delta
DOC-0585,user_008,Engineering Manager,Read,True,Engineering,All
DOC-0586,user_001,Engineer,Read,True,Engineering,Project Alpha
DOC-0586,user_002,Senior Engineer,Read,True,Platform,Project Beta
DOC-0586,user_003,Architect,Read,True,Architecture,All
DOC-0586,user_004,Security Engineer,Read,True,Security,All
DOC-0586,user_005,Principal Engineer,Read,True,Data Engineering,Project Gamma
DOC-0586,user_006,DevOps Engineer,Read,True,DevOps,Core Infrastructure
DOC-0586,user_007,Junior Developer,Read,True,Engineering,Project Delta
DOC-0586,user_008,Engineering Manager,Read,True,Engineering,All
DOC-0587,user_001,Engineer,Read,True,Engineering,Project Alpha
DOC-0587,user_002,Senior Engineer,None,False,Platform,Project Beta
DOC-0587,user_003,Architect,Read,True,Architecture,All
DOC-0587,user_004,Security Engineer,Read,True,Security,All
DOC-0587,user_005,Principal Engineer,None,False,Data Engineering,Project Gamma
DOC-0587,user_006,DevOps Engineer,None,False,DevOps,Core Infrastructure
DOC-0587,user_007,Junior Developer,None,False,Engineering,Project Delta
DOC-0587,user_008,Engineering Manager,None,False,Engineering,All
DOC-0588,user_001,Engineer,Read,True,Engineering,Project Alpha
DOC-0588,user_002,Senior Engineer,Read,True,Platform,Project Beta
DOC-0588,user_003,Architect,Read,True,Architecture,All
DOC-0588,user_004,Security Engineer,Read,True,Security,All
DOC-0588,user_005,Principal Engineer,Read,True,Data Engineering,Project Gamma
DOC-0588,user_006,DevOps Engineer,Read,True,DevOps,Core Infrastructure
DOC-0588,user_007,Junior Developer,Read,True,Engineering,Project Delta
DOC-0588,user_008,Engineering Manager,Read,True,Engineering,All
DOC-0589,user_001,Engineer,None,False,Engineering,Project Alpha
DOC-0589,user_002,Senior Engineer,None,False,Platform,Project Beta
DOC-0589,user_003,Architect,Read,True,Architecture,All
DOC-0589,user_004,Security Engineer,Read,True,Security,All
DOC-0589,user_005,Principal Engineer,None,False,Data Engineering,Project Gamma
DOC-0589,user_006,DevOps Engineer,None,False,DevOps,Core Infrastructure
DOC-0589,user_007,Junior Developer,Read,True,Engineering,Project Delta
DOC-0589,user_008,Engineering Manager,None,False,Engineering,All
DOC-0590,user_001,Engineer,Read,True,Engineering,Project Alpha
DOC-0590,user_002,Senior Engineer,None,False,Platform,Project Beta
DOC-0590,user_003,Architect,Read,True,Architecture,All
DOC-0590,user_004,Security Engineer,Read,True,Security,All
DOC-0590,user_005,Principal Engineer,None,False,Data Engineering,Project Gamma
DOC-0590,user_006,DevOps Engineer,None,False,DevOps,Core Infrastructure
DOC-0590,user_007,Junior Developer,None,False,Engineering,Project Delta
DOC-0590,user_008,Engineering Manager,None,False,Engineering,All
DOC-0591,user_001,Engineer,None,False,Engineering,Project Alpha
DOC-0591,user_002,Senior Engineer,None,False,Platform,Project Beta
DOC-0591,user_003,Architect,Read,True,Architecture,All
DOC-0591,user_004,Security Engineer,Read,True,Security,All
DOC-0591,user_005,Principal Engineer,Read,True,Data Engineering,Project Gamma
DOC-0591,user_006,DevOps Engineer,None,False,DevOps,Core Infrastructure
DOC-0591,user_007,Junior Developer,None,False,Engineering,Project Delta
DOC-0591,user_008,Engineering Manager,None,False,Engineering,All
DOC-0592,user_001,Engineer,Read,True,Engineering,Project Alpha
DOC-0592,user_002,Senior Engineer,Read,True,Platform,Project Beta
DOC-0592,user_003,Architect,Read,True,Architecture,All
DOC-0592,user_004,Security Engineer,Read,True,Security,All
DOC-0592,user_005,Principal Engineer,Read,True,Data Engineering,Project Gamma
DOC-0592,user_006,DevOps Engineer,Read,True,DevOps,Core Infrastructure
DOC-0592,user_007,Junior Developer,Read,True,Engineering,Project Delta
DOC-0592,user_008,Engineering Manager,Read,True,Engineering,All
DOC-0593,user_001,Engineer,None,False,Engineering,Project Alpha
DOC-0593,user_002,Senior Engineer,Read,True,Platform,Project Beta
DOC-0593,user_003,Architect,Read,True,Architecture,All
DOC-0593,user_004,Security Engineer,Read,True,Security,All
DOC-0593,user_005,Principal Engineer,None,False,Data Engineering,Project Gamma
DOC-0593,user_006,DevOps Engineer,None,False,DevOps,Core Infrastructure
DOC-0593,user_007,Junior Developer,None,False,Engineering,Project Delta
DOC-0593,user_008,Engineering Manager,None,False,Engineering,All
DOC-0594,user_001,Engineer,Read,True,Engineering,Project Alpha
DOC-0594,user_002,Senior Engineer,Read,True,Platform,Project Beta
DOC-0594,user_003,Architect,Read,True,Architecture,All
DOC-0594,user_004,Security Engineer,Read,True,Security,All
DOC-0594,user_005,Principal Engineer,Read,True,Data Engineering,Project Gamma
DOC-0594,user_006,DevOps Engineer,Read,True,DevOps,Core Infrastructure
DOC-0594,user_007,Junior Developer,Read,True,Engineering,Project Delta
DOC-0594,user_008,Engineering Manager,Read,True,Engineering,All
DOC-0595,user_001,Engineer,None,False,Engineering,Project Alpha
DOC-0595,user_002,Senior Engineer,None,False,Platform,Project Beta
DOC-0595,user_003,Architect,Read,True,Architecture,All
DOC-0595,user_004,Security Engineer,Read,True,Security,All
DOC-0595,user_005,Principal Engineer,None,False,Data Engineering,Project Gamma
DOC-0595,user_006,DevOps Engineer,None,False,DevOps,Core Infrastructure
DOC-0595,user_007,Junior Developer,None,False,Engineering,Project Delta
DOC-0595,user_008,Engineering Manager,None,False,Engineering,All
DOC-0596,user_001,Engineer,Read,True,Engineering,Project Alpha
DOC-0596,user_002,Senior Engineer,Read,True,Platform,Project Beta
DOC-0596,user_003,Architect,Read,True,Architecture,All
DOC-0596,user_004,Security Engineer,Read,True,Security,All
DOC-0596,user_005,Principal Engineer,Read,True,Data Engineering,Project Gamma
DOC-0596,user_006,DevOps Engineer,Read,True,DevOps,Core Infrastructure
DOC-0596,user_007,Junior Developer,Read,True,Engineering,Project Delta
DOC-0596,user_008,Engineering Manager,Read,True,Engineering,All
DOC-0597,user_001,Engineer,Read,True,Engineering,Project Alpha
DOC-0597,user_002,Senior Engineer,None,False,Platform,Project Beta
DOC-0597,user_003,Architect,Read,True,Architecture,All
DOC-0597,user_004,Security Engineer,Read,True,Security,All
DOC-0597,user_005,Principal Engineer,None,False,Data Engineering,Project Gamma
DOC-0597,user_006,DevOps Engineer,None,False,DevOps,Core Infrastructure
DOC-0597,user_007,Junior Developer,None,False,Engineering,Project Delta
DOC-0597,user_008,Engineering Manager,None,False,Engineering,All
DOC-0598,user_001,Engineer,Read,True,Engineering,Project Alpha
DOC-0598,user_002,Senior Engineer,Read,True,Platform,Project Beta
DOC-0598,user_003,Architect,Read,True,Architecture,All
DOC-0598,user_004,Security Engineer,Read,True,Security,All
DOC-0598,user_005,Principal Engineer,Read,True,Data Engineering,Project Gamma
DOC-0598,user_006,DevOps Engineer,Read,True,DevOps,Core Infrastructure
DOC-0598,user_007,Junior Developer,Read,True,Engineering,Project Delta
DOC-0598,user_008,Engineering Manager,Read,True,Engineering,All
DOC-0599,user_001,Engineer,None,False,Engineering,Project Alpha
DOC-0599,user_002,Senior Engineer,None,False,Platform,Project Beta
DOC-0599,user_003,Architect,Read,True,Architecture,All
DOC-0599,user_004,Security Engineer,Read,True,Security,All
DOC-0599,user_005,Principal Engineer,None,False,Data Engineering,Project Gamma
DOC-0599,user_006,DevOps Engineer,Read,True,DevOps,Core Infrastructure
DOC-0599,user_007,Junior Developer,None,False,Engineering,Project Delta
DOC-0599,user_008,Engineering Manager,None,False,Engineering,All
DOC-0600,user_001,Engineer,None,False,Engineering,Project Alpha
DOC-0600,user_002,Senior Engineer,None,False,Platform,Project Beta
DOC-0600,user_003,Architect,Read,True,Architecture,All
DOC-0600,user_004,Security Engineer,Read,True,Security,All
DOC-0600,user_005,Principal Engineer,None,False,Data Engineering,Project Gamma
DOC-0600,user_006,DevOps Engineer,None,False,DevOps,Core Infrastructure
DOC-0600,user_007,Junior Developer,None,False,Engineering,Project Delta
DOC-0600,user_008,Engineering Manager,None,False,Engineering,All
DOC-0601,user_001,Engineer,Read,True,Engineering,Project Alpha
DOC-0601,user_002,Senior Engineer,None,False,Platform,Project Beta
DOC-0601,user_003,Architect,Read,True,Architecture,All
DOC-0601,user_004,Security Engineer,Read,True,Security,All
DOC-0601,user_005,Principal Engineer,None,False,Data Engineering,Project Gamma
DOC-0601,user_006,DevOps Engineer,None,False,DevOps,Core Infrastructure
DOC-0601,user_007,Junior Developer,None,False,Engineering,Project Delta
DOC-0601,user_008,Engineering Manager,None,False,Engineering,All
DOC-0602,user_001,Engineer,None,False,Engineering,Project Alpha
DOC-0602,user_002,Senior Engineer,None,False,Platform,Project Beta
DOC-0602,user_003,Architect,Read,True,Architecture,All
DOC-0602,user_004,Security Engineer,Read,True,Security,All
DOC-0602,user_005,Principal Engineer,Read,True,Data Engineering,Project Gamma
DOC-0602,user_006,DevOps Engineer,None,False,DevOps,Core Infrastructure
DOC-0602,user_007,Junior Developer,None,False,Engineering,Project Delta
DOC-0602,user_008,Engineering Manager,None,False,Engineering,All
DOC-0603,user_001,Engineer,Read,True,Engineering,Project Alpha
DOC-0603,user_002,Senior Engineer,Read,True,Platform,Project Beta
DOC-0603,user_003,Architect,Read,True,Architecture,All
DOC-0603,user_004,Security Engineer,Read,True,Security,All
DOC-0603,user_005,Principal Engineer,Read,True,Data Engineering,Project Gamma
DOC-0603,user_006,DevOps Engineer,Read,True,DevOps,Core Infrastructure
DOC-0603,user_007,Junior Developer,Read,True,Engineering,Project Delta
DOC-0603,user_008,Engineering Manager,Read,True,Engineering,All
DOC-0604,user_001,Engineer,None,False,Engineering,Project Alpha
DOC-0604,user_002,Senior Engineer,None,False,Platform,Project Beta
DOC-0604,user_003,Architect,Read,True,Architecture,All
DOC-0604,user_004,Security Engineer,Read,True,Security,All
DOC-0604,user_005,Principal Engineer,None,False,Data Engineering,Project Gamma
DOC-0604,user_006,DevOps Engineer,None,False,DevOps,Core Infrastructure
DOC-0604,user_007,Junior Developer,None,False,Engineering,Project Delta
DOC-0604,user_008,Engineering Manager,None,False,Engineering,All
DOC-0605,user_001,Engineer,Read,True,Engineering,Project Alpha
DOC-0605,user_002,Senior Engineer,Read,True,Platform,Project Beta
DOC-0605,user_003,Architect,Read,True,Architecture,All
DOC-0605,user_004,Security Engineer,Read,True,Security,All
DOC-0605,user_005,Principal Engineer,Read,True,Data Engineering,Project Gamma
DOC-0605,user_006,DevOps Engineer,Read,True,DevOps,Core Infrastructure
DOC-0605,user_007,Junior Developer,Read,True,Engineering,Project Delta
DOC-0605,user_008,Engineering Manager,Read,True,Engineering,All
DOC-0606,user_001,Engineer,None,False,Engineering,Project Alpha
DOC-0606,user_002,Senior Engineer,None,False,Platform,Project Beta
DOC-0606,user_003,Architect,Read,True,Architecture,All
DOC-0606,user_004,Security Engineer,Read,True,Security,All
DOC-0606,user_005,Principal Engineer,None,False,Data Engineering,Project Gamma
DOC-0606,user_006,DevOps Engineer,None,False,DevOps,Core Infrastructure
DOC-0606,user_007,Junior Developer,Read,True,Engineering,Project Delta
DOC-0606,user_008,Engineering Manager,None,False,Engineering,All
DOC-0607,user_001,Engineer,None,False,Engineering,Project Alpha
DOC-0607,user_002,Senior Engineer,Read,True,Platform,Project Beta
DOC-0607,user_003,Architect,Read,True,Architecture,All
DOC-0607,user_004,Security Engineer,Read,True,Security,All
DOC-0607,user_005,Principal Engineer,None,False,Data Engineering,Project Gamma
DOC-0607,user_006,DevOps Engineer,None,False,DevOps,Core Infrastructure
DOC-0607,user_007,Junior Developer,None,False,Engineering,Project Delta
DOC-0607,user_008,Engineering Manager,None,False,Engineering,All
DOC-0608,user_001,Engineer,Read,True,Engineering,Project Alpha
DOC-0608,user_002,Senior Engineer,Read,True,Platform,Project Beta
DOC-0608,user_003,Architect,Read,True,Architecture,All
DOC-0608,user_004,Security Engineer,Read,True,Security,All
DOC-0608,user_005,Principal Engineer,Read,True,Data Engineering,Project Gamma
DOC-0608,user_006,DevOps Engineer,Read,True,DevOps,Core Infrastructure
DOC-0608,user_007,Junior Developer,Read,True,Engineering,Project Delta
DOC-0608,user_008,Engineering Manager,Read,True,Engineering,All
DOC-0609,user_001,Engineer,None,False,Engineering,Project Alpha
DOC-0609,user_002,Senior Engineer,None,False,Platform,Project Beta
DOC-0609,user_003,Architect,Read,True,Architecture,All
DOC-0609,user_004,Security Engineer,Read,True,Security,All
DOC-0609,user_005,Principal Engineer,Read,True,Data Engineering,Project Gamma
DOC-0609,user_006,DevOps Engineer,None,False,DevOps,Core Infrastructure
DOC-0609,user_007,Junior Developer,None,False,Engineering,Project Delta
DOC-0609,user_008,Engineering Manager,None,False,Engineering,All
DOC-0610,user_001,Engineer,Read,True,Engineering,Project Alpha
DOC-0610,user_002,Senior Engineer,Read,True,Platform,Project Beta
DOC-0610,user_003,Architect,Read,True,Architecture,All
DOC-0610,user_004,Security Engineer,Read,True,Security,All
DOC-0610,user_005,Principal Engineer,Read,True,Data Engineering,Project Gamma
DOC-0610,user_006,DevOps Engineer,Read,True,DevOps,Core Infrastructure
DOC-0610,user_007,Junior Developer,Read,True,Engineering,Project Delta
DOC-0610,user_008,Engineering Manager,Read,True,Engineering,All
DOC-0611,user_001,Engineer,Read,True,Engineering,Project Alpha
DOC-0611,user_002,Senior Engineer,None,False,Platform,Project Beta
DOC-0611,user_003,Architect,Read,True,Architecture,All
DOC-0611,user_004,Security Engineer,Read,True,Security,All
DOC-0611,user_005,Principal Engineer,None,False,Data Engineering,Project Gamma
DOC-0611,user_006,DevOps Engineer,None,False,DevOps,Core Infrastructure
DOC-0611,user_007,Junior Developer,None,False,Engineering,Project Delta
DOC-0611,user_008,Engineering Manager,None,False,Engineering,All
DOC-0612,user_001,Engineer,Read,True,Engineering,Project Alpha
DOC-0612,user_002,Senior Engineer,Read,True,Platform,Project Beta
DOC-0612,user_003,Architect,Read,True,Architecture,All
DOC-0612,user_004,Security Engineer,Read,True,Security,All
DOC-0612,user_005,Principal Engineer,Read,True,Data Engineering,Project Gamma
DOC-0612,user_006,DevOps Engineer,Read,True,DevOps,Core Infrastructure
DOC-0612,user_007,Junior Developer,Read,True,Engineering,Project Delta
DOC-0612,user_008,Engineering Manager,Read,True,Engineering,All
DOC-0613,user_001,Engineer,Read,True,Engineering,Project Alpha
DOC-0613,user_002,Senior Engineer,Read,True,Platform,Project Beta
DOC-0613,user_003,Architect,Read,True,Architecture,All
DOC-0613,user_004,Security Engineer,Read,True,Security,All
DOC-0613,user_005,Principal Engineer,Read,True,Data Engineering,Project Gamma
DOC-0613,user_006,DevOps Engineer,Read,True,DevOps,Core Infrastructure
DOC-0613,user_007,Junior Developer,Read,True,Engineering,Project Delta
DOC-0613,user_008,Engineering Manager,Read,True,Engineering,All
DOC-0614,user_001,Engineer,Read,True,Engineering,Project Alpha
DOC-0614,user_002,Senior Engineer,Read,True,Platform,Project Beta
DOC-0614,user_003,Architect,Read,True,Architecture,All
DOC-0614,user_004,Security Engineer,Read,True,Security,All
DOC-0614,user_005,Principal Engineer,Read,True,Data Engineering,Project Gamma
DOC-0614,user_006,DevOps Engineer,Read,True,DevOps,Core Infrastructure
DOC-0614,user_007,Junior Developer,Read,True,Engineering,Project Delta
DOC-0614,user_008,Engineering Manager,Read,True,Engineering,All
DOC-0615,user_001,Engineer,Read,True,Engineering,Project Alpha
DOC-0615,user_002,Senior Engineer,Read,True,Platform,Project Beta
DOC-0615,user_003,Architect,Read,True,Architecture,All
DOC-0615,user_004,Security Engineer,Read,True,Security,All
DOC-0615,user_005,Principal Engineer,Read,True,Data Engineering,Project Gamma
DOC-0615,user_006,DevOps Engineer,Read,True,DevOps,Core Infrastructure
DOC-0615,user_007,Junior Developer,Read,True,Engineering,Project Delta
DOC-0615,user_008,Engineering Manager,Read,True,Engineering,All
DOC-0616,user_001,Engineer,Read,True,Engineering,Project Alpha
DOC-0616,user_002,Senior Engineer,Read,True,Platform,Project Beta
DOC-0616,user_003,Architect,Read,True,Architecture,All
DOC-0616,user_004,Security Engineer,Read,True,Security,All
DOC-0616,user_005,Principal Engineer,Read,True,Data Engineering,Project Gamma
DOC-0616,user_006,DevOps Engineer,Read,True,DevOps,Core Infrastructure
DOC-0616,user_007,Junior Developer,Read,True,Engineering,Project Delta
DOC-0616,user_008,Engineering Manager,Read,True,Engineering,All
DOC-0617,user_001,Engineer,None,False,Engineering,Project Alpha
DOC-0617,user_002,Senior Engineer,None,False,Platform,Project Beta
DOC-0617,user_003,Architect,Read,True,Architecture,All
DOC-0617,user_004,Security Engineer,Read,True,Security,All
DOC-0617,user_005,Principal Engineer,Read,True,Data Engineering,Project Gamma
DOC-0617,user_006,DevOps Engineer,None,False,DevOps,Core Infrastructure
DOC-0617,user_007,Junior Developer,None,False,Engineering,Project Delta
DOC-0617,user_008,Engineering Manager,None,False,Engineering,All
DOC-0618,user_001,Engineer,Read,True,Engineering,Project Alpha
DOC-0618,user_002,Senior Engineer,None,False,Platform,Project Beta
DOC-0618,user_003,Architect,Read,True,Architecture,All
DOC-0618,user_004,Security Engineer,Read,True,Security,All
DOC-0618,user_005,Principal Engineer,None,False,Data Engineering,Project Gamma
DOC-0618,user_006,DevOps Engineer,None,False,DevOps,Core Infrastructure
DOC-0618,user_007,Junior Developer,None,False,Engineering,Project Delta
DOC-0618,user_008,Engineering Manager,None,False,Engineering,All
DOC-0619,user_001,Engineer,None,False,Engineering,Project Alpha
DOC-0619,user_002,Senior Engineer,None,False,Platform,Project Beta
DOC-0619,user_003,Architect,Read,True,Architecture,All
DOC-0619,user_004,Security Engineer,Read,True,Security,All
DOC-0619,user_005,Principal Engineer,None,False,Data Engineering,Project Gamma
DOC-0619,user_006,DevOps Engineer,Read,True,DevOps,Core Infrastructure
DOC-0619,user_007,Junior Developer,None,False,Engineering,Project Delta
DOC-0619,user_008,Engineering Manager,None,False,Engineering,All
DOC-0620,user_001,Engineer,Read,True,Engineering,Project Alpha
DOC-0620,user_002,Senior Engineer,Read,True,Platform,Project Beta
DOC-0620,user_003,Architect,Read,True,Architecture,All
DOC-0620,user_004,Security Engineer,Read,True,Security,All
DOC-0620,user_005,Principal Engineer,Read,True,Data Engineering,Project Gamma
DOC-0620,user_006,DevOps Engineer,Read,True,DevOps,Core Infrastructure
DOC-0620,user_007,Junior Developer,Read,True,Engineering,Project Delta
DOC-0620,user_008,Engineering Manager,Read,True,Engineering,All
DOC-0621,user_001,Engineer,None,False,Engineering,Project Alpha
DOC-0621,user_002,Senior Engineer,Read,True,Platform,Project Beta
DOC-0621,user_003,Architect,Read,True,Architecture,All
DOC-0621,user_004,Security Engineer,Read,True,Security,All
DOC-0621,user_005,Principal Engineer,None,False,Data Engineering,Project Gamma
DOC-0621,user_006,DevOps Engineer,None,False,DevOps,Core Infrastructure
DOC-0621,user_007,Junior Developer,None,False,Engineering,Project Delta
DOC-0621,user_008,Engineering Manager,None,False,Engineering,All
DOC-0622,user_001,Engineer,Read,True,Engineering,Project Alpha
DOC-0622,user_002,Senior Engineer,None,False,Platform,Project Beta
DOC-0622,user_003,Architect,Read,True,Architecture,All
DOC-0622,user_004,Security Engineer,Read,True,Security,All
DOC-0622,user_005,Principal Engineer,None,False,Data Engineering,Project Gamma
DOC-0622,user_006,DevOps Engineer,None,False,DevOps,Core Infrastructure
DOC-0622,user_007,Junior Developer,None,False,Engineering,Project Delta
DOC-0622,user_008,Engineering Manager,None,False,Engineering,All
DOC-0623,user_001,Engineer,None,False,Engineering,Project Alpha
DOC-0623,user_002,Senior Engineer,None,False,Platform,Project Beta
DOC-0623,user_003,Architect,Read,True,Architecture,All
DOC-0623,user_004,Security Engineer,Read,True,Security,All
DOC-0623,user_005,Principal Engineer,Read,True,Data Engineering,Project Gamma
DOC-0623,user_006,DevOps Engineer,None,False,DevOps,Core Infrastructure
DOC-0623,user_007,Junior Developer,None,False,Engineering,Project Delta
DOC-0623,user_008,Engineering Manager,None,False,Engineering,All
DOC-0624,user_001,Engineer,Read,True,Engineering,Project Alpha
DOC-0624,user_002,Senior Engineer,Read,True,Platform,Project Beta
DOC-0624,user_003,Architect,Read,True,Architecture,All
DOC-0624,user_004,Security Engineer,Read,True,Security,All
DOC-0624,user_005,Principal Engineer,Read,True,Data Engineering,Project Gamma
DOC-0624,user_006,DevOps Engineer,Read,True,DevOps,Core Infrastructure
DOC-0624,user_007,Junior Developer,Read,True,Engineering,Project Delta
DOC-0624,user_008,Engineering Manager,Read,True,Engineering,All
DOC-0625,user_001,Engineer,Read,True,Engineering,Project Alpha
DOC-0625,user_002,Senior Engineer,Read,True,Platform,Project Beta
DOC-0625,user_003,Architect,Read,True,Architecture,All
DOC-0625,user_004,Security Engineer,Read,True,Security,All
DOC-0625,user_005,Principal Engineer,Read,True,Data Engineering,Project Gamma
DOC-0625,user_006,DevOps Engineer,Read,True,DevOps,Core Infrastructure
DOC-0625,user_007,Junior Developer,Read,True,Engineering,Project Delta
DOC-0625,user_008,Engineering Manager,Read,True,Engineering,All
DOC-0626,user_001,Engineer,None,False,Engineering,Project Alpha
DOC-0626,user_002,Senior Engineer,None,False,Platform,Project Beta
DOC-0626,user_003,Architect,Read,True,Architecture,All
DOC-0626,user_004,Security Engineer,Read,True,Security,All
DOC-0626,user_005,Principal Engineer,Read,True,Data Engineering,Project Gamma
DOC-0626,user_006,DevOps Engineer,None,False,DevOps,Core Infrastructure
DOC-0626,user_007,Junior Developer,None,False,Engineering,Project Delta
DOC-0626,user_008,Engineering Manager,None,False,Engineering,All
DOC-0627,user_001,Engineer,None,False,Engineering,Project Alpha
DOC-0627,user_002,Senior Engineer,None,False,Platform,Project Beta
DOC-0627,user_003,Architect,Read,True,Architecture,All
DOC-0627,user_004,Security Engineer,Read,True,Security,All
DOC-0627,user_005,Principal Engineer,None,False,Data Engineering,Project Gamma
DOC-0627,user_006,DevOps Engineer,None,False,DevOps,Core Infrastructure
DOC-0627,user_007,Junior Developer,None,False,Engineering,Project Delta
DOC-0627,user_008,Engineering Manager,None,False,Engineering,All
DOC-0628,user_001,Engineer,None,False,Engineering,Project Alpha
DOC-0628,user_002,Senior Engineer,Read,True,Platform,Project Beta
DOC-0628,user_003,Architect,Read,True,Architecture,All
DOC-0628,user_004,Security Engineer,Read,True,Security,All
DOC-0628,user_005,Principal Engineer,None,False,Data Engineering,Project Gamma
DOC-0628,user_006,DevOps Engineer,None,False,DevOps,Core Infrastructure
DOC-0628,user_007,Junior Developer,None,False,Engineering,Project Delta
DOC-0628,user_008,Engineering Manager,None,False,Engineering,All
DOC-0629,user_001,Engineer,Read,True,Engineering,Project Alpha
DOC-0629,user_002,Senior Engineer,None,False,Platform,Project Beta
DOC-0629,user_003,Architect,Read,True,Architecture,All
DOC-0629,user_004,Security Engineer,Read,True,Security,All
DOC-0629,user_005,Principal Engineer,None,False,Data Engineering,Project Gamma
DOC-0629,user_006,DevOps Engineer,None,False,DevOps,Core Infrastructure
DOC-0629,user_007,Junior Developer,None,False,Engineering,Project Delta
DOC-0629,user_008,Engineering Manager,None,False,Engineering,All
DOC-0630,user_001,Engineer,Read,True,Engineering,Project Alpha
DOC-0630,user_002,Senior Engineer,Read,True,Platform,Project Beta
DOC-0630,user_003,Architect,Read,True,Architecture,All
DOC-0630,user_004,Security Engineer,Read,True,Security,All
DOC-0630,user_005,Principal Engineer,Read,True,Data Engineering,Project Gamma
DOC-0630,user_006,DevOps Engineer,Read,True,DevOps,Core Infrastructure
DOC-0630,user_007,Junior Developer,Read,True,Engineering,Project Delta
DOC-0630,user_008,Engineering Manager,Read,True,Engineering,All
DOC-0631,user_001,Engineer,Read,True,Engineering,Project Alpha
DOC-0631,user_002,Senior Engineer,Read,True,Platform,Project Beta
DOC-0631,user_003,Architect,Read,True,Architecture,All
DOC-0631,user_004,Security Engineer,Read,True,Security,All
DOC-0631,user_005,Principal Engineer,Read,True,Data Engineering,Project Gamma
DOC-0631,user_006,DevOps Engineer,Read,True,DevOps,Core Infrastructure
DOC-0631,user_007,Junior Developer,Read,True,Engineering,Project Delta
DOC-0631,user_008,Engineering Manager,Read,True,Engineering,All
DOC-0632,user_001,Engineer,Read,True,Engineering,Project Alpha
DOC-0632,user_002,Senior Engineer,Read,True,Platform,Project Beta
DOC-0632,user_003,Architect,Read,True,Architecture,All
DOC-0632,user_004,Security Engineer,Read,True,Security,All
DOC-0632,user_005,Principal Engineer,Read,True,Data Engineering,Project Gamma
DOC-0632,user_006,DevOps Engineer,Read,True,DevOps,Core Infrastructure
DOC-0632,user_007,Junior Developer,Read,True,Engineering,Project Delta
DOC-0632,user_008,Engineering Manager,Read,True,Engineering,All
DOC-0633,user_001,Engineer,Read,True,Engineering,Project Alpha
DOC-0633,user_002,Senior Engineer,Read,True,Platform,Project Beta
DOC-0633,user_003,Architect,Read,True,Architecture,All
DOC-0633,user_004,Security Engineer,Read,True,Security,All
DOC-0633,user_005,Principal Engineer,Read,True,Data Engineering,Project Gamma
DOC-0633,user_006,DevOps Engineer,Read,True,DevOps,Core Infrastructure
DOC-0633,user_007,Junior Developer,Read,True,Engineering,Project Delta
DOC-0633,user_008,Engineering Manager,Read,True,Engineering,All
DOC-0634,user_001,Engineer,Read,True,Engineering,Project Alpha
DOC-0634,user_002,Senior Engineer,Read,True,Platform,Project Beta
DOC-0634,user_003,Architect,Read,True,Architecture,All
DOC-0634,user_004,Security Engineer,Read,True,Security,All
DOC-0634,user_005,Principal Engineer,Read,True,Data Engineering,Project Gamma
DOC-0634,user_006,DevOps Engineer,Read,True,DevOps,Core Infrastructure
DOC-0634,user_007,Junior Developer,Read,True,Engineering,Project Delta
DOC-0634,user_008,Engineering Manager,Read,True,Engineering,All
DOC-0635,user_001,Engineer,Read,True,Engineering,Project Alpha
DOC-0635,user_002,Senior Engineer,Read,True,Platform,Project Beta
DOC-0635,user_003,Architect,Read,True,Architecture,All
DOC-0635,user_004,Security Engineer,Read,True,Security,All
DOC-0635,user_005,Principal Engineer,Read,True,Data Engineering,Project Gamma
DOC-0635,user_006,DevOps Engineer,Read,True,DevOps,Core Infrastructure
DOC-0635,user_007,Junior Developer,Read,True,Engineering,Project Delta
DOC-0635,user_008,Engineering Manager,Read,True,Engineering,All
DOC-0636,user_001,Engineer,None,False,Engineering,Project Alpha
DOC-0636,user_002,Senior Engineer,Read,True,Platform,Project Beta
DOC-0636,user_003,Architect,Read,True,Architecture,All
DOC-0636,user_004,Security Engineer,Read,True,Security,All
DOC-0636,user_005,Principal Engineer,None,False,Data Engineering,Project Gamma
DOC-0636,user_006,DevOps Engineer,None,False,DevOps,Core Infrastructure
DOC-0636,user_007,Junior Developer,None,False,Engineering,Project Delta
DOC-0636,user_008,Engineering Manager,None,False,Engineering,All
DOC-0637,user_001,Engineer,None,False,Engineering,Project Alpha
DOC-0637,user_002,Senior Engineer,None,False,Platform,Project Beta
DOC-0637,user_003,Architect,Read,True,Architecture,All
DOC-0637,user_004,Security Engineer,Read,True,Security,All
DOC-0637,user_005,Principal Engineer,None,False,Data Engineering,Project Gamma
DOC-0637,user_006,DevOps Engineer,None,False,DevOps,Core Infrastructure
DOC-0637,user_007,Junior Developer,Read,True,Engineering,Project Delta
DOC-0637,user_008,Engineering Manager,None,False,Engineering,All
DOC-0638,user_001,Engineer,Read,True,Engineering,Project Alpha
DOC-0638,user_002,Senior Engineer,Read,True,Platform,Project Beta
DOC-0638,user_003,Architect,Read,True,Architecture,All
DOC-0638,user_004,Security Engineer,Read,True,Security,All
DOC-0638,user_005,Principal Engineer,Read,True,Data Engineering,Project Gamma
DOC-0638,user_006,DevOps Engineer,Read,True,DevOps,Core Infrastructure
DOC-0638,user_007,Junior Developer,Read,True,Engineering,Project Delta
DOC-0638,user_008,Engineering Manager,Read,True,Engineering,All
DOC-0639,user_001,Engineer,None,False,Engineering,Project Alpha
DOC-0639,user_002,Senior Engineer,None,False,Platform,Project Beta
DOC-0639,user_003,Architect,Read,True,Architecture,All
DOC-0639,user_004,Security Engineer,Read,True,Security,All
DOC-0639,user_005,Principal Engineer,None,False,Data Engineering,Project Gamma
DOC-0639,user_006,DevOps Engineer,None,False,DevOps,Core Infrastructure
DOC-0639,user_007,Junior Developer,None,False,Engineering,Project Delta
DOC-0639,user_008,Engineering Manager,None,False,Engineering,All
DOC-0640,user_001,Engineer,Read,True,Engineering,Project Alpha
DOC-0640,user_002,Senior Engineer,Read,True,Platform,Project Beta
DOC-0640,user_003,Architect,Read,True,Architecture,All
DOC-0640,user_004,Security Engineer,Read,True,Security,All
DOC-0640,user_005,Principal Engineer,Read,True,Data Engineering,Project Gamma
DOC-0640,user_006,DevOps Engineer,Read,True,DevOps,Core Infrastructure
DOC-0640,user_007,Junior Developer,Read,True,Engineering,Project Delta
DOC-0640,user_008,Engineering Manager,Read,True,Engineering,All
DOC-0641,user_001,Engineer,Read,True,Engineering,Project Alpha
DOC-0641,user_002,Senior Engineer,Read,True,Platform,Project Beta
DOC-0641,user_003,Architect,Read,True,Architecture,All
DOC-0641,user_004,Security Engineer,Read,True,Security,All
DOC-0641,user_005,Principal Engineer,Read,True,Data Engineering,Project Gamma
DOC-0641,user_006,DevOps Engineer,Read,True,DevOps,Core Infrastructure
DOC-0641,user_007,Junior Developer,Read,True,Engineering,Project Delta
DOC-0641,user_008,Engineering Manager,Read,True,Engineering,All
DOC-0642,user_001,Engineer,None,False,Engineering,Project Alpha
DOC-0642,user_002,Senior Engineer,Read,True,Platform,Project Beta
DOC-0642,user_003,Architect,Read,True,Architecture,All
DOC-0642,user_004,Security Engineer,Read,True,Security,All
DOC-0642,user_005,Principal Engineer,None,False,Data Engineering,Project Gamma
DOC-0642,user_006,DevOps Engineer,None,False,DevOps,Core Infrastructure
DOC-0642,user_007,Junior Developer,None,False,Engineering,Project Delta
DOC-0642,user_008,Engineering Manager,None,False,Engineering,All
DOC-0643,user_001,Engineer,Read,True,Engineering,Project Alpha
DOC-0643,user_002,Senior Engineer,Read,True,Platform,Project Beta
DOC-0643,user_003,Architect,Read,True,Architecture,All
DOC-0643,user_004,Security Engineer,Read,True,Security,All
DOC-0643,user_005,Principal Engineer,Read,True,Data Engineering,Project Gamma
DOC-0643,user_006,DevOps Engineer,Read,True,DevOps,Core Infrastructure
DOC-0643,user_007,Junior Developer,Read,True,Engineering,Project Delta
DOC-0643,user_008,Engineering Manager,Read,True,Engineering,All
DOC-0644,user_001,Engineer,Read,True,Engineering,Project Alpha
DOC-0644,user_002,Senior Engineer,Read,True,Platform,Project Beta
DOC-0644,user_003,Architect,Read,True,Architecture,All
DOC-0644,user_004,Security Engineer,Read,True,Security,All
DOC-0644,user_005,Principal Engineer,Read,True,Data Engineering,Project Gamma
DOC-0644,user_006,DevOps Engineer,Read,True,DevOps,Core Infrastructure
DOC-0644,user_007,Junior Developer,Read,True,Engineering,Project Delta
DOC-0644,user_008,Engineering Manager,Read,True,Engineering,All
DOC-0645,user_001,Engineer,Read,True,Engineering,Project Alpha
DOC-0645,user_002,Senior Engineer,Read,True,Platform,Project Beta
DOC-0645,user_003,Architect,Read,True,Architecture,All
DOC-0645,user_004,Security Engineer,Read,True,Security,All
DOC-0645,user_005,Principal Engineer,Read,True,Data Engineering,Project Gamma
DOC-0645,user_006,DevOps Engineer,Read,True,DevOps,Core Infrastructure
DOC-0645,user_007,Junior Developer,Read,True,Engineering,Project Delta
DOC-0645,user_008,Engineering Manager,Read,True,Engineering,All
DOC-0646,user_001,Engineer,Read,True,Engineering,Project Alpha
DOC-0646,user_002,Senior Engineer,Read,True,Platform,Project Beta
DOC-0646,user_003,Architect,Read,True,Architecture,All
DOC-0646,user_004,Security Engineer,Read,True,Security,All
DOC-0646,user_005,Principal Engineer,Read,True,Data Engineering,Project Gamma
DOC-0646,user_006,DevOps Engineer,Read,True,DevOps,Core Infrastructure
DOC-0646,user_007,Junior Developer,Read,True,Engineering,Project Delta
DOC-0646,user_008,Engineering Manager,Read,True,Engineering,All
DOC-0647,user_001,Engineer,Read,True,Engineering,Project Alpha
DOC-0647,user_002,Senior Engineer,Read,True,Platform,Project Beta
DOC-0647,user_003,Architect,Read,True,Architecture,All
DOC-0647,user_004,Security Engineer,Read,True,Security,All
DOC-0647,user_005,Principal Engineer,Read,True,Data Engineering,Project Gamma
DOC-0647,user_006,DevOps Engineer,Read,True,DevOps,Core Infrastructure
DOC-0647,user_007,Junior Developer,Read,True,Engineering,Project Delta
DOC-0647,user_008,Engineering Manager,Read,True,Engineering,All
DOC-0648,user_001,Engineer,Read,True,Engineering,Project Alpha
DOC-0648,user_002,Senior Engineer,Read,True,Platform,Project Beta
DOC-0648,user_003,Architect,Read,True,Architecture,All
DOC-0648,user_004,Security Engineer,Read,True,Security,All
DOC-0648,user_005,Principal Engineer,Read,True,Data Engineering,Project Gamma
DOC-0648,user_006,DevOps Engineer,Read,True,DevOps,Core Infrastructure
DOC-0648,user_007,Junior Developer,Read,True,Engineering,Project Delta
DOC-0648,user_008,Engineering Manager,Read,True,Engineering,All
DOC-0649,user_001,Engineer,None,False,Engineering,Project Alpha
DOC-0649,user_002,Senior Engineer,None,False,Platform,Project Beta
DOC-0649,user_003,Architect,Read,True,Architecture,All
DOC-0649,user_004,Security Engineer,Read,True,Security,All
DOC-0649,user_005,Principal Engineer,None,False,Data Engineering,Project Gamma
DOC-0649,user_006,DevOps Engineer,None,False,DevOps,Core Infrastructure
DOC-0649,user_007,Junior Developer,Read,True,Engineering,Project Delta
DOC-0649,user_008,Engineering Manager,None,False,Engineering,All
DOC-0650,user_001,Engineer,Read,True,Engineering,Project Alpha
DOC-0650,user_002,Senior Engineer,Read,True,Platform,Project Beta
DOC-0650,user_003,Architect,Read,True,Architecture,All
DOC-0650,user_004,Security Engineer,Read,True,Security,All
DOC-0650,user_005,Principal Engineer,Read,True,Data Engineering,Project Gamma
DOC-0650,user_006,DevOps Engineer,Read,True,DevOps,Core Infrastructure
DOC-0650,user_007,Junior Developer,Read,True,Engineering,Project Delta
DOC-0650,user_008,Engineering Manager,Read,True,Engineering,All
DOC-0651,user_001,Engineer,Read,True,Engineering,Project Alpha
DOC-0651,user_002,Senior Engineer,Read,True,Platform,Project Beta
DOC-0651,user_003,Architect,Read,True,Architecture,All
DOC-0651,user_004,Security Engineer,Read,True,Security,All
DOC-0651,user_005,Principal Engineer,Read,True,Data Engineering,Project Gamma
DOC-0651,user_006,DevOps Engineer,Read,True,DevOps,Core Infrastructure
DOC-0651,user_007,Junior Developer,Read,True,Engineering,Project Delta
DOC-0651,user_008,Engineering Manager,Read,True,Engineering,All
DOC-0652,user_001,Engineer,Read,True,Engineering,Project Alpha
DOC-0652,user_002,Senior Engineer,Read,True,Platform,Project Beta
DOC-0652,user_003,Architect,Read,True,Architecture,All
DOC-0652,user_004,Security Engineer,Read,True,Security,All
DOC-0652,user_005,Principal Engineer,Read,True,Data Engineering,Project Gamma
DOC-0652,user_006,DevOps Engineer,Read,True,DevOps,Core Infrastructure
DOC-0652,user_007,Junior Developer,Read,True,Engineering,Project Delta
DOC-0652,user_008,Engineering Manager,Read,True,Engineering,All
DOC-0653,user_001,Engineer,Read,True,Engineering,Project Alpha
DOC-0653,user_002,Senior Engineer,Read,True,Platform,Project Beta
DOC-0653,user_003,Architect,Read,True,Architecture,All
DOC-0653,user_004,Security Engineer,Read,True,Security,All
DOC-0653,user_005,Principal Engineer,Read,True,Data Engineering,Project Gamma
DOC-0653,user_006,DevOps Engineer,Read,True,DevOps,Core Infrastructure
DOC-0653,user_007,Junior Developer,Read,True,Engineering,Project Delta
DOC-0653,user_008,Engineering Manager,Read,True,Engineering,All
DOC-0654,user_001,Engineer,Read,True,Engineering,Project Alpha
DOC-0654,user_002,Senior Engineer,Read,True,Platform,Project Beta
DOC-0654,user_003,Architect,Read,True,Architecture,All
DOC-0654,user_004,Security Engineer,Read,True,Security,All
DOC-0654,user_005,Principal Engineer,Read,True,Data Engineering,Project Gamma
DOC-0654,user_006,DevOps Engineer,Read,True,DevOps,Core Infrastructure
DOC-0654,user_007,Junior Developer,Read,True,Engineering,Project Delta
DOC-0654,user_008,Engineering Manager,Read,True,Engineering,All
DOC-0655,user_001,Engineer,Read,True,Engineering,Project Alpha
DOC-0655,user_002,Senior Engineer,Read,True,Platform,Project Beta
DOC-0655,user_003,Architect,Read,True,Architecture,All
DOC-0655,user_004,Security Engineer,Read,True,Security,All
DOC-0655,user_005,Principal Engineer,Read,True,Data Engineering,Project Gamma
DOC-0655,user_006,DevOps Engineer,Read,True,DevOps,Core Infrastructure
DOC-0655,user_007,Junior Developer,Read,True,Engineering,Project Delta
DOC-0655,user_008,Engineering Manager,Read,True,Engineering,All
DOC-0656,user_001,Engineer,Read,True,Engineering,Project Alpha
DOC-0656,user_002,Senior Engineer,Read,True,Platform,Project Beta
DOC-0656,user_003,Architect,Read,True,Architecture,All
DOC-0656,user_004,Security Engineer,Read,True,Security,All
DOC-0656,user_005,Principal Engineer,Read,True,Data Engineering,Project Gamma
DOC-0656,user_006,DevOps Engineer,Read,True,DevOps,Core Infrastructure
DOC-0656,user_007,Junior Developer,Read,True,Engineering,Project Delta
DOC-0656,user_008,Engineering Manager,Read,True,Engineering,All
DOC-0657,user_001,Engineer,Read,True,Engineering,Project Alpha
DOC-0657,user_002,Senior Engineer,None,False,Platform,Project Beta
DOC-0657,user_003,Architect,Read,True,Architecture,All
DOC-0657,user_004,Security Engineer,Read,True,Security,All
DOC-0657,user_005,Principal Engineer,None,False,Data Engineering,Project Gamma
DOC-0657,user_006,DevOps Engineer,None,False,DevOps,Core Infrastructure
DOC-0657,user_007,Junior Developer,None,False,Engineering,Project Delta
DOC-0657,user_008,Engineering Manager,None,False,Engineering,All
DOC-0658,user_001,Engineer,Read,True,Engineering,Project Alpha
DOC-0658,user_002,Senior Engineer,Read,True,Platform,Project Beta
DOC-0658,user_003,Architect,Read,True,Architecture,All
DOC-0658,user_004,Security Engineer,Read,True,Security,All
DOC-0658,user_005,Principal Engineer,Read,True,Data Engineering,Project Gamma
DOC-0658,user_006,DevOps Engineer,Read,True,DevOps,Core Infrastructure
DOC-0658,user_007,Junior Developer,Read,True,Engineering,Project Delta
DOC-0658,user_008,Engineering Manager,Read,True,Engineering,All
DOC-0659,user_001,Engineer,Read,True,Engineering,Project Alpha
DOC-0659,user_002,Senior Engineer,Read,True,Platform,Project Beta
DOC-0659,user_003,Architect,Read,True,Architecture,All
DOC-0659,user_004,Security Engineer,Read,True,Security,All
DOC-0659,user_005,Principal Engineer,Read,True,Data Engineering,Project Gamma
DOC-0659,user_006,DevOps Engineer,Read,True,DevOps,Core Infrastructure
DOC-0659,user_007,Junior Developer,Read,True,Engineering,Project Delta
DOC-0659,user_008,Engineering Manager,Read,True,Engineering,All
DOC-0660,user_001,Engineer,None,False,Engineering,Project Alpha
DOC-0660,user_002,Senior Engineer,None,False,Platform,Project Beta
DOC-0660,user_003,Architect,Read,True,Architecture,All
DOC-0660,user_004,Security Engineer,Read,True,Security,All
DOC-0660,user_005,Principal Engineer,None,False,Data Engineering,Project Gamma
DOC-0660,user_006,DevOps Engineer,Read,True,DevOps,Core Infrastructure
DOC-0660,user_007,Junior Developer,None,False,Engineering,Project Delta
DOC-0660,user_008,Engineering Manager,None,False,Engineering,All
DOC-0661,user_001,Engineer,Read,True,Engineering,Project Alpha
DOC-0661,user_002,Senior Engineer,Read,True,Platform,Project Beta
DOC-0661,user_003,Architect,Read,True,Architecture,All
DOC-0661,user_004,Security Engineer,Read,True,Security,All
DOC-0661,user_005,Principal Engineer,Read,True,Data Engineering,Project Gamma
DOC-0661,user_006,DevOps Engineer,Read,True,DevOps,Core Infrastructure
DOC-0661,user_007,Junior Developer,Read,True,Engineering,Project Delta
DOC-0661,user_008,Engineering Manager,Read,True,Engineering,All
DOC-0662,user_001,Engineer,None,False,Engineering,Project Alpha
DOC-0662,user_002,Senior Engineer,None,False,Platform,Project Beta
DOC-0662,user_003,Architect,Read,True,Architecture,All
DOC-0662,user_004,Security Engineer,Read,True,Security,All
DOC-0662,user_005,Principal Engineer,None,False,Data Engineering,Project Gamma
DOC-0662,user_006,DevOps Engineer,None,False,DevOps,Core Infrastructure
DOC-0662,user_007,Junior Developer,Read,True,Engineering,Project Delta
DOC-0662,user_008,Engineering Manager,None,False,Engineering,All
DOC-0663,user_001,Engineer,Read,True,Engineering,Project Alpha
DOC-0663,user_002,Senior Engineer,Read,True,Platform,Project Beta
DOC-0663,user_003,Architect,Read,True,Architecture,All
DOC-0663,user_004,Security Engineer,Read,True,Security,All
DOC-0663,user_005,Principal Engineer,Read,True,Data Engineering,Project Gamma
DOC-0663,user_006,DevOps Engineer,Read,True,DevOps,Core Infrastructure
DOC-0663,user_007,Junior Developer,Read,True,Engineering,Project Delta
DOC-0663,user_008,Engineering Manager,Read,True,Engineering,All
DOC-0664,user_001,Engineer,None,False,Engineering,Project Alpha
DOC-0664,user_002,Senior Engineer,Read,True,Platform,Project Beta
DOC-0664,user_003,Architect,Read,True,Architecture,All
DOC-0664,user_004,Security Engineer,Read,True,Security,All
DOC-0664,user_005,Principal Engineer,None,False,Data Engineering,Project Gamma
DOC-0664,user_006,DevOps Engineer,None,False,DevOps,Core Infrastructure
DOC-0664,user_007,Junior Developer,None,False,Engineering,Project Delta
DOC-0664,user_008,Engineering Manager,None,False,Engineering,All
DOC-0665,user_001,Engineer,Read,True,Engineering,Project Alpha
DOC-0665,user_002,Senior Engineer,Read,True,Platform,Project Beta
DOC-0665,user_003,Architect,Read,True,Architecture,All
DOC-0665,user_004,Security Engineer,Read,True,Security,All
DOC-0665,user_005,Principal Engineer,Read,True,Data Engineering,Project Gamma
DOC-0665,user_006,DevOps Engineer,Read,True,DevOps,Core Infrastructure
DOC-0665,user_007,Junior Developer,Read,True,Engineering,Project Delta
DOC-0665,user_008,Engineering Manager,Read,True,Engineering,All
DOC-0666,user_001,Engineer,None,False,Engineering,Project Alpha
DOC-0666,user_002,Senior Engineer,Read,True,Platform,Project Beta
DOC-0666,user_003,Architect,Read,True,Architecture,All
DOC-0666,user_004,Security Engineer,Read,True,Security,All
DOC-0666,user_005,Principal Engineer,None,False,Data Engineering,Project Gamma
DOC-0666,user_006,DevOps Engineer,None,False,DevOps,Core Infrastructure
DOC-0666,user_007,Junior Developer,None,False,Engineering,Project Delta
DOC-0666,user_008,Engineering Manager,None,False,Engineering,All
DOC-0667,user_001,Engineer,None,False,Engineering,Project Alpha
DOC-0667,user_002,Senior Engineer,None,False,Platform,Project Beta
DOC-0667,user_003,Architect,Read,True,Architecture,All
DOC-0667,user_004,Security Engineer,Read,True,Security,All
DOC-0667,user_005,Principal Engineer,None,False,Data Engineering,Project Gamma
DOC-0667,user_006,DevOps Engineer,None,False,DevOps,Core Infrastructure
DOC-0667,user_007,Junior Developer,None,False,Engineering,Project Delta
DOC-0667,user_008,Engineering Manager,None,False,Engineering,All
DOC-0668,user_001,Engineer,None,False,Engineering,Project Alpha
DOC-0668,user_002,Senior Engineer,None,False,Platform,Project Beta
DOC-0668,user_003,Architect,Read,True,Architecture,All
DOC-0668,user_004,Security Engineer,Read,True,Security,All
DOC-0668,user_005,Principal Engineer,None,False,Data Engineering,Project Gamma
DOC-0668,user_006,DevOps Engineer,Read,True,DevOps,Core Infrastructure
DOC-0668,user_007,Junior Developer,None,False,Engineering,Project Delta
DOC-0668,user_008,Engineering Manager,None,False,Engineering,All
DOC-0669,user_001,Engineer,None,False,Engineering,Project Alpha
DOC-0669,user_002,Senior Engineer,Read,True,Platform,Project Beta
DOC-0669,user_003,Architect,Read,True,Architecture,All
DOC-0669,user_004,Security Engineer,Read,True,Security,All
DOC-0669,user_005,Principal Engineer,None,False,Data Engineering,Project Gamma
DOC-0669,user_006,DevOps Engineer,None,False,DevOps,Core Infrastructure
DOC-0669,user_007,Junior Developer,None,False,Engineering,Project Delta
DOC-0669,user_008,Engineering Manager,None,False,Engineering,All
DOC-0670,user_001,Engineer,None,False,Engineering,Project Alpha
DOC-0670,user_002,Senior Engineer,None,False,Platform,Project Beta
DOC-0670,user_003,Architect,Read,True,Architecture,All
DOC-0670,user_004,Security Engineer,Read,True,Security,All
DOC-0670,user_005,Principal Engineer,None,False,Data Engineering,Project Gamma
DOC-0670,user_006,DevOps Engineer,None,False,DevOps,Core Infrastructure
DOC-0670,user_007,Junior Developer,Read,True,Engineering,Project Delta
DOC-0670,user_008,Engineering Manager,None,False,Engineering,All
DOC-0671,user_001,Engineer,None,False,Engineering,Project Alpha
DOC-0671,user_002,Senior Engineer,None,False,Platform,Project Beta
DOC-0671,user_003,Architect,Read,True,Architecture,All
DOC-0671,user_004,Security Engineer,Read,True,Security,All
DOC-0671,user_005,Principal Engineer,Read,True,Data Engineering,Project Gamma
DOC-0671,user_006,DevOps Engineer,None,False,DevOps,Core Infrastructure
DOC-0671,user_007,Junior Developer,None,False,Engineering,Project Delta
DOC-0671,user_008,Engineering Manager,None,False,Engineering,All
DOC-0672,user_001,Engineer,None,False,Engineering,Project Alpha
DOC-0672,user_002,Senior Engineer,None,False,Platform,Project Beta
DOC-0672,user_003,Architect,Read,True,Architecture,All
DOC-0672,user_004,Security Engineer,Read,True,Security,All
DOC-0672,user_005,Principal Engineer,None,False,Data Engineering,Project Gamma
DOC-0672,user_006,DevOps Engineer,None,False,DevOps,Core Infrastructure
DOC-0672,user_007,Junior Developer,None,False,Engineering,Project Delta
DOC-0672,user_008,Engineering Manager,None,False,Engineering,All
DOC-0673,user_001,Engineer,Read,True,Engineering,Project Alpha
DOC-0673,user_002,Senior Engineer,Read,True,Platform,Project Beta
DOC-0673,user_003,Architect,Read,True,Architecture,All
DOC-0673,user_004,Security Engineer,Read,True,Security,All
DOC-0673,user_005,Principal Engineer,Read,True,Data Engineering,Project Gamma
DOC-0673,user_006,DevOps Engineer,Read,True,DevOps,Core Infrastructure
DOC-0673,user_007,Junior Developer,Read,True,Engineering,Project Delta
DOC-0673,user_008,Engineering Manager,Read,True,Engineering,All
DOC-0674,user_001,Engineer,Read,True,Engineering,Project Alpha
DOC-0674,user_002,Senior Engineer,Read,True,Platform,Project Beta
DOC-0674,user_003,Architect,Read,True,Architecture,All
DOC-0674,user_004,Security Engineer,Read,True,Security,All
DOC-0674,user_005,Principal Engineer,Read,True,Data Engineering,Project Gamma
DOC-0674,user_006,DevOps Engineer,Read,True,DevOps,Core Infrastructure
DOC-0674,user_007,Junior Developer,Read,True,Engineering,Project Delta
DOC-0674,user_008,Engineering Manager,Read,True,Engineering,All
DOC-0675,user_001,Engineer,Read,True,Engineering,Project Alpha
DOC-0675,user_002,Senior Engineer,Read,True,Platform,Project Beta
DOC-0675,user_003,Architect,Read,True,Architecture,All
DOC-0675,user_004,Security Engineer,Read,True,Security,All
DOC-0675,user_005,Principal Engineer,Read,True,Data Engineering,Project Gamma
DOC-0675,user_006,DevOps Engineer,Read,True,DevOps,Core Infrastructure
DOC-0675,user_007,Junior Developer,Read,True,Engineering,Project Delta
DOC-0675,user_008,Engineering Manager,Read,True,Engineering,All
DOC-0676,user_001,Engineer,Read,True,Engineering,Project Alpha
DOC-0676,user_002,Senior Engineer,Read,True,Platform,Project Beta
DOC-0676,user_003,Architect,Read,True,Architecture,All
DOC-0676,user_004,Security Engineer,Read,True,Security,All
DOC-0676,user_005,Principal Engineer,Read,True,Data Engineering,Project Gamma
DOC-0676,user_006,DevOps Engineer,Read,True,DevOps,Core Infrastructure
DOC-0676,user_007,Junior Developer,Read,True,Engineering,Project Delta
DOC-0676,user_008,Engineering Manager,Read,True,Engineering,All
DOC-0677,user_001,Engineer,Read,True,Engineering,Project Alpha
DOC-0677,user_002,Senior Engineer,Read,True,Platform,Project Beta
DOC-0677,user_003,Architect,Read,True,Architecture,All
DOC-0677,user_004,Security Engineer,Read,True,Security,All
DOC-0677,user_005,Principal Engineer,Read,True,Data Engineering,Project Gamma
DOC-0677,user_006,DevOps Engineer,Read,True,DevOps,Core Infrastructure
DOC-0677,user_007,Junior Developer,Read,True,Engineering,Project Delta
DOC-0677,user_008,Engineering Manager,Read,True,Engineering,All
DOC-0678,user_001,Engineer,Read,True,Engineering,Project Alpha
DOC-0678,user_002,Senior Engineer,Read,True,Platform,Project Beta
DOC-0678,user_003,Architect,Read,True,Architecture,All
DOC-0678,user_004,Security Engineer,Read,True,Security,All
DOC-0678,user_005,Principal Engineer,Read,True,Data Engineering,Project Gamma
DOC-0678,user_006,DevOps Engineer,Read,True,DevOps,Core Infrastructure
DOC-0678,user_007,Junior Developer,Read,True,Engineering,Project Delta
DOC-0678,user_008,Engineering Manager,Read,True,Engineering,All
DOC-0679,user_001,Engineer,None,False,Engineering,Project Alpha
DOC-0679,user_002,Senior Engineer,None,False,Platform,Project Beta
DOC-0679,user_003,Architect,Read,True,Architecture,All
DOC-0679,user_004,Security Engineer,Read,True,Security,All
DOC-0679,user_005,Principal Engineer,None,False,Data Engineering,Project Gamma
DOC-0679,user_006,DevOps Engineer,None,False,DevOps,Core Infrastructure
DOC-0679,user_007,Junior Developer,None,False,Engineering,Project Delta
DOC-0679,user_008,Engineering Manager,None,False,Engineering,All
DOC-0680,user_001,Engineer,Read,True,Engineering,Project Alpha
DOC-0680,user_002,Senior Engineer,Read,True,Platform,Project Beta
DOC-0680,user_003,Architect,Read,True,Architecture,All
DOC-0680,user_004,Security Engineer,Read,True,Security,All
DOC-0680,user_005,Principal Engineer,Read,True,Data Engineering,Project Gamma
DOC-0680,user_006,DevOps Engineer,Read,True,DevOps,Core Infrastructure
DOC-0680,user_007,Junior Developer,Read,True,Engineering,Project Delta
DOC-0680,user_008,Engineering Manager,Read,True,Engineering,All
DOC-0681,user_001,Engineer,None,False,Engineering,Project Alpha
DOC-0681,user_002,Senior Engineer,None,False,Platform,Project Beta
DOC-0681,user_003,Architect,Read,True,Architecture,All
DOC-0681,user_004,Security Engineer,Read,True,Security,All
DOC-0681,user_005,Principal Engineer,Read,True,Data Engineering,Project Gamma
DOC-0681,user_006,DevOps Engineer,None,False,DevOps,Core Infrastructure
DOC-0681,user_007,Junior Developer,None,False,Engineering,Project Delta
DOC-0681,user_008,Engineering Manager,None,False,Engineering,All
DOC-0682,user_001,Engineer,Read,True,Engineering,Project Alpha
DOC-0682,user_002,Senior Engineer,Read,True,Platform,Project Beta
DOC-0682,user_003,Architect,Read,True,Architecture,All
DOC-0682,user_004,Security Engineer,Read,True,Security,All
DOC-0682,user_005,Principal Engineer,Read,True,Data Engineering,Project Gamma
DOC-0682,user_006,DevOps Engineer,Read,True,DevOps,Core Infrastructure
DOC-0682,user_007,Junior Developer,Read,True,Engineering,Project Delta
DOC-0682,user_008,Engineering Manager,Read,True,Engineering,All
DOC-0683,user_001,Engineer,None,False,Engineering,Project Alpha
DOC-0683,user_002,Senior Engineer,None,False,Platform,Project Beta
DOC-0683,user_003,Architect,Read,True,Architecture,All
DOC-0683,user_004,Security Engineer,Read,True,Security,All
DOC-0683,user_005,Principal Engineer,None,False,Data Engineering,Project Gamma
DOC-0683,user_006,DevOps Engineer,Read,True,DevOps,Core Infrastructure
DOC-0683,user_007,Junior Developer,None,False,Engineering,Project Delta
DOC-0683,user_008,Engineering Manager,None,False,Engineering,All
DOC-0684,user_001,Engineer,None,False,Engineering,Project Alpha
DOC-0684,user_002,Senior Engineer,None,False,Platform,Project Beta
DOC-0684,user_003,Architect,Read,True,Architecture,All
DOC-0684,user_004,Security Engineer,Read,True,Security,All
DOC-0684,user_005,Principal Engineer,None,False,Data Engineering,Project Gamma
DOC-0684,user_006,DevOps Engineer,None,False,DevOps,Core Infrastructure
DOC-0684,user_007,Junior Developer,Read,True,Engineering,Project Delta
DOC-0684,user_008,Engineering Manager,None,False,Engineering,All
DOC-0685,user_001,Engineer,None,False,Engineering,Project Alpha
DOC-0685,user_002,Senior Engineer,None,False,Platform,Project Beta
DOC-0685,user_003,Architect,Read,True,Architecture,All
DOC-0685,user_004,Security Engineer,Read,True,Security,All
DOC-0685,user_005,Principal Engineer,None,False,Data Engineering,Project Gamma
DOC-0685,user_006,DevOps Engineer,Read,True,DevOps,Core Infrastructure
DOC-0685,user_007,Junior Developer,None,False,Engineering,Project Delta
DOC-0685,user_008,Engineering Manager,None,False,Engineering,All
DOC-0686,user_001,Engineer,Read,True,Engineering,Project Alpha
DOC-0686,user_002,Senior Engineer,None,False,Platform,Project Beta
DOC-0686,user_003,Architect,Read,True,Architecture,All
DOC-0686,user_004,Security Engineer,Read,True,Security,All
DOC-0686,user_005,Principal Engineer,None,False,Data Engineering,Project Gamma
DOC-0686,user_006,DevOps Engineer,None,False,DevOps,Core Infrastructure
DOC-0686,user_007,Junior Developer,None,False,Engineering,Project Delta
DOC-0686,user_008,Engineering Manager,None,False,Engineering,All
DOC-0687,user_001,Engineer,Read,True,Engineering,Project Alpha
DOC-0687,user_002,Senior Engineer,Read,True,Platform,Project Beta
DOC-0687,user_003,Architect,Read,True,Architecture,All
DOC-0687,user_004,Security Engineer,Read,True,Security,All
DOC-0687,user_005,Principal Engineer,Read,True,Data Engineering,Project Gamma
DOC-0687,user_006,DevOps Engineer,Read,True,DevOps,Core Infrastructure
DOC-0687,user_007,Junior Developer,Read,True,Engineering,Project Delta
DOC-0687,user_008,Engineering Manager,Read,True,Engineering,All
DOC-0688,user_001,Engineer,Read,True,Engineering,Project Alpha
DOC-0688,user_002,Senior Engineer,None,False,Platform,Project Beta
DOC-0688,user_003,Architect,Read,True,Architecture,All
DOC-0688,user_004,Security Engineer,Read,True,Security,All
DOC-0688,user_005,Principal Engineer,None,False,Data Engineering,Project Gamma
DOC-0688,user_006,DevOps Engineer,None,False,DevOps,Core Infrastructure
DOC-0688,user_007,Junior Developer,None,False,Engineering,Project Delta
DOC-0688,user_008,Engineering Manager,None,False,Engineering,All
DOC-0689,user_001,Engineer,None,False,Engineering,Project Alpha
DOC-0689,user_002,Senior Engineer,None,False,Platform,Project Beta
DOC-0689,user_003,Architect,Read,True,Architecture,All
DOC-0689,user_004,Security Engineer,Read,True,Security,All
DOC-0689,user_005,Principal Engineer,None,False,Data Engineering,Project Gamma
DOC-0689,user_006,DevOps Engineer,None,False,DevOps,Core Infrastructure
DOC-0689,user_007,Junior Developer,None,False,Engineering,Project Delta
DOC-0689,user_008,Engineering Manager,None,False,Engineering,All
DOC-0690,user_001,Engineer,None,False,Engineering,Project Alpha
DOC-0690,user_002,Senior Engineer,Read,True,Platform,Project Beta
DOC-0690,user_003,Architect,Read,True,Architecture,All
DOC-0690,user_004,Security Engineer,Read,True,Security,All
DOC-0690,user_005,Principal Engineer,None,False,Data Engineering,Project Gamma
DOC-0690,user_006,DevOps Engineer,None,False,DevOps,Core Infrastructure
DOC-0690,user_007,Junior Developer,None,False,Engineering,Project Delta
DOC-0690,user_008,Engineering Manager,None,False,Engineering,All
DOC-0691,user_001,Engineer,Read,True,Engineering,Project Alpha
DOC-0691,user_002,Senior Engineer,Read,True,Platform,Project Beta
DOC-0691,user_003,Architect,Read,True,Architecture,All
DOC-0691,user_004,Security Engineer,Read,True,Security,All
DOC-0691,user_005,Principal Engineer,Read,True,Data Engineering,Project Gamma
DOC-0691,user_006,DevOps Engineer,Read,True,DevOps,Core Infrastructure
DOC-0691,user_007,Junior Developer,Read,True,Engineering,Project Delta
DOC-0691,user_008,Engineering Manager,Read,True,Engineering,All
DOC-0692,user_001,Engineer,Read,True,Engineering,Project Alpha
DOC-0692,user_002,Senior Engineer,Read,True,Platform,Project Beta
DOC-0692,user_003,Architect,Read,True,Architecture,All
DOC-0692,user_004,Security Engineer,Read,True,Security,All
DOC-0692,user_005,Principal Engineer,Read,True,Data Engineering,Project Gamma
DOC-0692,user_006,DevOps Engineer,Read,True,DevOps,Core Infrastructure
DOC-0692,user_007,Junior Developer,Read,True,Engineering,Project Delta
DOC-0692,user_008,Engineering Manager,Read,True,Engineering,All
DOC-0693,user_001,Engineer,Read,True,Engineering,Project Alpha
DOC-0693,user_002,Senior Engineer,Read,True,Platform,Project Beta
DOC-0693,user_003,Architect,Read,True,Architecture,All
DOC-0693,user_004,Security Engineer,Read,True,Security,All
DOC-0693,user_005,Principal Engineer,Read,True,Data Engineering,Project Gamma
DOC-0693,user_006,DevOps Engineer,Read,True,DevOps,Core Infrastructure
DOC-0693,user_007,Junior Developer,Read,True,Engineering,Project Delta
DOC-0693,user_008,Engineering Manager,Read,True,Engineering,All
DOC-0694,user_001,Engineer,None,False,Engineering,Project Alpha
DOC-0694,user_002,Senior Engineer,None,False,Platform,Project Beta
DOC-0694,user_003,Architect,Read,True,Architecture,All
DOC-0694,user_004,Security Engineer,Read,True,Security,All
DOC-0694,user_005,Principal Engineer,None,False,Data Engineering,Project Gamma
DOC-0694,user_006,DevOps Engineer,None,False,DevOps,Core Infrastructure
DOC-0694,user_007,Junior Developer,None,False,Engineering,Project Delta
DOC-0694,user_008,Engineering Manager,None,False,Engineering,All
DOC-0695,user_001,Engineer,Read,True,Engineering,Project Alpha
DOC-0695,user_002,Senior Engineer,Read,True,Platform,Project Beta
DOC-0695,user_003,Architect,Read,True,Architecture,All
DOC-0695,user_004,Security Engineer,Read,True,Security,All
DOC-0695,user_005,Principal Engineer,Read,True,Data Engineering,Project Gamma
DOC-0695,user_006,DevOps Engineer,Read,True,DevOps,Core Infrastructure
DOC-0695,user_007,Junior Developer,Read,True,Engineering,Project Delta
DOC-0695,user_008,Engineering Manager,Read,True,Engineering,All
DOC-0696,user_001,Engineer,Read,True,Engineering,Project Alpha
DOC-0696,user_002,Senior Engineer,Read,True,Platform,Project Beta
DOC-0696,user_003,Architect,Read,True,Architecture,All
DOC-0696,user_004,Security Engineer,Read,True,Security,All
DOC-0696,user_005,Principal Engineer,Read,True,Data Engineering,Project Gamma
DOC-0696,user_006,DevOps Engineer,Read,True,DevOps,Core Infrastructure
DOC-0696,user_007,Junior Developer,Read,True,Engineering,Project Delta
DOC-0696,user_008,Engineering Manager,Read,True,Engineering,All
DOC-0697,user_001,Engineer,None,False,Engineering,Project Alpha
DOC-0697,user_002,Senior Engineer,None,False,Platform,Project Beta
DOC-0697,user_003,Architect,Read,True,Architecture,All
DOC-0697,user_004,Security Engineer,Read,True,Security,All
DOC-0697,user_005,Principal Engineer,None,False,Data Engineering,Project Gamma
DOC-0697,user_006,DevOps Engineer,None,False,DevOps,Core Infrastructure
DOC-0697,user_007,Junior Developer,None,False,Engineering,Project Delta
DOC-0697,user_008,Engineering Manager,None,False,Engineering,All
DOC-0698,user_001,Engineer,Read,True,Engineering,Project Alpha
DOC-0698,user_002,Senior Engineer,Read,True,Platform,Project Beta
DOC-0698,user_003,Architect,Read,True,Architecture,All
DOC-0698,user_004,Security Engineer,Read,True,Security,All
DOC-0698,user_005,Principal Engineer,Read,True,Data Engineering,Project Gamma
DOC-0698,user_006,DevOps Engineer,Read,True,DevOps,Core Infrastructure
DOC-0698,user_007,Junior Developer,Read,True,Engineering,Project Delta
DOC-0698,user_008,Engineering Manager,Read,True,Engineering,All
DOC-0699,user_001,Engineer,Read,True,Engineering,Project Alpha
DOC-0699,user_002,Senior Engineer,Read,True,Platform,Project Beta
DOC-0699,user_003,Architect,Read,True,Architecture,All
DOC-0699,user_004,Security Engineer,Read,True,Security,All
DOC-0699,user_005,Principal Engineer,Read,True,Data Engineering,Project Gamma
DOC-0699,user_006,DevOps Engineer,Read,True,DevOps,Core Infrastructure
DOC-0699,user_007,Junior Developer,Read,True,Engineering,Project Delta
DOC-0699,user_008,Engineering Manager,Read,True,Engineering,All
DOC-0700,user_001,Engineer,None,False,Engineering,Project Alpha
DOC-0700,user_002,Senior Engineer,None,False,Platform,Project Beta
DOC-0700,user_003,Architect,Read,True,Architecture,All
DOC-0700,user_004,Security Engineer,Read,True,Security,All
DOC-0700,user_005,Principal Engineer,None,False,Data Engineering,Project Gamma
DOC-0700,user_006,DevOps Engineer,None,False,DevOps,Core Infrastructure
DOC-0700,user_007,Junior Developer,None,False,Engineering,Project Delta
DOC-0700,user_008,Engineering Manager,None,False,Engineering,All
DOC-0701,user_001,Engineer,Read,True,Engineering,Project Alpha
DOC-0701,user_002,Senior Engineer,Read,True,Platform,Project Beta
DOC-0701,user_003,Architect,Read,True,Architecture,All
DOC-0701,user_004,Security Engineer,Read,True,Security,All
DOC-0701,user_005,Principal Engineer,Read,True,Data Engineering,Project Gamma
DOC-0701,user_006,DevOps Engineer,Read,True,DevOps,Core Infrastructure
DOC-0701,user_007,Junior Developer,Read,True,Engineering,Project Delta
DOC-0701,user_008,Engineering Manager,Read,True,Engineering,All
DOC-0702,user_001,Engineer,Read,True,Engineering,Project Alpha
DOC-0702,user_002,Senior Engineer,Read,True,Platform,Project Beta
DOC-0702,user_003,Architect,Read,True,Architecture,All
DOC-0702,user_004,Security Engineer,Read,True,Security,All
DOC-0702,user_005,Principal Engineer,Read,True,Data Engineering,Project Gamma
DOC-0702,user_006,DevOps Engineer,Read,True,DevOps,Core Infrastructure
DOC-0702,user_007,Junior Developer,Read,True,Engineering,Project Delta
DOC-0702,user_008,Engineering Manager,Read,True,Engineering,All
DOC-0703,user_001,Engineer,Read,True,Engineering,Project Alpha
DOC-0703,user_002,Senior Engineer,Read,True,Platform,Project Beta
DOC-0703,user_003,Architect,Read,True,Architecture,All
DOC-0703,user_004,Security Engineer,Read,True,Security,All
DOC-0703,user_005,Principal Engineer,Read,True,Data Engineering,Project Gamma
DOC-0703,user_006,DevOps Engineer,Read,True,DevOps,Core Infrastructure
DOC-0703,user_007,Junior Developer,Read,True,Engineering,Project Delta
DOC-0703,user_008,Engineering Manager,Read,True,Engineering,All
DOC-0704,user_001,Engineer,Read,True,Engineering,Project Alpha
DOC-0704,user_002,Senior Engineer,Read,True,Platform,Project Beta
DOC-0704,user_003,Architect,Read,True,Architecture,All
DOC-0704,user_004,Security Engineer,Read,True,Security,All
DOC-0704,user_005,Principal Engineer,Read,True,Data Engineering,Project Gamma
DOC-0704,user_006,DevOps Engineer,Read,True,DevOps,Core Infrastructure
DOC-0704,user_007,Junior Developer,Read,True,Engineering,Project Delta
DOC-0704,user_008,Engineering Manager,Read,True,Engineering,All
DOC-0705,user_001,Engineer,Read,True,Engineering,Project Alpha
DOC-0705,user_002,Senior Engineer,Read,True,Platform,Project Beta
DOC-0705,user_003,Architect,Read,True,Architecture,All
DOC-0705,user_004,Security Engineer,Read,True,Security,All
DOC-0705,user_005,Principal Engineer,Read,True,Data Engineering,Project Gamma
DOC-0705,user_006,DevOps Engineer,Read,True,DevOps,Core Infrastructure
DOC-0705,user_007,Junior Developer,Read,True,Engineering,Project Delta
DOC-0705,user_008,Engineering Manager,Read,True,Engineering,All
DOC-0706,user_001,Engineer,Read,True,Engineering,Project Alpha
DOC-0706,user_002,Senior Engineer,Read,True,Platform,Project Beta
DOC-0706,user_003,Architect,Read,True,Architecture,All
DOC-0706,user_004,Security Engineer,Read,True,Security,All
DOC-0706,user_005,Principal Engineer,Read,True,Data Engineering,Project Gamma
DOC-0706,user_006,DevOps Engineer,Read,True,DevOps,Core Infrastructure
DOC-0706,user_007,Junior Developer,Read,True,Engineering,Project Delta
DOC-0706,user_008,Engineering Manager,Read,True,Engineering,All
DOC-0707,user_001,Engineer,None,False,Engineering,Project Alpha
DOC-0707,user_002,Senior Engineer,Read,True,Platform,Project Beta
DOC-0707,user_003,Architect,Read,True,Architecture,All
DOC-0707,user_004,Security Engineer,Read,True,Security,All
DOC-0707,user_005,Principal Engineer,None,False,Data Engineering,Project Gamma
DOC-0707,user_006,DevOps Engineer,None,False,DevOps,Core Infrastructure
DOC-0707,user_007,Junior Developer,None,False,Engineering,Project Delta
DOC-0707,user_008,Engineering Manager,None,False,Engineering,All
DOC-0708,user_001,Engineer,Read,True,Engineering,Project Alpha
DOC-0708,user_002,Senior Engineer,Read,True,Platform,Project Beta
DOC-0708,user_003,Architect,Read,True,Architecture,All
DOC-0708,user_004,Security Engineer,Read,True,Security,All
DOC-0708,user_005,Principal Engineer,Read,True,Data Engineering,Project Gamma
DOC-0708,user_006,DevOps Engineer,Read,True,DevOps,Core Infrastructure
DOC-0708,user_007,Junior Developer,Read,True,Engineering,Project Delta
DOC-0708,user_008,Engineering Manager,Read,True,Engineering,All
DOC-0709,user_001,Engineer,Read,True,Engineering,Project Alpha
DOC-0709,user_002,Senior Engineer,Read,True,Platform,Project Beta
DOC-0709,user_003,Architect,Read,True,Architecture,All
DOC-0709,user_004,Security Engineer,Read,True,Security,All
DOC-0709,user_005,Principal Engineer,Read,True,Data Engineering,Project Gamma
DOC-0709,user_006,DevOps Engineer,Read,True,DevOps,Core Infrastructure
DOC-0709,user_007,Junior Developer,Read,True,Engineering,Project Delta
DOC-0709,user_008,Engineering Manager,Read,True,Engineering,All
DOC-0710,user_001,Engineer,None,False,Engineering,Project Alpha
DOC-0710,user_002,Senior Engineer,None,False,Platform,Project Beta
DOC-0710,user_003,Architect,Read,True,Architecture,All
DOC-0710,user_004,Security Engineer,Read,True,Security,All
DOC-0710,user_005,Principal Engineer,Read,True,Data Engineering,Project Gamma
DOC-0710,user_006,DevOps Engineer,None,False,DevOps,Core Infrastructure
DOC-0710,user_007,Junior Developer,None,False,Engineering,Project Delta
DOC-0710,user_008,Engineering Manager,None,False,Engineering,All
DOC-0711,user_001,Engineer,Read,True,Engineering,Project Alpha
DOC-0711,user_002,Senior Engineer,Read,True,Platform,Project Beta
DOC-0711,user_003,Architect,Read,True,Architecture,All
DOC-0711,user_004,Security Engineer,Read,True,Security,All
DOC-0711,user_005,Principal Engineer,Read,True,Data Engineering,Project Gamma
DOC-0711,user_006,DevOps Engineer,Read,True,DevOps,Core Infrastructure
DOC-0711,user_007,Junior Developer,Read,True,Engineering,Project Delta
DOC-0711,user_008,Engineering Manager,Read,True,Engineering,All
DOC-0712,user_001,Engineer,None,False,Engineering,Project Alpha
DOC-0712,user_002,Senior Engineer,Read,True,Platform,Project Beta
DOC-0712,user_003,Architect,Read,True,Architecture,All
DOC-0712,user_004,Security Engineer,Read,True,Security,All
DOC-0712,user_005,Principal Engineer,None,False,Data Engineering,Project Gamma
DOC-0712,user_006,DevOps Engineer,None,False,DevOps,Core Infrastructure
DOC-0712,user_007,Junior Developer,None,False,Engineering,Project Delta
DOC-0712,user_008,Engineering Manager,None,False,Engineering,All
DOC-0713,user_001,Engineer,Read,True,Engineering,Project Alpha
DOC-0713,user_002,Senior Engineer,Read,True,Platform,Project Beta
DOC-0713,user_003,Architect,Read,True,Architecture,All
DOC-0713,user_004,Security Engineer,Read,True,Security,All
DOC-0713,user_005,Principal Engineer,Read,True,Data Engineering,Project Gamma
DOC-0713,user_006,DevOps Engineer,Read,True,DevOps,Core Infrastructure
DOC-0713,user_007,Junior Developer,Read,True,Engineering,Project Delta
DOC-0713,user_008,Engineering Manager,Read,True,Engineering,All
DOC-0714,user_001,Engineer,None,False,Engineering,Project Alpha
DOC-0714,user_002,Senior Engineer,None,False,Platform,Project Beta
DOC-0714,user_003,Architect,Read,True,Architecture,All
DOC-0714,user_004,Security Engineer,Read,True,Security,All
DOC-0714,user_005,Principal Engineer,None,False,Data Engineering,Project Gamma
DOC-0714,user_006,DevOps Engineer,None,False,DevOps,Core Infrastructure
DOC-0714,user_007,Junior Developer,None,False,Engineering,Project Delta
DOC-0714,user_008,Engineering Manager,None,False,Engineering,All
DOC-0715,user_001,Engineer,None,False,Engineering,Project Alpha
DOC-0715,user_002,Senior Engineer,None,False,Platform,Project Beta
DOC-0715,user_003,Architect,Read,True,Architecture,All
DOC-0715,user_004,Security Engineer,Read,True,Security,All
DOC-0715,user_005,Principal Engineer,Read,True,Data Engineering,Project Gamma
DOC-0715,user_006,DevOps Engineer,None,False,DevOps,Core Infrastructure
DOC-0715,user_007,Junior Developer,None,False,Engineering,Project Delta
DOC-0715,user_008,Engineering Manager,None,False,Engineering,All
DOC-0716,user_001,Engineer,Read,True,Engineering,Project Alpha
DOC-0716,user_002,Senior Engineer,Read,True,Platform,Project Beta
DOC-0716,user_003,Architect,Read,True,Architecture,All
DOC-0716,user_004,Security Engineer,Read,True,Security,All
DOC-0716,user_005,Principal Engineer,Read,True,Data Engineering,Project Gamma
DOC-0716,user_006,DevOps Engineer,Read,True,DevOps,Core Infrastructure
DOC-0716,user_007,Junior Developer,Read,True,Engineering,Project Delta
DOC-0716,user_008,Engineering Manager,Read,True,Engineering,All
DOC-0717,user_001,Engineer,Read,True,Engineering,Project Alpha
DOC-0717,user_002,Senior Engineer,Read,True,Platform,Project Beta
DOC-0717,user_003,Architect,Read,True,Architecture,All
DOC-0717,user_004,Security Engineer,Read,True,Security,All
DOC-0717,user_005,Principal Engineer,Read,True,Data Engineering,Project Gamma
DOC-0717,user_006,DevOps Engineer,Read,True,DevOps,Core Infrastructure
DOC-0717,user_007,Junior Developer,Read,True,Engineering,Project Delta
DOC-0717,user_008,Engineering Manager,Read,True,Engineering,All
DOC-0718,user_001,Engineer,None,False,Engineering,Project Alpha
DOC-0718,user_002,Senior Engineer,None,False,Platform,Project Beta
DOC-0718,user_003,Architect,Read,True,Architecture,All
DOC-0718,user_004,Security Engineer,Read,True,Security,All
DOC-0718,user_005,Principal Engineer,None,False,Data Engineering,Project Gamma
DOC-0718,user_006,DevOps Engineer,None,False,DevOps,Core Infrastructure
DOC-0718,user_007,Junior Developer,None,False,Engineering,Project Delta
DOC-0718,user_008,Engineering Manager,None,False,Engineering,All
DOC-0719,user_001,Engineer,Read,True,Engineering,Project Alpha
DOC-0719,user_002,Senior Engineer,Read,True,Platform,Project Beta
DOC-0719,user_003,Architect,Read,True,Architecture,All
DOC-0719,user_004,Security Engineer,Read,True,Security,All
DOC-0719,user_005,Principal Engineer,Read,True,Data Engineering,Project Gamma
DOC-0719,user_006,DevOps Engineer,Read,True,DevOps,Core Infrastructure
DOC-0719,user_007,Junior Developer,Read,True,Engineering,Project Delta
DOC-0719,user_008,Engineering Manager,Read,True,Engineering,All
DOC-0720,user_001,Engineer,None,False,Engineering,Project Alpha
DOC-0720,user_002,Senior Engineer,None,False,Platform,Project Beta
DOC-0720,user_003,Architect,Read,True,Architecture,All
DOC-0720,user_004,Security Engineer,Read,True,Security,All
DOC-0720,user_005,Principal Engineer,None,False,Data Engineering,Project Gamma
DOC-0720,user_006,DevOps Engineer,None,False,DevOps,Core Infrastructure
DOC-0720,user_007,Junior Developer,None,False,Engineering,Project Delta
DOC-0720,user_008,Engineering Manager,None,False,Engineering,All
DOC-0721,user_001,Engineer,Read,True,Engineering,Project Alpha
DOC-0721,user_002,Senior Engineer,Read,True,Platform,Project Beta
DOC-0721,user_003,Architect,Read,True,Architecture,All
DOC-0721,user_004,Security Engineer,Read,True,Security,All
DOC-0721,user_005,Principal Engineer,Read,True,Data Engineering,Project Gamma
DOC-0721,user_006,DevOps Engineer,Read,True,DevOps,Core Infrastructure
DOC-0721,user_007,Junior Developer,Read,True,Engineering,Project Delta
DOC-0721,user_008,Engineering Manager,Read,True,Engineering,All
DOC-0722,user_001,Engineer,None,False,Engineering,Project Alpha
DOC-0722,user_002,Senior Engineer,None,False,Platform,Project Beta
DOC-0722,user_003,Architect,Read,True,Architecture,All
DOC-0722,user_004,Security Engineer,Read,True,Security,All
DOC-0722,user_005,Principal Engineer,Read,True,Data Engineering,Project Gamma
DOC-0722,user_006,DevOps Engineer,None,False,DevOps,Core Infrastructure
DOC-0722,user_007,Junior Developer,None,False,Engineering,Project Delta
DOC-0722,user_008,Engineering Manager,None,False,Engineering,All
DOC-0723,user_001,Engineer,None,False,Engineering,Project Alpha
DOC-0723,user_002,Senior Engineer,None,False,Platform,Project Beta
DOC-0723,user_003,Architect,Read,True,Architecture,All
DOC-0723,user_004,Security Engineer,Read,True,Security,All
DOC-0723,user_005,Principal Engineer,None,False,Data Engineering,Project Gamma
DOC-0723,user_006,DevOps Engineer,None,False,DevOps,Core Infrastructure
DOC-0723,user_007,Junior Developer,None,False,Engineering,Project Delta
DOC-0723,user_008,Engineering Manager,None,False,Engineering,All
DOC-0724,user_001,Engineer,None,False,Engineering,Project Alpha
DOC-0724,user_002,Senior Engineer,None,False,Platform,Project Beta
DOC-0724,user_003,Architect,Read,True,Architecture,All
DOC-0724,user_004,Security Engineer,Read,True,Security,All
DOC-0724,user_005,Principal Engineer,None,False,Data Engineering,Project Gamma
DOC-0724,user_006,DevOps Engineer,None,False,DevOps,Core Infrastructure
DOC-0724,user_007,Junior Developer,Read,True,Engineering,Project Delta
DOC-0724,user_008,Engineering Manager,None,False,Engineering,All
DOC-0725,user_001,Engineer,Read,True,Engineering,Project Alpha
DOC-0725,user_002,Senior Engineer,Read,True,Platform,Project Beta
DOC-0725,user_003,Architect,Read,True,Architecture,All
DOC-0725,user_004,Security Engineer,Read,True,Security,All
DOC-0725,user_005,Principal Engineer,Read,True,Data Engineering,Project Gamma
DOC-0725,user_006,DevOps Engineer,Read,True,DevOps,Core Infrastructure
DOC-0725,user_007,Junior Developer,Read,True,Engineering,Project Delta
DOC-0725,user_008,Engineering Manager,Read,True,Engineering,All
DOC-0726,user_001,Engineer,None,False,Engineering,Project Alpha
DOC-0726,user_002,Senior Engineer,None,False,Platform,Project Beta
DOC-0726,user_003,Architect,Read,True,Architecture,All
DOC-0726,user_004,Security Engineer,Read,True,Security,All
DOC-0726,user_005,Principal Engineer,Read,True,Data Engineering,Project Gamma
DOC-0726,user_006,DevOps Engineer,None,False,DevOps,Core Infrastructure
DOC-0726,user_007,Junior Developer,None,False,Engineering,Project Delta
DOC-0726,user_008,Engineering Manager,None,False,Engineering,All
DOC-0727,user_001,Engineer,Read,True,Engineering,Project Alpha
DOC-0727,user_002,Senior Engineer,Read,True,Platform,Project Beta
DOC-0727,user_003,Architect,Read,True,Architecture,All
DOC-0727,user_004,Security Engineer,Read,True,Security,All
DOC-0727,user_005,Principal Engineer,Read,True,Data Engineering,Project Gamma
DOC-0727,user_006,DevOps Engineer,Read,True,DevOps,Core Infrastructure
DOC-0727,user_007,Junior Developer,Read,True,Engineering,Project Delta
DOC-0727,user_008,Engineering Manager,Read,True,Engineering,All
DOC-0728,user_001,Engineer,Read,True,Engineering,Project Alpha
DOC-0728,user_002,Senior Engineer,Read,True,Platform,Project Beta
DOC-0728,user_003,Architect,Read,True,Architecture,All
DOC-0728,user_004,Security Engineer,Read,True,Security,All
DOC-0728,user_005,Principal Engineer,Read,True,Data Engineering,Project Gamma
DOC-0728,user_006,DevOps Engineer,Read,True,DevOps,Core Infrastructure
DOC-0728,user_007,Junior Developer,Read,True,Engineering,Project Delta
DOC-0728,user_008,Engineering Manager,Read,True,Engineering,All
DOC-0729,user_001,Engineer,None,False,Engineering,Project Alpha
DOC-0729,user_002,Senior Engineer,Read,True,Platform,Project Beta
DOC-0729,user_003,Architect,Read,True,Architecture,All
DOC-0729,user_004,Security Engineer,Read,True,Security,All
DOC-0729,user_005,Principal Engineer,None,False,Data Engineering,Project Gamma
DOC-0729,user_006,DevOps Engineer,None,False,DevOps,Core Infrastructure
DOC-0729,user_007,Junior Developer,None,False,Engineering,Project Delta
DOC-0729,user_008,Engineering Manager,None,False,Engineering,All
DOC-0730,user_001,Engineer,Read,True,Engineering,Project Alpha
DOC-0730,user_002,Senior Engineer,Read,True,Platform,Project Beta
DOC-0730,user_003,Architect,Read,True,Architecture,All
DOC-0730,user_004,Security Engineer,Read,True,Security,All
DOC-0730,user_005,Principal Engineer,Read,True,Data Engineering,Project Gamma
DOC-0730,user_006,DevOps Engineer,Read,True,DevOps,Core Infrastructure
DOC-0730,user_007,Junior Developer,Read,True,Engineering,Project Delta
DOC-0730,user_008,Engineering Manager,Read,True,Engineering,All
DOC-0731,user_001,Engineer,None,False,Engineering,Project Alpha
DOC-0731,user_002,Senior Engineer,None,False,Platform,Project Beta
DOC-0731,user_003,Architect,Read,True,Architecture,All
DOC-0731,user_004,Security Engineer,Read,True,Security,All
DOC-0731,user_005,Principal Engineer,None,False,Data Engineering,Project Gamma
DOC-0731,user_006,DevOps Engineer,None,False,DevOps,Core Infrastructure
DOC-0731,user_007,Junior Developer,None,False,Engineering,Project Delta
DOC-0731,user_008,Engineering Manager,None,False,Engineering,All
DOC-0732,user_001,Engineer,Read,True,Engineering,Project Alpha
DOC-0732,user_002,Senior Engineer,Read,True,Platform,Project Beta
DOC-0732,user_003,Architect,Read,True,Architecture,All
DOC-0732,user_004,Security Engineer,Read,True,Security,All
DOC-0732,user_005,Principal Engineer,Read,True,Data Engineering,Project Gamma
DOC-0732,user_006,DevOps Engineer,Read,True,DevOps,Core Infrastructure
DOC-0732,user_007,Junior Developer,Read,True,Engineering,Project Delta
DOC-0732,user_008,Engineering Manager,Read,True,Engineering,All
DOC-0733,user_001,Engineer,Read,True,Engineering,Project Alpha
DOC-0733,user_002,Senior Engineer,Read,True,Platform,Project Beta
DOC-0733,user_003,Architect,Read,True,Architecture,All
DOC-0733,user_004,Security Engineer,Read,True,Security,All
DOC-0733,user_005,Principal Engineer,Read,True,Data Engineering,Project Gamma
DOC-0733,user_006,DevOps Engineer,Read,True,DevOps,Core Infrastructure
DOC-0733,user_007,Junior Developer,Read,True,Engineering,Project Delta
DOC-0733,user_008,Engineering Manager,Read,True,Engineering,All
DOC-0734,user_001,Engineer,None,False,Engineering,Project Alpha
DOC-0734,user_002,Senior Engineer,None,False,Platform,Project Beta
DOC-0734,user_003,Architect,Read,True,Architecture,All
DOC-0734,user_004,Security Engineer,Read,True,Security,All
DOC-0734,user_005,Principal Engineer,None,False,Data Engineering,Project Gamma
DOC-0734,user_006,DevOps Engineer,None,False,DevOps,Core Infrastructure
DOC-0734,user_007,Junior Developer,None,False,Engineering,Project Delta
DOC-0734,user_008,Engineering Manager,None,False,Engineering,All
DOC-0735,user_001,Engineer,Read,True,Engineering,Project Alpha
DOC-0735,user_002,Senior Engineer,Read,True,Platform,Project Beta
DOC-0735,user_003,Architect,Read,True,Architecture,All
DOC-0735,user_004,Security Engineer,Read,True,Security,All
DOC-0735,user_005,Principal Engineer,Read,True,Data Engineering,Project Gamma
DOC-0735,user_006,DevOps Engineer,Read,True,DevOps,Core Infrastructure
DOC-0735,user_007,Junior Developer,Read,True,Engineering,Project Delta
DOC-0735,user_008,Engineering Manager,Read,True,Engineering,All
DOC-0736,user_001,Engineer,None,False,Engineering,Project Alpha
DOC-0736,user_002,Senior Engineer,None,False,Platform,Project Beta
DOC-0736,user_003,Architect,Read,True,Architecture,All
DOC-0736,user_004,Security Engineer,Read,True,Security,All
DOC-0736,user_005,Principal Engineer,None,False,Data Engineering,Project Gamma
DOC-0736,user_006,DevOps Engineer,None,False,DevOps,Core Infrastructure
DOC-0736,user_007,Junior Developer,Read,True,Engineering,Project Delta
DOC-0736,user_008,Engineering Manager,None,False,Engineering,All
DOC-0737,user_001,Engineer,Read,True,Engineering,Project Alpha
DOC-0737,user_002,Senior Engineer,Read,True,Platform,Project Beta
DOC-0737,user_003,Architect,Read,True,Architecture,All
DOC-0737,user_004,Security Engineer,Read,True,Security,All
DOC-0737,user_005,Principal Engineer,Read,True,Data Engineering,Project Gamma
DOC-0737,user_006,DevOps Engineer,Read,True,DevOps,Core Infrastructure
DOC-0737,user_007,Junior Developer,Read,True,Engineering,Project Delta
DOC-0737,user_008,Engineering Manager,Read,True,Engineering,All
DOC-0738,user_001,Engineer,None,False,Engineering,Project Alpha
DOC-0738,user_002,Senior Engineer,Read,True,Platform,Project Beta
DOC-0738,user_003,Architect,Read,True,Architecture,All
DOC-0738,user_004,Security Engineer,Read,True,Security,All
DOC-0738,user_005,Principal Engineer,None,False,Data Engineering,Project Gamma
DOC-0738,user_006,DevOps Engineer,None,False,DevOps,Core Infrastructure
DOC-0738,user_007,Junior Developer,None,False,Engineering,Project Delta
DOC-0738,user_008,Engineering Manager,None,False,Engineering,All
DOC-0739,user_001,Engineer,None,False,Engineering,Project Alpha
DOC-0739,user_002,Senior Engineer,None,False,Platform,Project Beta
DOC-0739,user_003,Architect,Read,True,Architecture,All
DOC-0739,user_004,Security Engineer,Read,True,Security,All
DOC-0739,user_005,Principal Engineer,Read,True,Data Engineering,Project Gamma
DOC-0739,user_006,DevOps Engineer,None,False,DevOps,Core Infrastructure
DOC-0739,user_007,Junior Developer,None,False,Engineering,Project Delta
DOC-0739,user_008,Engineering Manager,None,False,Engineering,All
DOC-0740,user_001,Engineer,None,False,Engineering,Project Alpha
DOC-0740,user_002,Senior Engineer,None,False,Platform,Project Beta
DOC-0740,user_003,Architect,Read,True,Architecture,All
DOC-0740,user_004,Security Engineer,Read,True,Security,All
DOC-0740,user_005,Principal Engineer,Read,True,Data Engineering,Project Gamma
DOC-0740,user_006,DevOps Engineer,None,False,DevOps,Core Infrastructure
DOC-0740,user_007,Junior Developer,None,False,Engineering,Project Delta
DOC-0740,user_008,Engineering Manager,None,False,Engineering,All
DOC-0741,user_001,Engineer,None,False,Engineering,Project Alpha
DOC-0741,user_002,Senior Engineer,None,False,Platform,Project Beta
DOC-0741,user_003,Architect,Read,True,Architecture,All
DOC-0741,user_004,Security Engineer,Read,True,Security,All
DOC-0741,user_005,Principal Engineer,None,False,Data Engineering,Project Gamma
DOC-0741,user_006,DevOps Engineer,None,False,DevOps,Core Infrastructure
DOC-0741,user_007,Junior Developer,None,False,Engineering,Project Delta
DOC-0741,user_008,Engineering Manager,None,False,Engineering,All
DOC-0742,user_001,Engineer,Read,True,Engineering,Project Alpha
DOC-0742,user_002,Senior Engineer,Read,True,Platform,Project Beta
DOC-0742,user_003,Architect,Read,True,Architecture,All
DOC-0742,user_004,Security Engineer,Read,True,Security,All
DOC-0742,user_005,Principal Engineer,Read,True,Data Engineering,Project Gamma
DOC-0742,user_006,DevOps Engineer,Read,True,DevOps,Core Infrastructure
DOC-0742,user_007,Junior Developer,Read,True,Engineering,Project Delta
DOC-0742,user_008,Engineering Manager,Read,True,Engineering,All
DOC-0743,user_001,Engineer,None,False,Engineering,Project Alpha
DOC-0743,user_002,Senior Engineer,Read,True,Platform,Project Beta
DOC-0743,user_003,Architect,Read,True,Architecture,All
DOC-0743,user_004,Security Engineer,Read,True,Security,All
DOC-0743,user_005,Principal Engineer,None,False,Data Engineering,Project Gamma
DOC-0743,user_006,DevOps Engineer,None,False,DevOps,Core Infrastructure
DOC-0743,user_007,Junior Developer,None,False,Engineering,Project Delta
DOC-0743,user_008,Engineering Manager,None,False,Engineering,All
DOC-0744,user_001,Engineer,Read,True,Engineering,Project Alpha
DOC-0744,user_002,Senior Engineer,None,False,Platform,Project Beta
DOC-0744,user_003,Architect,Read,True,Architecture,All
DOC-0744,user_004,Security Engineer,Read,True,Security,All
DOC-0744,user_005,Principal Engineer,None,False,Data Engineering,Project Gamma
DOC-0744,user_006,DevOps Engineer,None,False,DevOps,Core Infrastructure
DOC-0744,user_007,Junior Developer,None,False,Engineering,Project Delta
DOC-0744,user_008,Engineering Manager,None,False,Engineering,All
DOC-0745,user_001,Engineer,None,False,Engineering,Project Alpha
DOC-0745,user_002,Senior Engineer,None,False,Platform,Project Beta
DOC-0745,user_003,Architect,Read,True,Architecture,All
DOC-0745,user_004,Security Engineer,Read,True,Security,All
DOC-0745,user_005,Principal Engineer,None,False,Data Engineering,Project Gamma
DOC-0745,user_006,DevOps Engineer,None,False,DevOps,Core Infrastructure
DOC-0745,user_007,Junior Developer,None,False,Engineering,Project Delta
DOC-0745,user_008,Engineering Manager,None,False,Engineering,All
DOC-0746,user_001,Engineer,Read,True,Engineering,Project Alpha
DOC-0746,user_002,Senior Engineer,Read,True,Platform,Project Beta
DOC-0746,user_003,Architect,Read,True,Architecture,All
DOC-0746,user_004,Security Engineer,Read,True,Security,All
DOC-0746,user_005,Principal Engineer,Read,True,Data Engineering,Project Gamma
DOC-0746,user_006,DevOps Engineer,Read,True,DevOps,Core Infrastructure
DOC-0746,user_007,Junior Developer,Read,True,Engineering,Project Delta
DOC-0746,user_008,Engineering Manager,Read,True,Engineering,All
DOC-0747,user_001,Engineer,Read,True,Engineering,Project Alpha
DOC-0747,user_002,Senior Engineer,Read,True,Platform,Project Beta
DOC-0747,user_003,Architect,Read,True,Architecture,All
DOC-0747,user_004,Security Engineer,Read,True,Security,All
DOC-0747,user_005,Principal Engineer,Read,True,Data Engineering,Project Gamma
DOC-0747,user_006,DevOps Engineer,Read,True,DevOps,Core Infrastructure
DOC-0747,user_007,Junior Developer,Read,True,Engineering,Project Delta
DOC-0747,user_008,Engineering Manager,Read,True,Engineering,All
DOC-0748,user_001,Engineer,Read,True,Engineering,Project Alpha
DOC-0748,user_002,Senior Engineer,Read,True,Platform,Project Beta
DOC-0748,user_003,Architect,Read,True,Architecture,All
DOC-0748,user_004,Security Engineer,Read,True,Security,All
DOC-0748,user_005,Principal Engineer,Read,True,Data Engineering,Project Gamma
DOC-0748,user_006,DevOps Engineer,Read,True,DevOps,Core Infrastructure
DOC-0748,user_007,Junior Developer,Read,True,Engineering,Project Delta
DOC-0748,user_008,Engineering Manager,Read,True,Engineering,All
DOC-0749,user_001,Engineer,None,False,Engineering,Project Alpha
DOC-0749,user_002,Senior Engineer,None,False,Platform,Project Beta
DOC-0749,user_003,Architect,Read,True,Architecture,All
DOC-0749,user_004,Security Engineer,Read,True,Security,All
DOC-0749,user_005,Principal Engineer,Read,True,Data Engineering,Project Gamma
DOC-0749,user_006,DevOps Engineer,None,False,DevOps,Core Infrastructure
DOC-0749,user_007,Junior Developer,None,False,Engineering,Project Delta
DOC-0749,user_008,Engineering Manager,None,False,Engineering,All
DOC-0750,user_001,Engineer,Read,True,Engineering,Project Alpha
DOC-0750,user_002,Senior Engineer,Read,True,Platform,Project Beta
DOC-0750,user_003,Architect,Read,True,Architecture,All
DOC-0750,user_004,Security Engineer,Read,True,Security,All
DOC-0750,user_005,Principal Engineer,Read,True,Data Engineering,Project Gamma
DOC-0750,user_006,DevOps Engineer,Read,True,DevOps,Core Infrastructure
DOC-0750,user_007,Junior Developer,Read,True,Engineering,Project Delta
DOC-0750,user_008,Engineering Manager,Read,True,Engineering,All
DOC-0751,user_001,Engineer,Read,True,Engineering,Project Alpha
DOC-0751,user_002,Senior Engineer,Read,True,Platform,Project Beta
DOC-0751,user_003,Architect,Read,True,Architecture,All
DOC-0751,user_004,Security Engineer,Read,True,Security,All
DOC-0751,user_005,Principal Engineer,Read,True,Data Engineering,Project Gamma
DOC-0751,user_006,DevOps Engineer,Read,True,DevOps,Core Infrastructure
DOC-0751,user_007,Junior Developer,Read,True,Engineering,Project Delta
DOC-0751,user_008,Engineering Manager,Read,True,Engineering,All
DOC-0752,user_001,Engineer,None,False,Engineering,Project Alpha
DOC-0752,user_002,Senior Engineer,None,False,Platform,Project Beta
DOC-0752,user_003,Architect,Read,True,Architecture,All
DOC-0752,user_004,Security Engineer,Read,True,Security,All
DOC-0752,user_005,Principal Engineer,None,False,Data Engineering,Project Gamma
DOC-0752,user_006,DevOps Engineer,None,False,DevOps,Core Infrastructure
DOC-0752,user_007,Junior Developer,None,False,Engineering,Project Delta
DOC-0752,user_008,Engineering Manager,None,False,Engineering,All
DOC-0753,user_001,Engineer,Read,True,Engineering,Project Alpha
DOC-0753,user_002,Senior Engineer,Read,True,Platform,Project Beta
DOC-0753,user_003,Architect,Read,True,Architecture,All
DOC-0753,user_004,Security Engineer,Read,True,Security,All
DOC-0753,user_005,Principal Engineer,Read,True,Data Engineering,Project Gamma
DOC-0753,user_006,DevOps Engineer,Read,True,DevOps,Core Infrastructure
DOC-0753,user_007,Junior Developer,Read,True,Engineering,Project Delta
DOC-0753,user_008,Engineering Manager,Read,True,Engineering,All
DOC-0754,user_001,Engineer,None,False,Engineering,Project Alpha
DOC-0754,user_002,Senior Engineer,Read,True,Platform,Project Beta
DOC-0754,user_003,Architect,Read,True,Architecture,All
DOC-0754,user_004,Security Engineer,Read,True,Security,All
DOC-0754,user_005,Principal Engineer,None,False,Data Engineering,Project Gamma
DOC-0754,user_006,DevOps Engineer,None,False,DevOps,Core Infrastructure
DOC-0754,user_007,Junior Developer,None,False,Engineering,Project Delta
DOC-0754,user_008,Engineering Manager,None,False,Engineering,All
DOC-0755,user_001,Engineer,Read,True,Engineering,Project Alpha
DOC-0755,user_002,Senior Engineer,Read,True,Platform,Project Beta
DOC-0755,user_003,Architect,Read,True,Architecture,All
DOC-0755,user_004,Security Engineer,Read,True,Security,All
DOC-0755,user_005,Principal Engineer,Read,True,Data Engineering,Project Gamma
DOC-0755,user_006,DevOps Engineer,Read,True,DevOps,Core Infrastructure
DOC-0755,user_007,Junior Developer,Read,True,Engineering,Project Delta
DOC-0755,user_008,Engineering Manager,Read,True,Engineering,All
DOC-0756,user_001,Engineer,Read,True,Engineering,Project Alpha
DOC-0756,user_002,Senior Engineer,Read,True,Platform,Project Beta
DOC-0756,user_003,Architect,Read,True,Architecture,All
DOC-0756,user_004,Security Engineer,Read,True,Security,All
DOC-0756,user_005,Principal Engineer,Read,True,Data Engineering,Project Gamma
DOC-0756,user_006,DevOps Engineer,Read,True,DevOps,Core Infrastructure
DOC-0756,user_007,Junior Developer,Read,True,Engineering,Project Delta
DOC-0756,user_008,Engineering Manager,Read,True,Engineering,All
DOC-0757,user_001,Engineer,Read,True,Engineering,Project Alpha
DOC-0757,user_002,Senior Engineer,None,False,Platform,Project Beta
DOC-0757,user_003,Architect,Read,True,Architecture,All
DOC-0757,user_004,Security Engineer,Read,True,Security,All
DOC-0757,user_005,Principal Engineer,None,False,Data Engineering,Project Gamma
DOC-0757,user_006,DevOps Engineer,None,False,DevOps,Core Infrastructure
DOC-0757,user_007,Junior Developer,None,False,Engineering,Project Delta
DOC-0757,user_008,Engineering Manager,None,False,Engineering,All
DOC-0758,user_001,Engineer,Read,True,Engineering,Project Alpha
DOC-0758,user_002,Senior Engineer,Read,True,Platform,Project Beta
DOC-0758,user_003,Architect,Read,True,Architecture,All
DOC-0758,user_004,Security Engineer,Read,True,Security,All
DOC-0758,user_005,Principal Engineer,Read,True,Data Engineering,Project Gamma
DOC-0758,user_006,DevOps Engineer,Read,True,DevOps,Core Infrastructure
DOC-0758,user_007,Junior Developer,Read,True,Engineering,Project Delta
DOC-0758,user_008,Engineering Manager,Read,True,Engineering,All
DOC-0759,user_001,Engineer,Read,True,Engineering,Project Alpha
DOC-0759,user_002,Senior Engineer,Read,True,Platform,Project Beta
DOC-0759,user_003,Architect,Read,True,Architecture,All
DOC-0759,user_004,Security Engineer,Read,True,Security,All
DOC-0759,user_005,Principal Engineer,Read,True,Data Engineering,Project Gamma
DOC-0759,user_006,DevOps Engineer,Read,True,DevOps,Core Infrastructure
DOC-0759,user_007,Junior Developer,Read,True,Engineering,Project Delta
DOC-0759,user_008,Engineering Manager,Read,True,Engineering,All
DOC-0760,user_001,Engineer,None,False,Engineering,Project Alpha
DOC-0760,user_002,Senior Engineer,None,False,Platform,Project Beta
DOC-0760,user_003,Architect,Read,True,Architecture,All
DOC-0760,user_004,Security Engineer,Read,True,Security,All
DOC-0760,user_005,Principal Engineer,Read,True,Data Engineering,Project Gamma
DOC-0760,user_006,DevOps Engineer,None,False,DevOps,Core Infrastructure
DOC-0760,user_007,Junior Developer,None,False,Engineering,Project Delta
DOC-0760,user_008,Engineering Manager,None,False,Engineering,All
DOC-0761,user_001,Engineer,None,False,Engineering,Project Alpha
DOC-0761,user_002,Senior Engineer,None,False,Platform,Project Beta
DOC-0761,user_003,Architect,Read,True,Architecture,All
DOC-0761,user_004,Security Engineer,Read,True,Security,All
DOC-0761,user_005,Principal Engineer,None,False,Data Engineering,Project Gamma
DOC-0761,user_006,DevOps Engineer,None,False,DevOps,Core Infrastructure
DOC-0761,user_007,Junior Developer,None,False,Engineering,Project Delta
DOC-0761,user_008,Engineering Manager,None,False,Engineering,All
DOC-0762,user_001,Engineer,Read,True,Engineering,Project Alpha
DOC-0762,user_002,Senior Engineer,Read,True,Platform,Project Beta
DOC-0762,user_003,Architect,Read,True,Architecture,All
DOC-0762,user_004,Security Engineer,Read,True,Security,All
DOC-0762,user_005,Principal Engineer,Read,True,Data Engineering,Project Gamma
DOC-0762,user_006,DevOps Engineer,Read,True,DevOps,Core Infrastructure
DOC-0762,user_007,Junior Developer,Read,True,Engineering,Project Delta
DOC-0762,user_008,Engineering Manager,Read,True,Engineering,All
DOC-0763,user_001,Engineer,Read,True,Engineering,Project Alpha
DOC-0763,user_002,Senior Engineer,Read,True,Platform,Project Beta
DOC-0763,user_003,Architect,Read,True,Architecture,All
DOC-0763,user_004,Security Engineer,Read,True,Security,All
DOC-0763,user_005,Principal Engineer,Read,True,Data Engineering,Project Gamma
DOC-0763,user_006,DevOps Engineer,Read,True,DevOps,Core Infrastructure
DOC-0763,user_007,Junior Developer,Read,True,Engineering,Project Delta
DOC-0763,user_008,Engineering Manager,Read,True,Engineering,All
DOC-0764,user_001,Engineer,None,False,Engineering,Project Alpha
DOC-0764,user_002,Senior Engineer,None,False,Platform,Project Beta
DOC-0764,user_003,Architect,Read,True,Architecture,All
DOC-0764,user_004,Security Engineer,Read,True,Security,All
DOC-0764,user_005,Principal Engineer,Read,True,Data Engineering,Project Gamma
DOC-0764,user_006,DevOps Engineer,None,False,DevOps,Core Infrastructure
DOC-0764,user_007,Junior Developer,None,False,Engineering,Project Delta
DOC-0764,user_008,Engineering Manager,None,False,Engineering,All
DOC-0765,user_001,Engineer,Read,True,Engineering,Project Alpha
DOC-0765,user_002,Senior Engineer,Read,True,Platform,Project Beta
DOC-0765,user_003,Architect,Read,True,Architecture,All
DOC-0765,user_004,Security Engineer,Read,True,Security,All
DOC-0765,user_005,Principal Engineer,Read,True,Data Engineering,Project Gamma
DOC-0765,user_006,DevOps Engineer,Read,True,DevOps,Core Infrastructure
DOC-0765,user_007,Junior Developer,Read,True,Engineering,Project Delta
DOC-0765,user_008,Engineering Manager,Read,True,Engineering,All
DOC-0766,user_001,Engineer,None,False,Engineering,Project Alpha
DOC-0766,user_002,Senior Engineer,None,False,Platform,Project Beta
DOC-0766,user_003,Architect,Read,True,Architecture,All
DOC-0766,user_004,Security Engineer,Read,True,Security,All
DOC-0766,user_005,Principal Engineer,None,False,Data Engineering,Project Gamma
DOC-0766,user_006,DevOps Engineer,None,False,DevOps,Core Infrastructure
DOC-0766,user_007,Junior Developer,None,False,Engineering,Project Delta
DOC-0766,user_008,Engineering Manager,None,False,Engineering,All
DOC-0767,user_001,Engineer,Read,True,Engineering,Project Alpha
DOC-0767,user_002,Senior Engineer,Read,True,Platform,Project Beta
DOC-0767,user_003,Architect,Read,True,Architecture,All
DOC-0767,user_004,Security Engineer,Read,True,Security,All
DOC-0767,user_005,Principal Engineer,Read,True,Data Engineering,Project Gamma
DOC-0767,user_006,DevOps Engineer,Read,True,DevOps,Core Infrastructure
DOC-0767,user_007,Junior Developer,Read,True,Engineering,Project Delta
DOC-0767,user_008,Engineering Manager,Read,True,Engineering,All
DOC-0768,user_001,Engineer,None,False,Engineering,Project Alpha
DOC-0768,user_002,Senior Engineer,None,False,Platform,Project Beta
DOC-0768,user_003,Architect,Read,True,Architecture,All
DOC-0768,user_004,Security Engineer,Read,True,Security,All
DOC-0768,user_005,Principal Engineer,None,False,Data Engineering,Project Gamma
DOC-0768,user_006,DevOps Engineer,Read,True,DevOps,Core Infrastructure
DOC-0768,user_007,Junior Developer,None,False,Engineering,Project Delta
DOC-0768,user_008,Engineering Manager,None,False,Engineering,All
DOC-0769,user_001,Engineer,Read,True,Engineering,Project Alpha
DOC-0769,user_002,Senior Engineer,Read,True,Platform,Project Beta
DOC-0769,user_003,Architect,Read,True,Architecture,All
DOC-0769,user_004,Security Engineer,Read,True,Security,All
DOC-0769,user_005,Principal Engineer,Read,True,Data Engineering,Project Gamma
DOC-0769,user_006,DevOps Engineer,Read,True,DevOps,Core Infrastructure
DOC-0769,user_007,Junior Developer,Read,True,Engineering,Project Delta
DOC-0769,user_008,Engineering Manager,Read,True,Engineering,All
DOC-0770,user_001,Engineer,Read,True,Engineering,Project Alpha
DOC-0770,user_002,Senior Engineer,None,False,Platform,Project Beta
DOC-0770,user_003,Architect,Read,True,Architecture,All
DOC-0770,user_004,Security Engineer,Read,True,Security,All
DOC-0770,user_005,Principal Engineer,None,False,Data Engineering,Project Gamma
DOC-0770,user_006,DevOps Engineer,None,False,DevOps,Core Infrastructure
DOC-0770,user_007,Junior Developer,None,False,Engineering,Project Delta
DOC-0770,user_008,Engineering Manager,None,False,Engineering,All
DOC-0771,user_001,Engineer,Read,True,Engineering,Project Alpha
DOC-0771,user_002,Senior Engineer,Read,True,Platform,Project Beta
DOC-0771,user_003,Architect,Read,True,Architecture,All
DOC-0771,user_004,Security Engineer,Read,True,Security,All
DOC-0771,user_005,Principal Engineer,Read,True,Data Engineering,Project Gamma
DOC-0771,user_006,DevOps Engineer,Read,True,DevOps,Core Infrastructure
DOC-0771,user_007,Junior Developer,Read,True,Engineering,Project Delta
DOC-0771,user_008,Engineering Manager,Read,True,Engineering,All
DOC-0772,user_001,Engineer,None,False,Engineering,Project Alpha
DOC-0772,user_002,Senior Engineer,None,False,Platform,Project Beta
DOC-0772,user_003,Architect,Read,True,Architecture,All
DOC-0772,user_004,Security Engineer,Read,True,Security,All
DOC-0772,user_005,Principal Engineer,None,False,Data Engineering,Project Gamma
DOC-0772,user_006,DevOps Engineer,None,False,DevOps,Core Infrastructure
DOC-0772,user_007,Junior Developer,None,False,Engineering,Project Delta
DOC-0772,user_008,Engineering Manager,None,False,Engineering,All
DOC-0773,user_001,Engineer,None,False,Engineering,Project Alpha
DOC-0773,user_002,Senior Engineer,None,False,Platform,Project Beta
DOC-0773,user_003,Architect,Read,True,Architecture,All
DOC-0773,user_004,Security Engineer,Read,True,Security,All
DOC-0773,user_005,Principal Engineer,None,False,Data Engineering,Project Gamma
DOC-0773,user_006,DevOps Engineer,None,False,DevOps,Core Infrastructure
DOC-0773,user_007,Junior Developer,Read,True,Engineering,Project Delta
DOC-0773,user_008,Engineering Manager,None,False,Engineering,All
DOC-0774,user_001,Engineer,Read,True,Engineering,Project Alpha
DOC-0774,user_002,Senior Engineer,Read,True,Platform,Project Beta
DOC-0774,user_003,Architect,Read,True,Architecture,All
DOC-0774,user_004,Security Engineer,Read,True,Security,All
DOC-0774,user_005,Principal Engineer,Read,True,Data Engineering,Project Gamma
DOC-0774,user_006,DevOps Engineer,Read,True,DevOps,Core Infrastructure
DOC-0774,user_007,Junior Developer,Read,True,Engineering,Project Delta
DOC-0774,user_008,Engineering Manager,Read,True,Engineering,All
DOC-0775,user_001,Engineer,Read,True,Engineering,Project Alpha
DOC-0775,user_002,Senior Engineer,Read,True,Platform,Project Beta
DOC-0775,user_003,Architect,Read,True,Architecture,All
DOC-0775,user_004,Security Engineer,Read,True,Security,All
DOC-0775,user_005,Principal Engineer,Read,True,Data Engineering,Project Gamma
DOC-0775,user_006,DevOps Engineer,Read,True,DevOps,Core Infrastructure
DOC-0775,user_007,Junior Developer,Read,True,Engineering,Project Delta
DOC-0775,user_008,Engineering Manager,Read,True,Engineering,All
DOC-0776,user_001,Engineer,Read,True,Engineering,Project Alpha
DOC-0776,user_002,Senior Engineer,Read,True,Platform,Project Beta
DOC-0776,user_003,Architect,Read,True,Architecture,All
DOC-0776,user_004,Security Engineer,Read,True,Security,All
DOC-0776,user_005,Principal Engineer,Read,True,Data Engineering,Project Gamma
DOC-0776,user_006,DevOps Engineer,Read,True,DevOps,Core Infrastructure
DOC-0776,user_007,Junior Developer,Read,True,Engineering,Project Delta
DOC-0776,user_008,Engineering Manager,Read,True,Engineering,All
DOC-0777,user_001,Engineer,None,False,Engineering,Project Alpha
DOC-0777,user_002,Senior Engineer,Read,True,Platform,Project Beta
DOC-0777,user_003,Architect,Read,True,Architecture,All
DOC-0777,user_004,Security Engineer,Read,True,Security,All
DOC-0777,user_005,Principal Engineer,None,False,Data Engineering,Project Gamma
DOC-0777,user_006,DevOps Engineer,None,False,DevOps,Core Infrastructure
DOC-0777,user_007,Junior Developer,None,False,Engineering,Project Delta
DOC-0777,user_008,Engineering Manager,None,False,Engineering,All
DOC-0778,user_001,Engineer,Read,True,Engineering,Project Alpha
DOC-0778,user_002,Senior Engineer,Read,True,Platform,Project Beta
DOC-0778,user_003,Architect,Read,True,Architecture,All
DOC-0778,user_004,Security Engineer,Read,True,Security,All
DOC-0778,user_005,Principal Engineer,Read,True,Data Engineering,Project Gamma
DOC-0778,user_006,DevOps Engineer,Read,True,DevOps,Core Infrastructure
DOC-0778,user_007,Junior Developer,Read,True,Engineering,Project Delta
DOC-0778,user_008,Engineering Manager,Read,True,Engineering,All
DOC-0779,user_001,Engineer,Read,True,Engineering,Project Alpha
DOC-0779,user_002,Senior Engineer,Read,True,Platform,Project Beta
DOC-0779,user_003,Architect,Read,True,Architecture,All
DOC-0779,user_004,Security Engineer,Read,True,Security,All
DOC-0779,user_005,Principal Engineer,Read,True,Data Engineering,Project Gamma
DOC-0779,user_006,DevOps Engineer,Read,True,DevOps,Core Infrastructure
DOC-0779,user_007,Junior Developer,Read,True,Engineering,Project Delta
DOC-0779,user_008,Engineering Manager,Read,True,Engineering,All
DOC-0780,user_001,Engineer,None,False,Engineering,Project Alpha
DOC-0780,user_002,Senior Engineer,None,False,Platform,Project Beta
DOC-0780,user_003,Architect,Read,True,Architecture,All
DOC-0780,user_004,Security Engineer,Read,True,Security,All
DOC-0780,user_005,Principal Engineer,None,False,Data Engineering,Project Gamma
DOC-0780,user_006,DevOps Engineer,None,False,DevOps,Core Infrastructure
DOC-0780,user_007,Junior Developer,None,False,Engineering,Project Delta
DOC-0780,user_008,Engineering Manager,None,False,Engineering,All
DOC-0781,user_001,Engineer,None,False,Engineering,Project Alpha
DOC-0781,user_002,Senior Engineer,None,False,Platform,Project Beta
DOC-0781,user_003,Architect,Read,True,Architecture,All
DOC-0781,user_004,Security Engineer,Read,True,Security,All
DOC-0781,user_005,Principal Engineer,None,False,Data Engineering,Project Gamma
DOC-0781,user_006,DevOps Engineer,None,False,DevOps,Core Infrastructure
DOC-0781,user_007,Junior Developer,Read,True,Engineering,Project Delta
DOC-0781,user_008,Engineering Manager,None,False,Engineering,All
DOC-0782,user_001,Engineer,None,False,Engineering,Project Alpha
DOC-0782,user_002,Senior Engineer,Read,True,Platform,Project Beta
DOC-0782,user_003,Architect,Read,True,Architecture,All
DOC-0782,user_004,Security Engineer,Read,True,Security,All
DOC-0782,user_005,Principal Engineer,None,False,Data Engineering,Project Gamma
DOC-0782,user_006,DevOps Engineer,None,False,DevOps,Core Infrastructure
DOC-0782,user_007,Junior Developer,None,False,Engineering,Project Delta
DOC-0782,user_008,Engineering Manager,None,False,Engineering,All
DOC-0783,user_001,Engineer,Read,True,Engineering,Project Alpha
DOC-0783,user_002,Senior Engineer,None,False,Platform,Project Beta
DOC-0783,user_003,Architect,Read,True,Architecture,All
DOC-0783,user_004,Security Engineer,Read,True,Security,All
DOC-0783,user_005,Principal Engineer,None,False,Data Engineering,Project Gamma
DOC-0783,user_006,DevOps Engineer,None,False,DevOps,Core Infrastructure
DOC-0783,user_007,Junior Developer,None,False,Engineering,Project Delta
DOC-0783,user_008,Engineering Manager,None,False,Engineering,All
DOC-0784,user_001,Engineer,Read,True,Engineering,Project Alpha
DOC-0784,user_002,Senior Engineer,Read,True,Platform,Project Beta
DOC-0784,user_003,Architect,Read,True,Architecture,All
DOC-0784,user_004,Security Engineer,Read,True,Security,All
DOC-0784,user_005,Principal Engineer,Read,True,Data Engineering,Project Gamma
DOC-0784,user_006,DevOps Engineer,Read,True,DevOps,Core Infrastructure
DOC-0784,user_007,Junior Developer,Read,True,Engineering,Project Delta
DOC-0784,user_008,Engineering Manager,Read,True,Engineering,All
DOC-0785,user_001,Engineer,Read,True,Engineering,Project Alpha
DOC-0785,user_002,Senior Engineer,None,False,Platform,Project Beta
DOC-0785,user_003,Architect,Read,True,Architecture,All
DOC-0785,user_004,Security Engineer,Read,True,Security,All
DOC-0785,user_005,Principal Engineer,None,False,Data Engineering,Project Gamma
DOC-0785,user_006,DevOps Engineer,None,False,DevOps,Core Infrastructure
DOC-0785,user_007,Junior Developer,None,False,Engineering,Project Delta
DOC-0785,user_008,Engineering Manager,None,False,Engineering,All
DOC-0786,user_001,Engineer,Read,True,Engineering,Project Alpha
DOC-0786,user_002,Senior Engineer,Read,True,Platform,Project Beta
DOC-0786,user_003,Architect,Read,True,Architecture,All
DOC-0786,user_004,Security Engineer,Read,True,Security,All
DOC-0786,user_005,Principal Engineer,Read,True,Data Engineering,Project Gamma
DOC-0786,user_006,DevOps Engineer,Read,True,DevOps,Core Infrastructure
DOC-0786,user_007,Junior Developer,Read,True,Engineering,Project Delta
DOC-0786,user_008,Engineering Manager,Read,True,Engineering,All
DOC-0787,user_001,Engineer,Read,True,Engineering,Project Alpha
DOC-0787,user_002,Senior Engineer,None,False,Platform,Project Beta
DOC-0787,user_003,Architect,Read,True,Architecture,All
DOC-0787,user_004,Security Engineer,Read,True,Security,All
DOC-0787,user_005,Principal Engineer,None,False,Data Engineering,Project Gamma
DOC-0787,user_006,DevOps Engineer,None,False,DevOps,Core Infrastructure
DOC-0787,user_007,Junior Developer,None,False,Engineering,Project Delta
DOC-0787,user_008,Engineering Manager,None,False,Engineering,All
DOC-0788,user_001,Engineer,None,False,Engineering,Project Alpha
DOC-0788,user_002,Senior Engineer,None,False,Platform,Project Beta
DOC-0788,user_003,Architect,Read,True,Architecture,All
DOC-0788,user_004,Security Engineer,Read,True,Security,All
DOC-0788,user_005,Principal Engineer,Read,True,Data Engineering,Project Gamma
DOC-0788,user_006,DevOps Engineer,None,False,DevOps,Core Infrastructure
DOC-0788,user_007,Junior Developer,None,False,Engineering,Project Delta
DOC-0788,user_008,Engineering Manager,None,False,Engineering,All
DOC-0789,user_001,Engineer,Read,True,Engineering,Project Alpha
DOC-0789,user_002,Senior Engineer,Read,True,Platform,Project Beta
DOC-0789,user_003,Architect,Read,True,Architecture,All
DOC-0789,user_004,Security Engineer,Read,True,Security,All
DOC-0789,user_005,Principal Engineer,Read,True,Data Engineering,Project Gamma
DOC-0789,user_006,DevOps Engineer,Read,True,DevOps,Core Infrastructure
DOC-0789,user_007,Junior Developer,Read,True,Engineering,Project Delta
DOC-0789,user_008,Engineering Manager,Read,True,Engineering,All
DOC-0790,user_001,Engineer,None,False,Engineering,Project Alpha
DOC-0790,user_002,Senior Engineer,None,False,Platform,Project Beta
DOC-0790,user_003,Architect,Read,True,Architecture,All
DOC-0790,user_004,Security Engineer,Read,True,Security,All
DOC-0790,user_005,Principal Engineer,None,False,Data Engineering,Project Gamma
DOC-0790,user_006,DevOps Engineer,None,False,DevOps,Core Infrastructure
DOC-0790,user_007,Junior Developer,None,False,Engineering,Project Delta
DOC-0790,user_008,Engineering Manager,None,False,Engineering,All
DOC-0791,user_001,Engineer,Read,True,Engineering,Project Alpha
DOC-0791,user_002,Senior Engineer,Read,True,Platform,Project Beta
DOC-0791,user_003,Architect,Read,True,Architecture,All
DOC-0791,user_004,Security Engineer,Read,True,Security,All
DOC-0791,user_005,Principal Engineer,Read,True,Data Engineering,Project Gamma
DOC-0791,user_006,DevOps Engineer,Read,True,DevOps,Core Infrastructure
DOC-0791,user_007,Junior Developer,Read,True,Engineering,Project Delta
DOC-0791,user_008,Engineering Manager,Read,True,Engineering,All
DOC-0792,user_001,Engineer,Read,True,Engineering,Project Alpha
DOC-0792,user_002,Senior Engineer,Read,True,Platform,Project Beta
DOC-0792,user_003,Architect,Read,True,Architecture,All
DOC-0792,user_004,Security Engineer,Read,True,Security,All
DOC-0792,user_005,Principal Engineer,Read,True,Data Engineering,Project Gamma
DOC-0792,user_006,DevOps Engineer,Read,True,DevOps,Core Infrastructure
DOC-0792,user_007,Junior Developer,Read,True,Engineering,Project Delta
DOC-0792,user_008,Engineering Manager,Read,True,Engineering,All
DOC-0793,user_001,Engineer,Read,True,Engineering,Project Alpha
DOC-0793,user_002,Senior Engineer,Read,True,Platform,Project Beta
DOC-0793,user_003,Architect,Read,True,Architecture,All
DOC-0793,user_004,Security Engineer,Read,True,Security,All
DOC-0793,user_005,Principal Engineer,Read,True,Data Engineering,Project Gamma
DOC-0793,user_006,DevOps Engineer,Read,True,DevOps,Core Infrastructure
DOC-0793,user_007,Junior Developer,Read,True,Engineering,Project Delta
DOC-0793,user_008,Engineering Manager,Read,True,Engineering,All
DOC-0794,user_001,Engineer,Read,True,Engineering,Project Alpha
DOC-0794,user_002,Senior Engineer,Read,True,Platform,Project Beta
DOC-0794,user_003,Architect,Read,True,Architecture,All
DOC-0794,user_004,Security Engineer,Read,True,Security,All
DOC-0794,user_005,Principal Engineer,Read,True,Data Engineering,Project Gamma
DOC-0794,user_006,DevOps Engineer,Read,True,DevOps,Core Infrastructure
DOC-0794,user_007,Junior Developer,Read,True,Engineering,Project Delta
DOC-0794,user_008,Engineering Manager,Read,True,Engineering,All
DOC-0795,user_001,Engineer,Read,True,Engineering,Project Alpha
DOC-0795,user_002,Senior Engineer,Read,True,Platform,Project Beta
DOC-0795,user_003,Architect,Read,True,Architecture,All
DOC-0795,user_004,Security Engineer,Read,True,Security,All
DOC-0795,user_005,Principal Engineer,Read,True,Data Engineering,Project Gamma
DOC-0795,user_006,DevOps Engineer,Read,True,DevOps,Core Infrastructure
DOC-0795,user_007,Junior Developer,Read,True,Engineering,Project Delta
DOC-0795,user_008,Engineering Manager,Read,True,Engineering,All
DOC-0796,user_001,Engineer,None,False,Engineering,Project Alpha
DOC-0796,user_002,Senior Engineer,None,False,Platform,Project Beta
DOC-0796,user_003,Architect,Read,True,Architecture,All
DOC-0796,user_004,Security Engineer,Read,True,Security,All
DOC-0796,user_005,Principal Engineer,None,False,Data Engineering,Project Gamma
DOC-0796,user_006,DevOps Engineer,None,False,DevOps,Core Infrastructure
DOC-0796,user_007,Junior Developer,None,False,Engineering,Project Delta
DOC-0796,user_008,Engineering Manager,None,False,Engineering,All
DOC-0797,user_001,Engineer,Read,True,Engineering,Project Alpha
DOC-0797,user_002,Senior Engineer,Read,True,Platform,Project Beta
DOC-0797,user_003,Architect,Read,True,Architecture,All
DOC-0797,user_004,Security Engineer,Read,True,Security,All
DOC-0797,user_005,Principal Engineer,Read,True,Data Engineering,Project Gamma
DOC-0797,user_006,DevOps Engineer,Read,True,DevOps,Core Infrastructure
DOC-0797,user_007,Junior Developer,Read,True,Engineering,Project Delta
DOC-0797,user_008,Engineering Manager,Read,True,Engineering,All
DOC-0798,user_001,Engineer,Read,True,Engineering,Project Alpha
DOC-0798,user_002,Senior Engineer,None,False,Platform,Project Beta
DOC-0798,user_003,Architect,Read,True,Architecture,All
DOC-0798,user_004,Security Engineer,Read,True,Security,All
DOC-0798,user_005,Principal Engineer,None,False,Data Engineering,Project Gamma
DOC-0798,user_006,DevOps Engineer,None,False,DevOps,Core Infrastructure
DOC-0798,user_007,Junior Developer,None,False,Engineering,Project Delta
DOC-0798,user_008,Engineering Manager,None,False,Engineering,All
DOC-0799,user_001,Engineer,Read,True,Engineering,Project Alpha
DOC-0799,user_002,Senior Engineer,Read,True,Platform,Project Beta
DOC-0799,user_003,Architect,Read,True,Architecture,All
DOC-0799,user_004,Security Engineer,Read,True,Security,All
DOC-0799,user_005,Principal Engineer,Read,True,Data Engineering,Project Gamma
DOC-0799,user_006,DevOps Engineer,Read,True,DevOps,Core Infrastructure
DOC-0799,user_007,Junior Developer,Read,True,Engineering,Project Delta
DOC-0799,user_008,Engineering Manager,Read,True,Engineering,All
DOC-0800,user_001,Engineer,None,False,Engineering,Project Alpha
DOC-0800,user_002,Senior Engineer,None,False,Platform,Project Beta
DOC-0800,user_003,Architect,Read,True,Architecture,All
DOC-0800,user_004,Security Engineer,Read,True,Security,All
DOC-0800,user_005,Principal Engineer,None,False,Data Engineering,Project Gamma
DOC-0800,user_006,DevOps Engineer,None,False,DevOps,Core Infrastructure
DOC-0800,user_007,Junior Developer,None,False,Engineering,Project Delta
DOC-0800,user_008,Engineering Manager,None,False,Engineering,All
DOC-0801,user_001,Engineer,Read,True,Engineering,Project Alpha
DOC-0801,user_002,Senior Engineer,Read,True,Platform,Project Beta
DOC-0801,user_003,Architect,Read,True,Architecture,All
DOC-0801,user_004,Security Engineer,Read,True,Security,All
DOC-0801,user_005,Principal Engineer,Read,True,Data Engineering,Project Gamma
DOC-0801,user_006,DevOps Engineer,Read,True,DevOps,Core Infrastructure
DOC-0801,user_007,Junior Developer,Read,True,Engineering,Project Delta
DOC-0801,user_008,Engineering Manager,Read,True,Engineering,All
DOC-0802,user_001,Engineer,None,False,Engineering,Project Alpha
DOC-0802,user_002,Senior Engineer,None,False,Platform,Project Beta
DOC-0802,user_003,Architect,Read,True,Architecture,All
DOC-0802,user_004,Security Engineer,Read,True,Security,All
DOC-0802,user_005,Principal Engineer,Read,True,Data Engineering,Project Gamma
DOC-0802,user_006,DevOps Engineer,None,False,DevOps,Core Infrastructure
DOC-0802,user_007,Junior Developer,None,False,Engineering,Project Delta
DOC-0802,user_008,Engineering Manager,None,False,Engineering,All
DOC-0803,user_001,Engineer,Read,True,Engineering,Project Alpha
DOC-0803,user_002,Senior Engineer,None,False,Platform,Project Beta
DOC-0803,user_003,Architect,Read,True,Architecture,All
DOC-0803,user_004,Security Engineer,Read,True,Security,All
DOC-0803,user_005,Principal Engineer,None,False,Data Engineering,Project Gamma
DOC-0803,user_006,DevOps Engineer,None,False,DevOps,Core Infrastructure
DOC-0803,user_007,Junior Developer,None,False,Engineering,Project Delta
DOC-0803,user_008,Engineering Manager,None,False,Engineering,All
DOC-0804,user_001,Engineer,Read,True,Engineering,Project Alpha
DOC-0804,user_002,Senior Engineer,Read,True,Platform,Project Beta
DOC-0804,user_003,Architect,Read,True,Architecture,All
DOC-0804,user_004,Security Engineer,Read,True,Security,All
DOC-0804,user_005,Principal Engineer,Read,True,Data Engineering,Project Gamma
DOC-0804,user_006,DevOps Engineer,Read,True,DevOps,Core Infrastructure
DOC-0804,user_007,Junior Developer,Read,True,Engineering,Project Delta
DOC-0804,user_008,Engineering Manager,Read,True,Engineering,All
DOC-0805,user_001,Engineer,Read,True,Engineering,Project Alpha
DOC-0805,user_002,Senior Engineer,Read,True,Platform,Project Beta
DOC-0805,user_003,Architect,Read,True,Architecture,All
DOC-0805,user_004,Security Engineer,Read,True,Security,All
DOC-0805,user_005,Principal Engineer,Read,True,Data Engineering,Project Gamma
DOC-0805,user_006,DevOps Engineer,Read,True,DevOps,Core Infrastructure
DOC-0805,user_007,Junior Developer,Read,True,Engineering,Project Delta
DOC-0805,user_008,Engineering Manager,Read,True,Engineering,All
DOC-0806,user_001,Engineer,Read,True,Engineering,Project Alpha
DOC-0806,user_002,Senior Engineer,Read,True,Platform,Project Beta
DOC-0806,user_003,Architect,Read,True,Architecture,All
DOC-0806,user_004,Security Engineer,Read,True,Security,All
DOC-0806,user_005,Principal Engineer,Read,True,Data Engineering,Project Gamma
DOC-0806,user_006,DevOps Engineer,Read,True,DevOps,Core Infrastructure
DOC-0806,user_007,Junior Developer,Read,True,Engineering,Project Delta
DOC-0806,user_008,Engineering Manager,Read,True,Engineering,All
DOC-0807,user_001,Engineer,Read,True,Engineering,Project Alpha
DOC-0807,user_002,Senior Engineer,Read,True,Platform,Project Beta
DOC-0807,user_003,Architect,Read,True,Architecture,All
DOC-0807,user_004,Security Engineer,Read,True,Security,All
DOC-0807,user_005,Principal Engineer,Read,True,Data Engineering,Project Gamma
DOC-0807,user_006,DevOps Engineer,Read,True,DevOps,Core Infrastructure
DOC-0807,user_007,Junior Developer,Read,True,Engineering,Project Delta
DOC-0807,user_008,Engineering Manager,Read,True,Engineering,All
DOC-0808,user_001,Engineer,Read,True,Engineering,Project Alpha
DOC-0808,user_002,Senior Engineer,Read,True,Platform,Project Beta
DOC-0808,user_003,Architect,Read,True,Architecture,All
DOC-0808,user_004,Security Engineer,Read,True,Security,All
DOC-0808,user_005,Principal Engineer,Read,True,Data Engineering,Project Gamma
DOC-0808,user_006,DevOps Engineer,Read,True,DevOps,Core Infrastructure
DOC-0808,user_007,Junior Developer,Read,True,Engineering,Project Delta
DOC-0808,user_008,Engineering Manager,Read,True,Engineering,All
DOC-0809,user_001,Engineer,Read,True,Engineering,Project Alpha
DOC-0809,user_002,Senior Engineer,Read,True,Platform,Project Beta
DOC-0809,user_003,Architect,Read,True,Architecture,All
DOC-0809,user_004,Security Engineer,Read,True,Security,All
DOC-0809,user_005,Principal Engineer,Read,True,Data Engineering,Project Gamma
DOC-0809,user_006,DevOps Engineer,Read,True,DevOps,Core Infrastructure
DOC-0809,user_007,Junior Developer,Read,True,Engineering,Project Delta
DOC-0809,user_008,Engineering Manager,Read,True,Engineering,All
DOC-0810,user_001,Engineer,None,False,Engineering,Project Alpha
DOC-0810,user_002,Senior Engineer,None,False,Platform,Project Beta
DOC-0810,user_003,Architect,Read,True,Architecture,All
DOC-0810,user_004,Security Engineer,Read,True,Security,All
DOC-0810,user_005,Principal Engineer,None,False,Data Engineering,Project Gamma
DOC-0810,user_006,DevOps Engineer,None,False,DevOps,Core Infrastructure
DOC-0810,user_007,Junior Developer,None,False,Engineering,Project Delta
DOC-0810,user_008,Engineering Manager,None,False,Engineering,All
DOC-0811,user_001,Engineer,Read,True,Engineering,Project Alpha
DOC-0811,user_002,Senior Engineer,Read,True,Platform,Project Beta
DOC-0811,user_003,Architect,Read,True,Architecture,All
DOC-0811,user_004,Security Engineer,Read,True,Security,All
DOC-0811,user_005,Principal Engineer,Read,True,Data Engineering,Project Gamma
DOC-0811,user_006,DevOps Engineer,Read,True,DevOps,Core Infrastructure
DOC-0811,user_007,Junior Developer,Read,True,Engineering,Project Delta
DOC-0811,user_008,Engineering Manager,Read,True,Engineering,All
DOC-0812,user_001,Engineer,Read,True,Engineering,Project Alpha
DOC-0812,user_002,Senior Engineer,Read,True,Platform,Project Beta
DOC-0812,user_003,Architect,Read,True,Architecture,All
DOC-0812,user_004,Security Engineer,Read,True,Security,All
DOC-0812,user_005,Principal Engineer,Read,True,Data Engineering,Project Gamma
DOC-0812,user_006,DevOps Engineer,Read,True,DevOps,Core Infrastructure
DOC-0812,user_007,Junior Developer,Read,True,Engineering,Project Delta
DOC-0812,user_008,Engineering Manager,Read,True,Engineering,All
DOC-0813,user_001,Engineer,None,False,Engineering,Project Alpha
DOC-0813,user_002,Senior Engineer,None,False,Platform,Project Beta
DOC-0813,user_003,Architect,Read,True,Architecture,All
DOC-0813,user_004,Security Engineer,Read,True,Security,All
DOC-0813,user_005,Principal Engineer,None,False,Data Engineering,Project Gamma
DOC-0813,user_006,DevOps Engineer,None,False,DevOps,Core Infrastructure
DOC-0813,user_007,Junior Developer,None,False,Engineering,Project Delta
DOC-0813,user_008,Engineering Manager,None,False,Engineering,All
DOC-0814,user_001,Engineer,None,False,Engineering,Project Alpha
DOC-0814,user_002,Senior Engineer,None,False,Platform,Project Beta
DOC-0814,user_003,Architect,Read,True,Architecture,All
DOC-0814,user_004,Security Engineer,Read,True,Security,All
DOC-0814,user_005,Principal Engineer,None,False,Data Engineering,Project Gamma
DOC-0814,user_006,DevOps Engineer,Read,True,DevOps,Core Infrastructure
DOC-0814,user_007,Junior Developer,None,False,Engineering,Project Delta
DOC-0814,user_008,Engineering Manager,None,False,Engineering,All
DOC-0815,user_001,Engineer,None,False,Engineering,Project Alpha
DOC-0815,user_002,Senior Engineer,None,False,Platform,Project Beta
DOC-0815,user_003,Architect,Read,True,Architecture,All
DOC-0815,user_004,Security Engineer,Read,True,Security,All
DOC-0815,user_005,Principal Engineer,None,False,Data Engineering,Project Gamma
DOC-0815,user_006,DevOps Engineer,None,False,DevOps,Core Infrastructure
DOC-0815,user_007,Junior Developer,None,False,Engineering,Project Delta
DOC-0815,user_008,Engineering Manager,None,False,Engineering,All
DOC-0816,user_001,Engineer,Read,True,Engineering,Project Alpha
DOC-0816,user_002,Senior Engineer,None,False,Platform,Project Beta
DOC-0816,user_003,Architect,Read,True,Architecture,All
DOC-0816,user_004,Security Engineer,Read,True,Security,All
DOC-0816,user_005,Principal Engineer,None,False,Data Engineering,Project Gamma
DOC-0816,user_006,DevOps Engineer,None,False,DevOps,Core Infrastructure
DOC-0816,user_007,Junior Developer,None,False,Engineering,Project Delta
DOC-0816,user_008,Engineering Manager,None,False,Engineering,All
DOC-0817,user_001,Engineer,None,False,Engineering,Project Alpha
DOC-0817,user_002,Senior Engineer,None,False,Platform,Project Beta
DOC-0817,user_003,Architect,Read,True,Architecture,All
DOC-0817,user_004,Security Engineer,Read,True,Security,All
DOC-0817,user_005,Principal Engineer,None,False,Data Engineering,Project Gamma
DOC-0817,user_006,DevOps Engineer,Read,True,DevOps,Core Infrastructure
DOC-0817,user_007,Junior Developer,None,False,Engineering,Project Delta
DOC-0817,user_008,Engineering Manager,None,False,Engineering,All
DOC-0818,user_001,Engineer,Read,True,Engineering,Project Alpha
DOC-0818,user_002,Senior Engineer,Read,True,Platform,Project Beta
DOC-0818,user_003,Architect,Read,True,Architecture,All
DOC-0818,user_004,Security Engineer,Read,True,Security,All
DOC-0818,user_005,Principal Engineer,Read,True,Data Engineering,Project Gamma
DOC-0818,user_006,DevOps Engineer,Read,True,DevOps,Core Infrastructure
DOC-0818,user_007,Junior Developer,Read,True,Engineering,Project Delta
DOC-0818,user_008,Engineering Manager,Read,True,Engineering,All
DOC-0819,user_001,Engineer,Read,True,Engineering,Project Alpha
DOC-0819,user_002,Senior Engineer,Read,True,Platform,Project Beta
DOC-0819,user_003,Architect,Read,True,Architecture,All
DOC-0819,user_004,Security Engineer,Read,True,Security,All
DOC-0819,user_005,Principal Engineer,Read,True,Data Engineering,Project Gamma
DOC-0819,user_006,DevOps Engineer,Read,True,DevOps,Core Infrastructure
DOC-0819,user_007,Junior Developer,Read,True,Engineering,Project Delta
DOC-0819,user_008,Engineering Manager,Read,True,Engineering,All
DOC-0820,user_001,Engineer,Read,True,Engineering,Project Alpha
DOC-0820,user_002,Senior Engineer,Read,True,Platform,Project Beta
DOC-0820,user_003,Architect,Read,True,Architecture,All
DOC-0820,user_004,Security Engineer,Read,True,Security,All
DOC-0820,user_005,Principal Engineer,Read,True,Data Engineering,Project Gamma
DOC-0820,user_006,DevOps Engineer,Read,True,DevOps,Core Infrastructure
DOC-0820,user_007,Junior Developer,Read,True,Engineering,Project Delta
DOC-0820,user_008,Engineering Manager,Read,True,Engineering,All
DOC-0821,user_001,Engineer,None,False,Engineering,Project Alpha
DOC-0821,user_002,Senior Engineer,None,False,Platform,Project Beta
DOC-0821,user_003,Architect,Read,True,Architecture,All
DOC-0821,user_004,Security Engineer,Read,True,Security,All
DOC-0821,user_005,Principal Engineer,None,False,Data Engineering,Project Gamma
DOC-0821,user_006,DevOps Engineer,None,False,DevOps,Core Infrastructure
DOC-0821,user_007,Junior Developer,None,False,Engineering,Project Delta
DOC-0821,user_008,Engineering Manager,None,False,Engineering,All
DOC-0822,user_001,Engineer,Read,True,Engineering,Project Alpha
DOC-0822,user_002,Senior Engineer,Read,True,Platform,Project Beta
DOC-0822,user_003,Architect,Read,True,Architecture,All
DOC-0822,user_004,Security Engineer,Read,True,Security,All
DOC-0822,user_005,Principal Engineer,Read,True,Data Engineering,Project Gamma
DOC-0822,user_006,DevOps Engineer,Read,True,DevOps,Core Infrastructure
DOC-0822,user_007,Junior Developer,Read,True,Engineering,Project Delta
DOC-0822,user_008,Engineering Manager,Read,True,Engineering,All
DOC-0823,user_001,Engineer,None,False,Engineering,Project Alpha
DOC-0823,user_002,Senior Engineer,None,False,Platform,Project Beta
DOC-0823,user_003,Architect,Read,True,Architecture,All
DOC-0823,user_004,Security Engineer,Read,True,Security,All
DOC-0823,user_005,Principal Engineer,None,False,Data Engineering,Project Gamma
DOC-0823,user_006,DevOps Engineer,Read,True,DevOps,Core Infrastructure
DOC-0823,user_007,Junior Developer,None,False,Engineering,Project Delta
DOC-0823,user_008,Engineering Manager,None,False,Engineering,All
DOC-0824,user_001,Engineer,Read,True,Engineering,Project Alpha
DOC-0824,user_002,Senior Engineer,Read,True,Platform,Project Beta
DOC-0824,user_003,Architect,Read,True,Architecture,All
DOC-0824,user_004,Security Engineer,Read,True,Security,All
DOC-0824,user_005,Principal Engineer,Read,True,Data Engineering,Project Gamma
DOC-0824,user_006,DevOps Engineer,Read,True,DevOps,Core Infrastructure
DOC-0824,user_007,Junior Developer,Read,True,Engineering,Project Delta
DOC-0824,user_008,Engineering Manager,Read,True,Engineering,All
DOC-0825,user_001,Engineer,Read,True,Engineering,Project Alpha
DOC-0825,user_002,Senior Engineer,Read,True,Platform,Project Beta
DOC-0825,user_003,Architect,Read,True,Architecture,All
DOC-0825,user_004,Security Engineer,Read,True,Security,All
DOC-0825,user_005,Principal Engineer,Read,True,Data Engineering,Project Gamma
DOC-0825,user_006,DevOps Engineer,Read,True,DevOps,Core Infrastructure
DOC-0825,user_007,Junior Developer,Read,True,Engineering,Project Delta
DOC-0825,user_008,Engineering Manager,Read,True,Engineering,All
DOC-0826,user_001,Engineer,None,False,Engineering,Project Alpha
DOC-0826,user_002,Senior Engineer,None,False,Platform,Project Beta
DOC-0826,user_003,Architect,Read,True,Architecture,All
DOC-0826,user_004,Security Engineer,Read,True,Security,All
DOC-0826,user_005,Principal Engineer,None,False,Data Engineering,Project Gamma
DOC-0826,user_006,DevOps Engineer,None,False,DevOps,Core Infrastructure
DOC-0826,user_007,Junior Developer,Read,True,Engineering,Project Delta
DOC-0826,user_008,Engineering Manager,None,False,Engineering,All
DOC-0827,user_001,Engineer,Read,True,Engineering,Project Alpha
DOC-0827,user_002,Senior Engineer,Read,True,Platform,Project Beta
DOC-0827,user_003,Architect,Read,True,Architecture,All
DOC-0827,user_004,Security Engineer,Read,True,Security,All
DOC-0827,user_005,Principal Engineer,Read,True,Data Engineering,Project Gamma
DOC-0827,user_006,DevOps Engineer,Read,True,DevOps,Core Infrastructure
DOC-0827,user_007,Junior Developer,Read,True,Engineering,Project Delta
DOC-0827,user_008,Engineering Manager,Read,True,Engineering,All
DOC-0828,user_001,Engineer,None,False,Engineering,Project Alpha
DOC-0828,user_002,Senior Engineer,None,False,Platform,Project Beta
DOC-0828,user_003,Architect,Read,True,Architecture,All
DOC-0828,user_004,Security Engineer,Read,True,Security,All
DOC-0828,user_005,Principal Engineer,Read,True,Data Engineering,Project Gamma
DOC-0828,user_006,DevOps Engineer,None,False,DevOps,Core Infrastructure
DOC-0828,user_007,Junior Developer,None,False,Engineering,Project Delta
DOC-0828,user_008,Engineering Manager,None,False,Engineering,All
DOC-0829,user_001,Engineer,None,False,Engineering,Project Alpha
DOC-0829,user_002,Senior Engineer,None,False,Platform,Project Beta
DOC-0829,user_003,Architect,Read,True,Architecture,All
DOC-0829,user_004,Security Engineer,Read,True,Security,All
DOC-0829,user_005,Principal Engineer,None,False,Data Engineering,Project Gamma
DOC-0829,user_006,DevOps Engineer,None,False,DevOps,Core Infrastructure
DOC-0829,user_007,Junior Developer,None,False,Engineering,Project Delta
DOC-0829,user_008,Engineering Manager,None,False,Engineering,All
DOC-0830,user_001,Engineer,None,False,Engineering,Project Alpha
DOC-0830,user_002,Senior Engineer,None,False,Platform,Project Beta
DOC-0830,user_003,Architect,Read,True,Architecture,All
DOC-0830,user_004,Security Engineer,Read,True,Security,All
DOC-0830,user_005,Principal Engineer,None,False,Data Engineering,Project Gamma
DOC-0830,user_006,DevOps Engineer,Read,True,DevOps,Core Infrastructure
DOC-0830,user_007,Junior Developer,None,False,Engineering,Project Delta
DOC-0830,user_008,Engineering Manager,None,False,Engineering,All
DOC-0831,user_001,Engineer,None,False,Engineering,Project Alpha
DOC-0831,user_002,Senior Engineer,None,False,Platform,Project Beta
DOC-0831,user_003,Architect,Read,True,Architecture,All
DOC-0831,user_004,Security Engineer,Read,True,Security,All
DOC-0831,user_005,Principal Engineer,None,False,Data Engineering,Project Gamma
DOC-0831,user_006,DevOps Engineer,None,False,DevOps,Core Infrastructure
DOC-0831,user_007,Junior Developer,None,False,Engineering,Project Delta
DOC-0831,user_008,Engineering Manager,None,False,Engineering,All
DOC-0832,user_001,Engineer,None,False,Engineering,Project Alpha
DOC-0832,user_002,Senior Engineer,None,False,Platform,Project Beta
DOC-0832,user_003,Architect,Read,True,Architecture,All
DOC-0832,user_004,Security Engineer,Read,True,Security,All
DOC-0832,user_005,Principal Engineer,Read,True,Data Engineering,Project Gamma
DOC-0832,user_006,DevOps Engineer,None,False,DevOps,Core Infrastructure
DOC-0832,user_007,Junior Developer,None,False,Engineering,Project Delta
DOC-0832,user_008,Engineering Manager,None,False,Engineering,All
DOC-0833,user_001,Engineer,None,False,Engineering,Project Alpha
DOC-0833,user_002,Senior Engineer,None,False,Platform,Project Beta
DOC-0833,user_003,Architect,Read,True,Architecture,All
DOC-0833,user_004,Security Engineer,Read,True,Security,All
DOC-0833,user_005,Principal Engineer,Read,True,Data Engineering,Project Gamma
DOC-0833,user_006,DevOps Engineer,None,False,DevOps,Core Infrastructure
DOC-0833,user_007,Junior Developer,None,False,Engineering,Project Delta
DOC-0833,user_008,Engineering Manager,None,False,Engineering,All
DOC-0834,user_001,Engineer,None,False,Engineering,Project Alpha
DOC-0834,user_002,Senior Engineer,None,False,Platform,Project Beta
DOC-0834,user_003,Architect,Read,True,Architecture,All
DOC-0834,user_004,Security Engineer,Read,True,Security,All
DOC-0834,user_005,Principal Engineer,None,False,Data Engineering,Project Gamma
DOC-0834,user_006,DevOps Engineer,Read,True,DevOps,Core Infrastructure
DOC-0834,user_007,Junior Developer,None,False,Engineering,Project Delta
DOC-0834,user_008,Engineering Manager,None,False,Engineering,All
DOC-0835,user_001,Engineer,Read,True,Engineering,Project Alpha
DOC-0835,user_002,Senior Engineer,Read,True,Platform,Project Beta
DOC-0835,user_003,Architect,Read,True,Architecture,All
DOC-0835,user_004,Security Engineer,Read,True,Security,All
DOC-0835,user_005,Principal Engineer,Read,True,Data Engineering,Project Gamma
DOC-0835,user_006,DevOps Engineer,Read,True,DevOps,Core Infrastructure
DOC-0835,user_007,Junior Developer,Read,True,Engineering,Project Delta
DOC-0835,user_008,Engineering Manager,Read,True,Engineering,All
DOC-0836,user_001,Engineer,None,False,Engineering,Project Alpha
DOC-0836,user_002,Senior Engineer,None,False,Platform,Project Beta
DOC-0836,user_003,Architect,Read,True,Architecture,All
DOC-0836,user_004,Security Engineer,Read,True,Security,All
DOC-0836,user_005,Principal Engineer,Read,True,Data Engineering,Project Gamma
DOC-0836,user_006,DevOps Engineer,None,False,DevOps,Core Infrastructure
DOC-0836,user_007,Junior Developer,None,False,Engineering,Project Delta
DOC-0836,user_008,Engineering Manager,None,False,Engineering,All
DOC-0837,user_001,Engineer,Read,True,Engineering,Project Alpha
DOC-0837,user_002,Senior Engineer,Read,True,Platform,Project Beta
DOC-0837,user_003,Architect,Read,True,Architecture,All
DOC-0837,user_004,Security Engineer,Read,True,Security,All
DOC-0837,user_005,Principal Engineer,Read,True,Data Engineering,Project Gamma
DOC-0837,user_006,DevOps Engineer,Read,True,DevOps,Core Infrastructure
DOC-0837,user_007,Junior Developer,Read,True,Engineering,Project Delta
DOC-0837,user_008,Engineering Manager,Read,True,Engineering,All
DOC-0838,user_001,Engineer,None,False,Engineering,Project Alpha
DOC-0838,user_002,Senior Engineer,None,False,Platform,Project Beta
DOC-0838,user_003,Architect,Read,True,Architecture,All
DOC-0838,user_004,Security Engineer,Read,True,Security,All
DOC-0838,user_005,Principal Engineer,None,False,Data Engineering,Project Gamma
DOC-0838,user_006,DevOps Engineer,None,False,DevOps,Core Infrastructure
DOC-0838,user_007,Junior Developer,None,False,Engineering,Project Delta
DOC-0838,user_008,Engineering Manager,None,False,Engineering,All
DOC-0839,user_001,Engineer,Read,True,Engineering,Project Alpha
DOC-0839,user_002,Senior Engineer,Read,True,Platform,Project Beta
DOC-0839,user_003,Architect,Read,True,Architecture,All
DOC-0839,user_004,Security Engineer,Read,True,Security,All
DOC-0839,user_005,Principal Engineer,Read,True,Data Engineering,Project Gamma
DOC-0839,user_006,DevOps Engineer,Read,True,DevOps,Core Infrastructure
DOC-0839,user_007,Junior Developer,Read,True,Engineering,Project Delta
DOC-0839,user_008,Engineering Manager,Read,True,Engineering,All
DOC-0840,user_001,Engineer,Read,True,Engineering,Project Alpha
DOC-0840,user_002,Senior Engineer,Read,True,Platform,Project Beta
DOC-0840,user_003,Architect,Read,True,Architecture,All
DOC-0840,user_004,Security Engineer,Read,True,Security,All
DOC-0840,user_005,Principal Engineer,Read,True,Data Engineering,Project Gamma
DOC-0840,user_006,DevOps Engineer,Read,True,DevOps,Core Infrastructure
DOC-0840,user_007,Junior Developer,Read,True,Engineering,Project Delta
DOC-0840,user_008,Engineering Manager,Read,True,Engineering,All
DOC-0841,user_001,Engineer,Read,True,Engineering,Project Alpha
DOC-0841,user_002,Senior Engineer,None,False,Platform,Project Beta
DOC-0841,user_003,Architect,Read,True,Architecture,All
DOC-0841,user_004,Security Engineer,Read,True,Security,All
DOC-0841,user_005,Principal Engineer,None,False,Data Engineering,Project Gamma
DOC-0841,user_006,DevOps Engineer,None,False,DevOps,Core Infrastructure
DOC-0841,user_007,Junior Developer,None,False,Engineering,Project Delta
DOC-0841,user_008,Engineering Manager,None,False,Engineering,All
DOC-0842,user_001,Engineer,None,False,Engineering,Project Alpha
DOC-0842,user_002,Senior Engineer,None,False,Platform,Project Beta
DOC-0842,user_003,Architect,Read,True,Architecture,All
DOC-0842,user_004,Security Engineer,Read,True,Security,All
DOC-0842,user_005,Principal Engineer,Read,True,Data Engineering,Project Gamma
DOC-0842,user_006,DevOps Engineer,None,False,DevOps,Core Infrastructure
DOC-0842,user_007,Junior Developer,None,False,Engineering,Project Delta
DOC-0842,user_008,Engineering Manager,None,False,Engineering,All
DOC-0843,user_001,Engineer,Read,True,Engineering,Project Alpha
DOC-0843,user_002,Senior Engineer,Read,True,Platform,Project Beta
DOC-0843,user_003,Architect,Read,True,Architecture,All
DOC-0843,user_004,Security Engineer,Read,True,Security,All
DOC-0843,user_005,Principal Engineer,Read,True,Data Engineering,Project Gamma
DOC-0843,user_006,DevOps Engineer,Read,True,DevOps,Core Infrastructure
DOC-0843,user_007,Junior Developer,Read,True,Engineering,Project Delta
DOC-0843,user_008,Engineering Manager,Read,True,Engineering,All
DOC-0844,user_001,Engineer,None,False,Engineering,Project Alpha
DOC-0844,user_002,Senior Engineer,None,False,Platform,Project Beta
DOC-0844,user_003,Architect,Read,True,Architecture,All
DOC-0844,user_004,Security Engineer,Read,True,Security,All
DOC-0844,user_005,Principal Engineer,None,False,Data Engineering,Project Gamma
DOC-0844,user_006,DevOps Engineer,None,False,DevOps,Core Infrastructure
DOC-0844,user_007,Junior Developer,None,False,Engineering,Project Delta
DOC-0844,user_008,Engineering Manager,None,False,Engineering,All
DOC-0845,user_001,Engineer,Read,True,Engineering,Project Alpha
DOC-0845,user_002,Senior Engineer,Read,True,Platform,Project Beta
DOC-0845,user_003,Architect,Read,True,Architecture,All
DOC-0845,user_004,Security Engineer,Read,True,Security,All
DOC-0845,user_005,Principal Engineer,Read,True,Data Engineering,Project Gamma
DOC-0845,user_006,DevOps Engineer,Read,True,DevOps,Core Infrastructure
DOC-0845,user_007,Junior Developer,Read,True,Engineering,Project Delta
DOC-0845,user_008,Engineering Manager,Read,True,Engineering,All
DOC-0846,user_001,Engineer,None,False,Engineering,Project Alpha
DOC-0846,user_002,Senior Engineer,None,False,Platform,Project Beta
DOC-0846,user_003,Architect,Read,True,Architecture,All
DOC-0846,user_004,Security Engineer,Read,True,Security,All
DOC-0846,user_005,Principal Engineer,Read,True,Data Engineering,Project Gamma
DOC-0846,user_006,DevOps Engineer,None,False,DevOps,Core Infrastructure
DOC-0846,user_007,Junior Developer,None,False,Engineering,Project Delta
DOC-0846,user_008,Engineering Manager,None,False,Engineering,All
DOC-0847,user_001,Engineer,Read,True,Engineering,Project Alpha
DOC-0847,user_002,Senior Engineer,Read,True,Platform,Project Beta
DOC-0847,user_003,Architect,Read,True,Architecture,All
DOC-0847,user_004,Security Engineer,Read,True,Security,All
DOC-0847,user_005,Principal Engineer,Read,True,Data Engineering,Project Gamma
DOC-0847,user_006,DevOps Engineer,Read,True,DevOps,Core Infrastructure
DOC-0847,user_007,Junior Developer,Read,True,Engineering,Project Delta
DOC-0847,user_008,Engineering Manager,Read,True,Engineering,All
DOC-0848,user_001,Engineer,Read,True,Engineering,Project Alpha
DOC-0848,user_002,Senior Engineer,None,False,Platform,Project Beta
DOC-0848,user_003,Architect,Read,True,Architecture,All
DOC-0848,user_004,Security Engineer,Read,True,Security,All
DOC-0848,user_005,Principal Engineer,None,False,Data Engineering,Project Gamma
DOC-0848,user_006,DevOps Engineer,None,False,DevOps,Core Infrastructure
DOC-0848,user_007,Junior Developer,None,False,Engineering,Project Delta
DOC-0848,user_008,Engineering Manager,None,False,Engineering,All
DOC-0849,user_001,Engineer,Read,True,Engineering,Project Alpha
DOC-0849,user_002,Senior Engineer,Read,True,Platform,Project Beta
DOC-0849,user_003,Architect,Read,True,Architecture,All
DOC-0849,user_004,Security Engineer,Read,True,Security,All
DOC-0849,user_005,Principal Engineer,Read,True,Data Engineering,Project Gamma
DOC-0849,user_006,DevOps Engineer,Read,True,DevOps,Core Infrastructure
DOC-0849,user_007,Junior Developer,Read,True,Engineering,Project Delta
DOC-0849,user_008,Engineering Manager,Read,True,Engineering,All
DOC-0850,user_001,Engineer,None,False,Engineering,Project Alpha
DOC-0850,user_002,Senior Engineer,None,False,Platform,Project Beta
DOC-0850,user_003,Architect,Read,True,Architecture,All
DOC-0850,user_004,Security Engineer,Read,True,Security,All
DOC-0850,user_005,Principal Engineer,None,False,Data Engineering,Project Gamma
DOC-0850,user_006,DevOps Engineer,Read,True,DevOps,Core Infrastructure
DOC-0850,user_007,Junior Developer,None,False,Engineering,Project Delta
DOC-0850,user_008,Engineering Manager,None,False,Engineering,All
DOC-0851,user_001,Engineer,None,False,Engineering,Project Alpha
DOC-0851,user_002,Senior Engineer,Read,True,Platform,Project Beta
DOC-0851,user_003,Architect,Read,True,Architecture,All
DOC-0851,user_004,Security Engineer,Read,True,Security,All
DOC-0851,user_005,Principal Engineer,None,False,Data Engineering,Project Gamma
DOC-0851,user_006,DevOps Engineer,None,False,DevOps,Core Infrastructure
DOC-0851,user_007,Junior Developer,None,False,Engineering,Project Delta
DOC-0851,user_008,Engineering Manager,None,False,Engineering,All
DOC-0852,user_001,Engineer,None,False,Engineering,Project Alpha
DOC-0852,user_002,Senior Engineer,None,False,Platform,Project Beta
DOC-0852,user_003,Architect,Read,True,Architecture,All
DOC-0852,user_004,Security Engineer,Read,True,Security,All
DOC-0852,user_005,Principal Engineer,None,False,Data Engineering,Project Gamma
DOC-0852,user_006,DevOps Engineer,None,False,DevOps,Core Infrastructure
DOC-0852,user_007,Junior Developer,None,False,Engineering,Project Delta
DOC-0852,user_008,Engineering Manager,None,False,Engineering,All
DOC-0853,user_001,Engineer,Read,True,Engineering,Project Alpha
DOC-0853,user_002,Senior Engineer,Read,True,Platform,Project Beta
DOC-0853,user_003,Architect,Read,True,Architecture,All
DOC-0853,user_004,Security Engineer,Read,True,Security,All
DOC-0853,user_005,Principal Engineer,Read,True,Data Engineering,Project Gamma
DOC-0853,user_006,DevOps Engineer,Read,True,DevOps,Core Infrastructure
DOC-0853,user_007,Junior Developer,Read,True,Engineering,Project Delta
DOC-0853,user_008,Engineering Manager,Read,True,Engineering,All
DOC-0854,user_001,Engineer,Read,True,Engineering,Project Alpha
DOC-0854,user_002,Senior Engineer,Read,True,Platform,Project Beta
DOC-0854,user_003,Architect,Read,True,Architecture,All
DOC-0854,user_004,Security Engineer,Read,True,Security,All
DOC-0854,user_005,Principal Engineer,Read,True,Data Engineering,Project Gamma
DOC-0854,user_006,DevOps Engineer,Read,True,DevOps,Core Infrastructure
DOC-0854,user_007,Junior Developer,Read,True,Engineering,Project Delta
DOC-0854,user_008,Engineering Manager,Read,True,Engineering,All
DOC-0855,user_001,Engineer,None,False,Engineering,Project Alpha
DOC-0855,user_002,Senior Engineer,None,False,Platform,Project Beta
DOC-0855,user_003,Architect,Read,True,Architecture,All
DOC-0855,user_004,Security Engineer,Read,True,Security,All
DOC-0855,user_005,Principal Engineer,None,False,Data Engineering,Project Gamma
DOC-0855,user_006,DevOps Engineer,Read,True,DevOps,Core Infrastructure
DOC-0855,user_007,Junior Developer,None,False,Engineering,Project Delta
DOC-0855,user_008,Engineering Manager,None,False,Engineering,All
DOC-0856,user_001,Engineer,Read,True,Engineering,Project Alpha
DOC-0856,user_002,Senior Engineer,Read,True,Platform,Project Beta
DOC-0856,user_003,Architect,Read,True,Architecture,All
DOC-0856,user_004,Security Engineer,Read,True,Security,All
DOC-0856,user_005,Principal Engineer,Read,True,Data Engineering,Project Gamma
DOC-0856,user_006,DevOps Engineer,Read,True,DevOps,Core Infrastructure
DOC-0856,user_007,Junior Developer,Read,True,Engineering,Project Delta
DOC-0856,user_008,Engineering Manager,Read,True,Engineering,All
DOC-0857,user_001,Engineer,Read,True,Engineering,Project Alpha
DOC-0857,user_002,Senior Engineer,None,False,Platform,Project Beta
DOC-0857,user_003,Architect,Read,True,Architecture,All
DOC-0857,user_004,Security Engineer,Read,True,Security,All
DOC-0857,user_005,Principal Engineer,None,False,Data Engineering,Project Gamma
DOC-0857,user_006,DevOps Engineer,None,False,DevOps,Core Infrastructure
DOC-0857,user_007,Junior Developer,None,False,Engineering,Project Delta
DOC-0857,user_008,Engineering Manager,None,False,Engineering,All
DOC-0858,user_001,Engineer,None,False,Engineering,Project Alpha
DOC-0858,user_002,Senior Engineer,None,False,Platform,Project Beta
DOC-0858,user_003,Architect,Read,True,Architecture,All
DOC-0858,user_004,Security Engineer,Read,True,Security,All
DOC-0858,user_005,Principal Engineer,Read,True,Data Engineering,Project Gamma
DOC-0858,user_006,DevOps Engineer,None,False,DevOps,Core Infrastructure
DOC-0858,user_007,Junior Developer,None,False,Engineering,Project Delta
DOC-0858,user_008,Engineering Manager,None,False,Engineering,All
DOC-0859,user_001,Engineer,None,False,Engineering,Project Alpha
DOC-0859,user_002,Senior Engineer,Read,True,Platform,Project Beta
DOC-0859,user_003,Architect,Read,True,Architecture,All
DOC-0859,user_004,Security Engineer,Read,True,Security,All
DOC-0859,user_005,Principal Engineer,None,False,Data Engineering,Project Gamma
DOC-0859,user_006,DevOps Engineer,None,False,DevOps,Core Infrastructure
DOC-0859,user_007,Junior Developer,None,False,Engineering,Project Delta
DOC-0859,user_008,Engineering Manager,None,False,Engineering,All
DOC-0860,user_001,Engineer,Read,True,Engineering,Project Alpha
DOC-0860,user_002,Senior Engineer,Read,True,Platform,Project Beta
DOC-0860,user_003,Architect,Read,True,Architecture,All
DOC-0860,user_004,Security Engineer,Read,True,Security,All
DOC-0860,user_005,Principal Engineer,Read,True,Data Engineering,Project Gamma
DOC-0860,user_006,DevOps Engineer,Read,True,DevOps,Core Infrastructure
DOC-0860,user_007,Junior Developer,Read,True,Engineering,Project Delta
DOC-0860,user_008,Engineering Manager,Read,True,Engineering,All
DOC-0861,user_001,Engineer,Read,True,Engineering,Project Alpha
DOC-0861,user_002,Senior Engineer,Read,True,Platform,Project Beta
DOC-0861,user_003,Architect,Read,True,Architecture,All
DOC-0861,user_004,Security Engineer,Read,True,Security,All
DOC-0861,user_005,Principal Engineer,Read,True,Data Engineering,Project Gamma
DOC-0861,user_006,DevOps Engineer,Read,True,DevOps,Core Infrastructure
DOC-0861,user_007,Junior Developer,Read,True,Engineering,Project Delta
DOC-0861,user_008,Engineering Manager,Read,True,Engineering,All
DOC-0862,user_001,Engineer,None,False,Engineering,Project Alpha
DOC-0862,user_002,Senior Engineer,None,False,Platform,Project Beta
DOC-0862,user_003,Architect,Read,True,Architecture,All
DOC-0862,user_004,Security Engineer,Read,True,Security,All
DOC-0862,user_005,Principal Engineer,Read,True,Data Engineering,Project Gamma
DOC-0862,user_006,DevOps Engineer,None,False,DevOps,Core Infrastructure
DOC-0862,user_007,Junior Developer,None,False,Engineering,Project Delta
DOC-0862,user_008,Engineering Manager,None,False,Engineering,All
DOC-0863,user_001,Engineer,None,False,Engineering,Project Alpha
DOC-0863,user_002,Senior Engineer,None,False,Platform,Project Beta
DOC-0863,user_003,Architect,Read,True,Architecture,All
DOC-0863,user_004,Security Engineer,Read,True,Security,All
DOC-0863,user_005,Principal Engineer,Read,True,Data Engineering,Project Gamma
DOC-0863,user_006,DevOps Engineer,None,False,DevOps,Core Infrastructure
DOC-0863,user_007,Junior Developer,None,False,Engineering,Project Delta
DOC-0863,user_008,Engineering Manager,None,False,Engineering,All
DOC-0864,user_001,Engineer,None,False,Engineering,Project Alpha
DOC-0864,user_002,Senior Engineer,None,False,Platform,Project Beta
DOC-0864,user_003,Architect,Read,True,Architecture,All
DOC-0864,user_004,Security Engineer,Read,True,Security,All
DOC-0864,user_005,Principal Engineer,None,False,Data Engineering,Project Gamma
DOC-0864,user_006,DevOps Engineer,Read,True,DevOps,Core Infrastructure
DOC-0864,user_007,Junior Developer,None,False,Engineering,Project Delta
DOC-0864,user_008,Engineering Manager,None,False,Engineering,All
DOC-0865,user_001,Engineer,None,False,Engineering,Project Alpha
DOC-0865,user_002,Senior Engineer,None,False,Platform,Project Beta
DOC-0865,user_003,Architect,Read,True,Architecture,All
DOC-0865,user_004,Security Engineer,Read,True,Security,All
DOC-0865,user_005,Principal Engineer,Read,True,Data Engineering,Project Gamma
DOC-0865,user_006,DevOps Engineer,None,False,DevOps,Core Infrastructure
DOC-0865,user_007,Junior Developer,None,False,Engineering,Project Delta
DOC-0865,user_008,Engineering Manager,None,False,Engineering,All
DOC-0866,user_001,Engineer,Read,True,Engineering,Project Alpha
DOC-0866,user_002,Senior Engineer,Read,True,Platform,Project Beta
DOC-0866,user_003,Architect,Read,True,Architecture,All
DOC-0866,user_004,Security Engineer,Read,True,Security,All
DOC-0866,user_005,Principal Engineer,Read,True,Data Engineering,Project Gamma
DOC-0866,user_006,DevOps Engineer,Read,True,DevOps,Core Infrastructure
DOC-0866,user_007,Junior Developer,Read,True,Engineering,Project Delta
DOC-0866,user_008,Engineering Manager,Read,True,Engineering,All
DOC-0867,user_001,Engineer,Read,True,Engineering,Project Alpha
DOC-0867,user_002,Senior Engineer,None,False,Platform,Project Beta
DOC-0867,user_003,Architect,Read,True,Architecture,All
DOC-0867,user_004,Security Engineer,Read,True,Security,All
DOC-0867,user_005,Principal Engineer,None,False,Data Engineering,Project Gamma
DOC-0867,user_006,DevOps Engineer,None,False,DevOps,Core Infrastructure
DOC-0867,user_007,Junior Developer,None,False,Engineering,Project Delta
DOC-0867,user_008,Engineering Manager,None,False,Engineering,All
DOC-0868,user_001,Engineer,None,False,Engineering,Project Alpha
DOC-0868,user_002,Senior Engineer,None,False,Platform,Project Beta
DOC-0868,user_003,Architect,Read,True,Architecture,All
DOC-0868,user_004,Security Engineer,Read,True,Security,All
DOC-0868,user_005,Principal Engineer,None,False,Data Engineering,Project Gamma
DOC-0868,user_006,DevOps Engineer,None,False,DevOps,Core Infrastructure
DOC-0868,user_007,Junior Developer,Read,True,Engineering,Project Delta
DOC-0868,user_008,Engineering Manager,None,False,Engineering,All
DOC-0869,user_001,Engineer,Read,True,Engineering,Project Alpha
DOC-0869,user_002,Senior Engineer,Read,True,Platform,Project Beta
DOC-0869,user_003,Architect,Read,True,Architecture,All
DOC-0869,user_004,Security Engineer,Read,True,Security,All
DOC-0869,user_005,Principal Engineer,Read,True,Data Engineering,Project Gamma
DOC-0869,user_006,DevOps Engineer,Read,True,DevOps,Core Infrastructure
DOC-0869,user_007,Junior Developer,Read,True,Engineering,Project Delta
DOC-0869,user_008,Engineering Manager,Read,True,Engineering,All
DOC-0870,user_001,Engineer,Read,True,Engineering,Project Alpha
DOC-0870,user_002,Senior Engineer,Read,True,Platform,Project Beta
DOC-0870,user_003,Architect,Read,True,Architecture,All
DOC-0870,user_004,Security Engineer,Read,True,Security,All
DOC-0870,user_005,Principal Engineer,Read,True,Data Engineering,Project Gamma
DOC-0870,user_006,DevOps Engineer,Read,True,DevOps,Core Infrastructure
DOC-0870,user_007,Junior Developer,Read,True,Engineering,Project Delta
DOC-0870,user_008,Engineering Manager,Read,True,Engineering,All
DOC-0871,user_001,Engineer,None,False,Engineering,Project Alpha
DOC-0871,user_002,Senior Engineer,Read,True,Platform,Project Beta
DOC-0871,user_003,Architect,Read,True,Architecture,All
DOC-0871,user_004,Security Engineer,Read,True,Security,All
DOC-0871,user_005,Principal Engineer,None,False,Data Engineering,Project Gamma
DOC-0871,user_006,DevOps Engineer,None,False,DevOps,Core Infrastructure
DOC-0871,user_007,Junior Developer,None,False,Engineering,Project Delta
DOC-0871,user_008,Engineering Manager,None,False,Engineering,All
DOC-0872,user_001,Engineer,None,False,Engineering,Project Alpha
DOC-0872,user_002,Senior Engineer,None,False,Platform,Project Beta
DOC-0872,user_003,Architect,Read,True,Architecture,All
DOC-0872,user_004,Security Engineer,Read,True,Security,All
DOC-0872,user_005,Principal Engineer,None,False,Data Engineering,Project Gamma
DOC-0872,user_006,DevOps Engineer,None,False,DevOps,Core Infrastructure
DOC-0872,user_007,Junior Developer,Read,True,Engineering,Project Delta
DOC-0872,user_008,Engineering Manager,None,False,Engineering,All
DOC-0873,user_001,Engineer,Read,True,Engineering,Project Alpha
DOC-0873,user_002,Senior Engineer,Read,True,Platform,Project Beta
DOC-0873,user_003,Architect,Read,True,Architecture,All
DOC-0873,user_004,Security Engineer,Read,True,Security,All
DOC-0873,user_005,Principal Engineer,Read,True,Data Engineering,Project Gamma
DOC-0873,user_006,DevOps Engineer,Read,True,DevOps,Core Infrastructure
DOC-0873,user_007,Junior Developer,Read,True,Engineering,Project Delta
DOC-0873,user_008,Engineering Manager,Read,True,Engineering,All
DOC-0874,user_001,Engineer,Read,True,Engineering,Project Alpha
DOC-0874,user_002,Senior Engineer,Read,True,Platform,Project Beta
DOC-0874,user_003,Architect,Read,True,Architecture,All
DOC-0874,user_004,Security Engineer,Read,True,Security,All
DOC-0874,user_005,Principal Engineer,Read,True,Data Engineering,Project Gamma
DOC-0874,user_006,DevOps Engineer,Read,True,DevOps,Core Infrastructure
DOC-0874,user_007,Junior Developer,Read,True,Engineering,Project Delta
DOC-0874,user_008,Engineering Manager,Read,True,Engineering,All
DOC-0875,user_001,Engineer,None,False,Engineering,Project Alpha
DOC-0875,user_002,Senior Engineer,None,False,Platform,Project Beta
DOC-0875,user_003,Architect,Read,True,Architecture,All
DOC-0875,user_004,Security Engineer,Read,True,Security,All
DOC-0875,user_005,Principal Engineer,None,False,Data Engineering,Project Gamma
DOC-0875,user_006,DevOps Engineer,None,False,DevOps,Core Infrastructure
DOC-0875,user_007,Junior Developer,Read,True,Engineering,Project Delta
DOC-0875,user_008,Engineering Manager,None,False,Engineering,All
DOC-0876,user_001,Engineer,None,False,Engineering,Project Alpha
DOC-0876,user_002,Senior Engineer,None,False,Platform,Project Beta
DOC-0876,user_003,Architect,Read,True,Architecture,All
DOC-0876,user_004,Security Engineer,Read,True,Security,All
DOC-0876,user_005,Principal Engineer,None,False,Data Engineering,Project Gamma
DOC-0876,user_006,DevOps Engineer,Read,True,DevOps,Core Infrastructure
DOC-0876,user_007,Junior Developer,None,False,Engineering,Project Delta
DOC-0876,user_008,Engineering Manager,None,False,Engineering,All
DOC-0877,user_001,Engineer,Read,True,Engineering,Project Alpha
DOC-0877,user_002,Senior Engineer,Read,True,Platform,Project Beta
DOC-0877,user_003,Architect,Read,True,Architecture,All
DOC-0877,user_004,Security Engineer,Read,True,Security,All
DOC-0877,user_005,Principal Engineer,Read,True,Data Engineering,Project Gamma
DOC-0877,user_006,DevOps Engineer,Read,True,DevOps,Core Infrastructure
DOC-0877,user_007,Junior Developer,Read,True,Engineering,Project Delta
DOC-0877,user_008,Engineering Manager,Read,True,Engineering,All
DOC-0878,user_001,Engineer,Read,True,Engineering,Project Alpha
DOC-0878,user_002,Senior Engineer,Read,True,Platform,Project Beta
DOC-0878,user_003,Architect,Read,True,Architecture,All
DOC-0878,user_004,Security Engineer,Read,True,Security,All
DOC-0878,user_005,Principal Engineer,Read,True,Data Engineering,Project Gamma
DOC-0878,user_006,DevOps Engineer,Read,True,DevOps,Core Infrastructure
DOC-0878,user_007,Junior Developer,Read,True,Engineering,Project Delta
DOC-0878,user_008,Engineering Manager,Read,True,Engineering,All
DOC-0879,user_001,Engineer,None,False,Engineering,Project Alpha
DOC-0879,user_002,Senior Engineer,None,False,Platform,Project Beta
DOC-0879,user_003,Architect,Read,True,Architecture,All
DOC-0879,user_004,Security Engineer,Read,True,Security,All
DOC-0879,user_005,Principal Engineer,None,False,Data Engineering,Project Gamma
DOC-0879,user_006,DevOps Engineer,None,False,DevOps,Core Infrastructure
DOC-0879,user_007,Junior Developer,None,False,Engineering,Project Delta
DOC-0879,user_008,Engineering Manager,None,False,Engineering,All
DOC-0880,user_001,Engineer,None,False,Engineering,Project Alpha
DOC-0880,user_002,Senior Engineer,Read,True,Platform,Project Beta
DOC-0880,user_003,Architect,Read,True,Architecture,All
DOC-0880,user_004,Security Engineer,Read,True,Security,All
DOC-0880,user_005,Principal Engineer,None,False,Data Engineering,Project Gamma
DOC-0880,user_006,DevOps Engineer,None,False,DevOps,Core Infrastructure
DOC-0880,user_007,Junior Developer,None,False,Engineering,Project Delta
DOC-0880,user_008,Engineering Manager,None,False,Engineering,All
DOC-0881,user_001,Engineer,Read,True,Engineering,Project Alpha
DOC-0881,user_002,Senior Engineer,None,False,Platform,Project Beta
DOC-0881,user_003,Architect,Read,True,Architecture,All
DOC-0881,user_004,Security Engineer,Read,True,Security,All
DOC-0881,user_005,Principal Engineer,None,False,Data Engineering,Project Gamma
DOC-0881,user_006,DevOps Engineer,None,False,DevOps,Core Infrastructure
DOC-0881,user_007,Junior Developer,None,False,Engineering,Project Delta
DOC-0881,user_008,Engineering Manager,None,False,Engineering,All
DOC-0882,user_001,Engineer,Read,True,Engineering,Project Alpha
DOC-0882,user_002,Senior Engineer,Read,True,Platform,Project Beta
DOC-0882,user_003,Architect,Read,True,Architecture,All
DOC-0882,user_004,Security Engineer,Read,True,Security,All
DOC-0882,user_005,Principal Engineer,Read,True,Data Engineering,Project Gamma
DOC-0882,user_006,DevOps Engineer,Read,True,DevOps,Core Infrastructure
DOC-0882,user_007,Junior Developer,Read,True,Engineering,Project Delta
DOC-0882,user_008,Engineering Manager,Read,True,Engineering,All
DOC-0883,user_001,Engineer,None,False,Engineering,Project Alpha
DOC-0883,user_002,Senior Engineer,None,False,Platform,Project Beta
DOC-0883,user_003,Architect,Read,True,Architecture,All
DOC-0883,user_004,Security Engineer,Read,True,Security,All
DOC-0883,user_005,Principal Engineer,Read,True,Data Engineering,Project Gamma
DOC-0883,user_006,DevOps Engineer,None,False,DevOps,Core Infrastructure
DOC-0883,user_007,Junior Developer,None,False,Engineering,Project Delta
DOC-0883,user_008,Engineering Manager,None,False,Engineering,All
DOC-0884,user_001,Engineer,None,False,Engineering,Project Alpha
DOC-0884,user_002,Senior Engineer,None,False,Platform,Project Beta
DOC-0884,user_003,Architect,Read,True,Architecture,All
DOC-0884,user_004,Security Engineer,Read,True,Security,All
DOC-0884,user_005,Principal Engineer,None,False,Data Engineering,Project Gamma
DOC-0884,user_006,DevOps Engineer,None,False,DevOps,Core Infrastructure
DOC-0884,user_007,Junior Developer,Read,True,Engineering,Project Delta
DOC-0884,user_008,Engineering Manager,None,False,Engineering,All
DOC-0885,user_001,Engineer,None,False,Engineering,Project Alpha
DOC-0885,user_002,Senior Engineer,Read,True,Platform,Project Beta
DOC-0885,user_003,Architect,Read,True,Architecture,All
DOC-0885,user_004,Security Engineer,Read,True,Security,All
DOC-0885,user_005,Principal Engineer,None,False,Data Engineering,Project Gamma
DOC-0885,user_006,DevOps Engineer,None,False,DevOps,Core Infrastructure
DOC-0885,user_007,Junior Developer,None,False,Engineering,Project Delta
DOC-0885,user_008,Engineering Manager,None,False,Engineering,All
DOC-0886,user_001,Engineer,Read,True,Engineering,Project Alpha
DOC-0886,user_002,Senior Engineer,Read,True,Platform,Project Beta
DOC-0886,user_003,Architect,Read,True,Architecture,All
DOC-0886,user_004,Security Engineer,Read,True,Security,All
DOC-0886,user_005,Principal Engineer,Read,True,Data Engineering,Project Gamma
DOC-0886,user_006,DevOps Engineer,Read,True,DevOps,Core Infrastructure
DOC-0886,user_007,Junior Developer,Read,True,Engineering,Project Delta
DOC-0886,user_008,Engineering Manager,Read,True,Engineering,All
DOC-0887,user_001,Engineer,Read,True,Engineering,Project Alpha
DOC-0887,user_002,Senior Engineer,Read,True,Platform,Project Beta
DOC-0887,user_003,Architect,Read,True,Architecture,All
DOC-0887,user_004,Security Engineer,Read,True,Security,All
DOC-0887,user_005,Principal Engineer,Read,True,Data Engineering,Project Gamma
DOC-0887,user_006,DevOps Engineer,Read,True,DevOps,Core Infrastructure
DOC-0887,user_007,Junior Developer,Read,True,Engineering,Project Delta
DOC-0887,user_008,Engineering Manager,Read,True,Engineering,All
DOC-0888,user_001,Engineer,None,False,Engineering,Project Alpha
DOC-0888,user_002,Senior Engineer,None,False,Platform,Project Beta
DOC-0888,user_003,Architect,Read,True,Architecture,All
DOC-0888,user_004,Security Engineer,Read,True,Security,All
DOC-0888,user_005,Principal Engineer,None,False,Data Engineering,Project Gamma
DOC-0888,user_006,DevOps Engineer,Read,True,DevOps,Core Infrastructure
DOC-0888,user_007,Junior Developer,None,False,Engineering,Project Delta
DOC-0888,user_008,Engineering Manager,None,False,Engineering,All
DOC-0889,user_001,Engineer,None,False,Engineering,Project Alpha
DOC-0889,user_002,Senior Engineer,Read,True,Platform,Project Beta
DOC-0889,user_003,Architect,Read,True,Architecture,All
DOC-0889,user_004,Security Engineer,Read,True,Security,All
DOC-0889,user_005,Principal Engineer,None,False,Data Engineering,Project Gamma
DOC-0889,user_006,DevOps Engineer,None,False,DevOps,Core Infrastructure
DOC-0889,user_007,Junior Developer,None,False,Engineering,Project Delta
DOC-0889,user_008,Engineering Manager,None,False,Engineering,All
DOC-0890,user_001,Engineer,None,False,Engineering,Project Alpha
DOC-0890,user_002,Senior Engineer,None,False,Platform,Project Beta
DOC-0890,user_003,Architect,Read,True,Architecture,All
DOC-0890,user_004,Security Engineer,Read,True,Security,All
DOC-0890,user_005,Principal Engineer,None,False,Data Engineering,Project Gamma
DOC-0890,user_006,DevOps Engineer,Read,True,DevOps,Core Infrastructure
DOC-0890,user_007,Junior Developer,None,False,Engineering,Project Delta
DOC-0890,user_008,Engineering Manager,None,False,Engineering,All
DOC-0891,user_001,Engineer,None,False,Engineering,Project Alpha
DOC-0891,user_002,Senior Engineer,None,False,Platform,Project Beta
DOC-0891,user_003,Architect,Read,True,Architecture,All
DOC-0891,user_004,Security Engineer,Read,True,Security,All
DOC-0891,user_005,Principal Engineer,None,False,Data Engineering,Project Gamma
DOC-0891,user_006,DevOps Engineer,None,False,DevOps,Core Infrastructure
DOC-0891,user_007,Junior Developer,None,False,Engineering,Project Delta
DOC-0891,user_008,Engineering Manager,None,False,Engineering,All
DOC-0892,user_001,Engineer,Read,True,Engineering,Project Alpha
DOC-0892,user_002,Senior Engineer,None,False,Platform,Project Beta
DOC-0892,user_003,Architect,Read,True,Architecture,All
DOC-0892,user_004,Security Engineer,Read,True,Security,All
DOC-0892,user_005,Principal Engineer,None,False,Data Engineering,Project Gamma
DOC-0892,user_006,DevOps Engineer,None,False,DevOps,Core Infrastructure
DOC-0892,user_007,Junior Developer,None,False,Engineering,Project Delta
DOC-0892,user_008,Engineering Manager,None,False,Engineering,All
DOC-0893,user_001,Engineer,Read,True,Engineering,Project Alpha
DOC-0893,user_002,Senior Engineer,Read,True,Platform,Project Beta
DOC-0893,user_003,Architect,Read,True,Architecture,All
DOC-0893,user_004,Security Engineer,Read,True,Security,All
DOC-0893,user_005,Principal Engineer,Read,True,Data Engineering,Project Gamma
DOC-0893,user_006,DevOps Engineer,Read,True,DevOps,Core Infrastructure
DOC-0893,user_007,Junior Developer,Read,True,Engineering,Project Delta
DOC-0893,user_008,Engineering Manager,Read,True,Engineering,All
DOC-0894,user_001,Engineer,Read,True,Engineering,Project Alpha
DOC-0894,user_002,Senior Engineer,Read,True,Platform,Project Beta
DOC-0894,user_003,Architect,Read,True,Architecture,All
DOC-0894,user_004,Security Engineer,Read,True,Security,All
DOC-0894,user_005,Principal Engineer,Read,True,Data Engineering,Project Gamma
DOC-0894,user_006,DevOps Engineer,Read,True,DevOps,Core Infrastructure
DOC-0894,user_007,Junior Developer,Read,True,Engineering,Project Delta
DOC-0894,user_008,Engineering Manager,Read,True,Engineering,All
DOC-0895,user_001,Engineer,Read,True,Engineering,Project Alpha
DOC-0895,user_002,Senior Engineer,Read,True,Platform,Project Beta
DOC-0895,user_003,Architect,Read,True,Architecture,All
DOC-0895,user_004,Security Engineer,Read,True,Security,All
DOC-0895,user_005,Principal Engineer,Read,True,Data Engineering,Project Gamma
DOC-0895,user_006,DevOps Engineer,Read,True,DevOps,Core Infrastructure
DOC-0895,user_007,Junior Developer,Read,True,Engineering,Project Delta
DOC-0895,user_008,Engineering Manager,Read,True,Engineering,All
DOC-0896,user_001,Engineer,Read,True,Engineering,Project Alpha
DOC-0896,user_002,Senior Engineer,Read,True,Platform,Project Beta
DOC-0896,user_003,Architect,Read,True,Architecture,All
DOC-0896,user_004,Security Engineer,Read,True,Security,All
DOC-0896,user_005,Principal Engineer,Read,True,Data Engineering,Project Gamma
DOC-0896,user_006,DevOps Engineer,Read,True,DevOps,Core Infrastructure
DOC-0896,user_007,Junior Developer,Read,True,Engineering,Project Delta
DOC-0896,user_008,Engineering Manager,Read,True,Engineering,All
DOC-0897,user_001,Engineer,None,False,Engineering,Project Alpha
DOC-0897,user_002,Senior Engineer,None,False,Platform,Project Beta
DOC-0897,user_003,Architect,Read,True,Architecture,All
DOC-0897,user_004,Security Engineer,Read,True,Security,All
DOC-0897,user_005,Principal Engineer,None,False,Data Engineering,Project Gamma
DOC-0897,user_006,DevOps Engineer,Read,True,DevOps,Core Infrastructure
DOC-0897,user_007,Junior Developer,None,False,Engineering,Project Delta
DOC-0897,user_008,Engineering Manager,None,False,Engineering,All
DOC-0898,user_001,Engineer,None,False,Engineering,Project Alpha
DOC-0898,user_002,Senior Engineer,None,False,Platform,Project Beta
DOC-0898,user_003,Architect,Read,True,Architecture,All
DOC-0898,user_004,Security Engineer,Read,True,Security,All
DOC-0898,user_005,Principal Engineer,None,False,Data Engineering,Project Gamma
DOC-0898,user_006,DevOps Engineer,Read,True,DevOps,Core Infrastructure
DOC-0898,user_007,Junior Developer,None,False,Engineering,Project Delta
DOC-0898,user_008,Engineering Manager,None,False,Engineering,All
DOC-0899,user_001,Engineer,Read,True,Engineering,Project Alpha
DOC-0899,user_002,Senior Engineer,Read,True,Platform,Project Beta
DOC-0899,user_003,Architect,Read,True,Architecture,All
DOC-0899,user_004,Security Engineer,Read,True,Security,All
DOC-0899,user_005,Principal Engineer,Read,True,Data Engineering,Project Gamma
DOC-0899,user_006,DevOps Engineer,Read,True,DevOps,Core Infrastructure
DOC-0899,user_007,Junior Developer,Read,True,Engineering,Project Delta
DOC-0899,user_008,Engineering Manager,Read,True,Engineering,All
DOC-0900,user_001,Engineer,Read,True,Engineering,Project Alpha
DOC-0900,user_002,Senior Engineer,Read,True,Platform,Project Beta
DOC-0900,user_003,Architect,Read,True,Architecture,All
DOC-0900,user_004,Security Engineer,Read,True,Security,All
DOC-0900,user_005,Principal Engineer,Read,True,Data Engineering,Project Gamma
DOC-0900,user_006,DevOps Engineer,Read,True,DevOps,Core Infrastructure
DOC-0900,user_007,Junior Developer,Read,True,Engineering,Project Delta
DOC-0900,user_008,Engineering Manager,Read,True,Engineering,All
DOC-0901,user_001,Engineer,Read,True,Engineering,Project Alpha
DOC-0901,user_002,Senior Engineer,Read,True,Platform,Project Beta
DOC-0901,user_003,Architect,Read,True,Architecture,All
DOC-0901,user_004,Security Engineer,Read,True,Security,All
DOC-0901,user_005,Principal Engineer,Read,True,Data Engineering,Project Gamma
DOC-0901,user_006,DevOps Engineer,Read,True,DevOps,Core Infrastructure
DOC-0901,user_007,Junior Developer,Read,True,Engineering,Project Delta
DOC-0901,user_008,Engineering Manager,Read,True,Engineering,All
DOC-0902,user_001,Engineer,Read,True,Engineering,Project Alpha
DOC-0902,user_002,Senior Engineer,None,False,Platform,Project Beta
DOC-0902,user_003,Architect,Read,True,Architecture,All
DOC-0902,user_004,Security Engineer,Read,True,Security,All
DOC-0902,user_005,Principal Engineer,None,False,Data Engineering,Project Gamma
DOC-0902,user_006,DevOps Engineer,None,False,DevOps,Core Infrastructure
DOC-0902,user_007,Junior Developer,None,False,Engineering,Project Delta
DOC-0902,user_008,Engineering Manager,None,False,Engineering,All
DOC-0903,user_001,Engineer,Read,True,Engineering,Project Alpha
DOC-0903,user_002,Senior Engineer,Read,True,Platform,Project Beta
DOC-0903,user_003,Architect,Read,True,Architecture,All
DOC-0903,user_004,Security Engineer,Read,True,Security,All
DOC-0903,user_005,Principal Engineer,Read,True,Data Engineering,Project Gamma
DOC-0903,user_006,DevOps Engineer,Read,True,DevOps,Core Infrastructure
DOC-0903,user_007,Junior Developer,Read,True,Engineering,Project Delta
DOC-0903,user_008,Engineering Manager,Read,True,Engineering,All
DOC-0904,user_001,Engineer,None,False,Engineering,Project Alpha
DOC-0904,user_002,Senior Engineer,None,False,Platform,Project Beta
DOC-0904,user_003,Architect,Read,True,Architecture,All
DOC-0904,user_004,Security Engineer,Read,True,Security,All
DOC-0904,user_005,Principal Engineer,None,False,Data Engineering,Project Gamma
DOC-0904,user_006,DevOps Engineer,None,False,DevOps,Core Infrastructure
DOC-0904,user_007,Junior Developer,None,False,Engineering,Project Delta
DOC-0904,user_008,Engineering Manager,None,False,Engineering,All
DOC-0905,user_001,Engineer,None,False,Engineering,Project Alpha
DOC-0905,user_002,Senior Engineer,None,False,Platform,Project Beta
DOC-0905,user_003,Architect,Read,True,Architecture,All
DOC-0905,user_004,Security Engineer,Read,True,Security,All
DOC-0905,user_005,Principal Engineer,None,False,Data Engineering,Project Gamma
DOC-0905,user_006,DevOps Engineer,None,False,DevOps,Core Infrastructure
DOC-0905,user_007,Junior Developer,Read,True,Engineering,Project Delta
DOC-0905,user_008,Engineering Manager,None,False,Engineering,All
DOC-0906,user_001,Engineer,Read,True,Engineering,Project Alpha
DOC-0906,user_002,Senior Engineer,Read,True,Platform,Project Beta
DOC-0906,user_003,Architect,Read,True,Architecture,All
DOC-0906,user_004,Security Engineer,Read,True,Security,All
DOC-0906,user_005,Principal Engineer,Read,True,Data Engineering,Project Gamma
DOC-0906,user_006,DevOps Engineer,Read,True,DevOps,Core Infrastructure
DOC-0906,user_007,Junior Developer,Read,True,Engineering,Project Delta
DOC-0906,user_008,Engineering Manager,Read,True,Engineering,All
DOC-0907,user_001,Engineer,None,False,Engineering,Project Alpha
DOC-0907,user_002,Senior Engineer,None,False,Platform,Project Beta
DOC-0907,user_003,Architect,Read,True,Architecture,All
DOC-0907,user_004,Security Engineer,Read,True,Security,All
DOC-0907,user_005,Principal Engineer,None,False,Data Engineering,Project Gamma
DOC-0907,user_006,DevOps Engineer,Read,True,DevOps,Core Infrastructure
DOC-0907,user_007,Junior Developer,None,False,Engineering,Project Delta
DOC-0907,user_008,Engineering Manager,None,False,Engineering,All
DOC-0908,user_001,Engineer,Read,True,Engineering,Project Alpha
DOC-0908,user_002,Senior Engineer,Read,True,Platform,Project Beta
DOC-0908,user_003,Architect,Read,True,Architecture,All
DOC-0908,user_004,Security Engineer,Read,True,Security,All
DOC-0908,user_005,Principal Engineer,Read,True,Data Engineering,Project Gamma
DOC-0908,user_006,DevOps Engineer,Read,True,DevOps,Core Infrastructure
DOC-0908,user_007,Junior Developer,Read,True,Engineering,Project Delta
DOC-0908,user_008,Engineering Manager,Read,True,Engineering,All
DOC-0909,user_001,Engineer,None,False,Engineering,Project Alpha
DOC-0909,user_002,Senior Engineer,None,False,Platform,Project Beta
DOC-0909,user_003,Architect,Read,True,Architecture,All
DOC-0909,user_004,Security Engineer,Read,True,Security,All
DOC-0909,user_005,Principal Engineer,None,False,Data Engineering,Project Gamma
DOC-0909,user_006,DevOps Engineer,Read,True,DevOps,Core Infrastructure
DOC-0909,user_007,Junior Developer,None,False,Engineering,Project Delta
DOC-0909,user_008,Engineering Manager,None,False,Engineering,All
DOC-0910,user_001,Engineer,None,False,Engineering,Project Alpha
DOC-0910,user_002,Senior Engineer,None,False,Platform,Project Beta
DOC-0910,user_003,Architect,Read,True,Architecture,All
DOC-0910,user_004,Security Engineer,Read,True,Security,All
DOC-0910,user_005,Principal Engineer,None,False,Data Engineering,Project Gamma
DOC-0910,user_006,DevOps Engineer,None,False,DevOps,Core Infrastructure
DOC-0910,user_007,Junior Developer,Read,True,Engineering,Project Delta
DOC-0910,user_008,Engineering Manager,None,False,Engineering,All
DOC-0911,user_001,Engineer,Read,True,Engineering,Project Alpha
DOC-0911,user_002,Senior Engineer,Read,True,Platform,Project Beta
DOC-0911,user_003,Architect,Read,True,Architecture,All
DOC-0911,user_004,Security Engineer,Read,True,Security,All
DOC-0911,user_005,Principal Engineer,Read,True,Data Engineering,Project Gamma
DOC-0911,user_006,DevOps Engineer,Read,True,DevOps,Core Infrastructure
DOC-0911,user_007,Junior Developer,Read,True,Engineering,Project Delta
DOC-0911,user_008,Engineering Manager,Read,True,Engineering,All
DOC-0912,user_001,Engineer,None,False,Engineering,Project Alpha
DOC-0912,user_002,Senior Engineer,None,False,Platform,Project Beta
DOC-0912,user_003,Architect,Read,True,Architecture,All
DOC-0912,user_004,Security Engineer,Read,True,Security,All
DOC-0912,user_005,Principal Engineer,None,False,Data Engineering,Project Gamma
DOC-0912,user_006,DevOps Engineer,None,False,DevOps,Core Infrastructure
DOC-0912,user_007,Junior Developer,None,False,Engineering,Project Delta
DOC-0912,user_008,Engineering Manager,None,False,Engineering,All
DOC-0913,user_001,Engineer,Read,True,Engineering,Project Alpha
DOC-0913,user_002,Senior Engineer,Read,True,Platform,Project Beta
DOC-0913,user_003,Architect,Read,True,Architecture,All
DOC-0913,user_004,Security Engineer,Read,True,Security,All
DOC-0913,user_005,Principal Engineer,Read,True,Data Engineering,Project Gamma
DOC-0913,user_006,DevOps Engineer,Read,True,DevOps,Core Infrastructure
DOC-0913,user_007,Junior Developer,Read,True,Engineering,Project Delta
DOC-0913,user_008,Engineering Manager,Read,True,Engineering,All
DOC-0914,user_001,Engineer,None,False,Engineering,Project Alpha
DOC-0914,user_002,Senior Engineer,None,False,Platform,Project Beta
DOC-0914,user_003,Architect,Read,True,Architecture,All
DOC-0914,user_004,Security Engineer,Read,True,Security,All
DOC-0914,user_005,Principal Engineer,Read,True,Data Engineering,Project Gamma
DOC-0914,user_006,DevOps Engineer,None,False,DevOps,Core Infrastructure
DOC-0914,user_007,Junior Developer,None,False,Engineering,Project Delta
DOC-0914,user_008,Engineering Manager,None,False,Engineering,All
DOC-0915,user_001,Engineer,None,False,Engineering,Project Alpha
DOC-0915,user_002,Senior Engineer,Read,True,Platform,Project Beta
DOC-0915,user_003,Architect,Read,True,Architecture,All
DOC-0915,user_004,Security Engineer,Read,True,Security,All
DOC-0915,user_005,Principal Engineer,None,False,Data Engineering,Project Gamma
DOC-0915,user_006,DevOps Engineer,None,False,DevOps,Core Infrastructure
DOC-0915,user_007,Junior Developer,None,False,Engineering,Project Delta
DOC-0915,user_008,Engineering Manager,None,False,Engineering,All
DOC-0916,user_001,Engineer,None,False,Engineering,Project Alpha
DOC-0916,user_002,Senior Engineer,None,False,Platform,Project Beta
DOC-0916,user_003,Architect,Read,True,Architecture,All
DOC-0916,user_004,Security Engineer,Read,True,Security,All
DOC-0916,user_005,Principal Engineer,Read,True,Data Engineering,Project Gamma
DOC-0916,user_006,DevOps Engineer,None,False,DevOps,Core Infrastructure
DOC-0916,user_007,Junior Developer,None,False,Engineering,Project Delta
DOC-0916,user_008,Engineering Manager,None,False,Engineering,All
DOC-0917,user_001,Engineer,Read,True,Engineering,Project Alpha
DOC-0917,user_002,Senior Engineer,Read,True,Platform,Project Beta
DOC-0917,user_003,Architect,Read,True,Architecture,All
DOC-0917,user_004,Security Engineer,Read,True,Security,All
DOC-0917,user_005,Principal Engineer,Read,True,Data Engineering,Project Gamma
DOC-0917,user_006,DevOps Engineer,Read,True,DevOps,Core Infrastructure
DOC-0917,user_007,Junior Developer,Read,True,Engineering,Project Delta
DOC-0917,user_008,Engineering Manager,Read,True,Engineering,All
DOC-0918,user_001,Engineer,None,False,Engineering,Project Alpha
DOC-0918,user_002,Senior Engineer,None,False,Platform,Project Beta
DOC-0918,user_003,Architect,Read,True,Architecture,All
DOC-0918,user_004,Security Engineer,Read,True,Security,All
DOC-0918,user_005,Principal Engineer,None,False,Data Engineering,Project Gamma
DOC-0918,user_006,DevOps Engineer,None,False,DevOps,Core Infrastructure
DOC-0918,user_007,Junior Developer,None,False,Engineering,Project Delta
DOC-0918,user_008,Engineering Manager,None,False,Engineering,All
DOC-0919,user_001,Engineer,None,False,Engineering,Project Alpha
DOC-0919,user_002,Senior Engineer,None,False,Platform,Project Beta
DOC-0919,user_003,Architect,Read,True,Architecture,All
DOC-0919,user_004,Security Engineer,Read,True,Security,All
DOC-0919,user_005,Principal Engineer,None,False,Data Engineering,Project Gamma
DOC-0919,user_006,DevOps Engineer,None,False,DevOps,Core Infrastructure
DOC-0919,user_007,Junior Developer,Read,True,Engineering,Project Delta
DOC-0919,user_008,Engineering Manager,None,False,Engineering,All
DOC-0920,user_001,Engineer,Read,True,Engineering,Project Alpha
DOC-0920,user_002,Senior Engineer,Read,True,Platform,Project Beta
DOC-0920,user_003,Architect,Read,True,Architecture,All
DOC-0920,user_004,Security Engineer,Read,True,Security,All
DOC-0920,user_005,Principal Engineer,Read,True,Data Engineering,Project Gamma
DOC-0920,user_006,DevOps Engineer,Read,True,DevOps,Core Infrastructure
DOC-0920,user_007,Junior Developer,Read,True,Engineering,Project Delta
DOC-0920,user_008,Engineering Manager,Read,True,Engineering,All
DOC-0921,user_001,Engineer,Read,True,Engineering,Project Alpha
DOC-0921,user_002,Senior Engineer,Read,True,Platform,Project Beta
DOC-0921,user_003,Architect,Read,True,Architecture,All
DOC-0921,user_004,Security Engineer,Read,True,Security,All
DOC-0921,user_005,Principal Engineer,Read,True,Data Engineering,Project Gamma
DOC-0921,user_006,DevOps Engineer,Read,True,DevOps,Core Infrastructure
DOC-0921,user_007,Junior Developer,Read,True,Engineering,Project Delta
DOC-0921,user_008,Engineering Manager,Read,True,Engineering,All
DOC-0922,user_001,Engineer,None,False,Engineering,Project Alpha
DOC-0922,user_002,Senior Engineer,None,False,Platform,Project Beta
DOC-0922,user_003,Architect,Read,True,Architecture,All
DOC-0922,user_004,Security Engineer,Read,True,Security,All
DOC-0922,user_005,Principal Engineer,None,False,Data Engineering,Project Gamma
DOC-0922,user_006,DevOps Engineer,None,False,DevOps,Core Infrastructure
DOC-0922,user_007,Junior Developer,Read,True,Engineering,Project Delta
DOC-0922,user_008,Engineering Manager,None,False,Engineering,All
DOC-0923,user_001,Engineer,Read,True,Engineering,Project Alpha
DOC-0923,user_002,Senior Engineer,Read,True,Platform,Project Beta
DOC-0923,user_003,Architect,Read,True,Architecture,All
DOC-0923,user_004,Security Engineer,Read,True,Security,All
DOC-0923,user_005,Principal Engineer,Read,True,Data Engineering,Project Gamma
DOC-0923,user_006,DevOps Engineer,Read,True,DevOps,Core Infrastructure
DOC-0923,user_007,Junior Developer,Read,True,Engineering,Project Delta
DOC-0923,user_008,Engineering Manager,Read,True,Engineering,All
DOC-0924,user_001,Engineer,Read,True,Engineering,Project Alpha
DOC-0924,user_002,Senior Engineer,None,False,Platform,Project Beta
DOC-0924,user_003,Architect,Read,True,Architecture,All
DOC-0924,user_004,Security Engineer,Read,True,Security,All
DOC-0924,user_005,Principal Engineer,None,False,Data Engineering,Project Gamma
DOC-0924,user_006,DevOps Engineer,None,False,DevOps,Core Infrastructure
DOC-0924,user_007,Junior Developer,None,False,Engineering,Project Delta
DOC-0924,user_008,Engineering Manager,None,False,Engineering,All
DOC-0925,user_001,Engineer,Read,True,Engineering,Project Alpha
DOC-0925,user_002,Senior Engineer,None,False,Platform,Project Beta
DOC-0925,user_003,Architect,Read,True,Architecture,All
DOC-0925,user_004,Security Engineer,Read,True,Security,All
DOC-0925,user_005,Principal Engineer,None,False,Data Engineering,Project Gamma
DOC-0925,user_006,DevOps Engineer,None,False,DevOps,Core Infrastructure
DOC-0925,user_007,Junior Developer,None,False,Engineering,Project Delta
DOC-0925,user_008,Engineering Manager,None,False,Engineering,All
DOC-0926,user_001,Engineer,Read,True,Engineering,Project Alpha
DOC-0926,user_002,Senior Engineer,Read,True,Platform,Project Beta
DOC-0926,user_003,Architect,Read,True,Architecture,All
DOC-0926,user_004,Security Engineer,Read,True,Security,All
DOC-0926,user_005,Principal Engineer,Read,True,Data Engineering,Project Gamma
DOC-0926,user_006,DevOps Engineer,Read,True,DevOps,Core Infrastructure
DOC-0926,user_007,Junior Developer,Read,True,Engineering,Project Delta
DOC-0926,user_008,Engineering Manager,Read,True,Engineering,All
DOC-0927,user_001,Engineer,Read,True,Engineering,Project Alpha
DOC-0927,user_002,Senior Engineer,Read,True,Platform,Project Beta
DOC-0927,user_003,Architect,Read,True,Architecture,All
DOC-0927,user_004,Security Engineer,Read,True,Security,All
DOC-0927,user_005,Principal Engineer,Read,True,Data Engineering,Project Gamma
DOC-0927,user_006,DevOps Engineer,Read,True,DevOps,Core Infrastructure
DOC-0927,user_007,Junior Developer,Read,True,Engineering,Project Delta
DOC-0927,user_008,Engineering Manager,Read,True,Engineering,All
DOC-0928,user_001,Engineer,None,False,Engineering,Project Alpha
DOC-0928,user_002,Senior Engineer,Read,True,Platform,Project Beta
DOC-0928,user_003,Architect,Read,True,Architecture,All
DOC-0928,user_004,Security Engineer,Read,True,Security,All
DOC-0928,user_005,Principal Engineer,None,False,Data Engineering,Project Gamma
DOC-0928,user_006,DevOps Engineer,None,False,DevOps,Core Infrastructure
DOC-0928,user_007,Junior Developer,None,False,Engineering,Project Delta
DOC-0928,user_008,Engineering Manager,None,False,Engineering,All
DOC-0929,user_001,Engineer,Read,True,Engineering,Project Alpha
DOC-0929,user_002,Senior Engineer,Read,True,Platform,Project Beta
DOC-0929,user_003,Architect,Read,True,Architecture,All
DOC-0929,user_004,Security Engineer,Read,True,Security,All
DOC-0929,user_005,Principal Engineer,Read,True,Data Engineering,Project Gamma
DOC-0929,user_006,DevOps Engineer,Read,True,DevOps,Core Infrastructure
DOC-0929,user_007,Junior Developer,Read,True,Engineering,Project Delta
DOC-0929,user_008,Engineering Manager,Read,True,Engineering,All
DOC-0930,user_001,Engineer,None,False,Engineering,Project Alpha
DOC-0930,user_002,Senior Engineer,None,False,Platform,Project Beta
DOC-0930,user_003,Architect,Read,True,Architecture,All
DOC-0930,user_004,Security Engineer,Read,True,Security,All
DOC-0930,user_005,Principal Engineer,None,False,Data Engineering,Project Gamma
DOC-0930,user_006,DevOps Engineer,None,False,DevOps,Core Infrastructure
DOC-0930,user_007,Junior Developer,Read,True,Engineering,Project Delta
DOC-0930,user_008,Engineering Manager,None,False,Engineering,All
DOC-0931,user_001,Engineer,Read,True,Engineering,Project Alpha
DOC-0931,user_002,Senior Engineer,Read,True,Platform,Project Beta
DOC-0931,user_003,Architect,Read,True,Architecture,All
DOC-0931,user_004,Security Engineer,Read,True,Security,All
DOC-0931,user_005,Principal Engineer,Read,True,Data Engineering,Project Gamma
DOC-0931,user_006,DevOps Engineer,Read,True,DevOps,Core Infrastructure
DOC-0931,user_007,Junior Developer,Read,True,Engineering,Project Delta
DOC-0931,user_008,Engineering Manager,Read,True,Engineering,All
DOC-0932,user_001,Engineer,None,False,Engineering,Project Alpha
DOC-0932,user_002,Senior Engineer,None,False,Platform,Project Beta
DOC-0932,user_003,Architect,Read,True,Architecture,All
DOC-0932,user_004,Security Engineer,Read,True,Security,All
DOC-0932,user_005,Principal Engineer,None,False,Data Engineering,Project Gamma
DOC-0932,user_006,DevOps Engineer,None,False,DevOps,Core Infrastructure
DOC-0932,user_007,Junior Developer,None,False,Engineering,Project Delta
DOC-0932,user_008,Engineering Manager,None,False,Engineering,All
DOC-0933,user_001,Engineer,Read,True,Engineering,Project Alpha
DOC-0933,user_002,Senior Engineer,Read,True,Platform,Project Beta
DOC-0933,user_003,Architect,Read,True,Architecture,All
DOC-0933,user_004,Security Engineer,Read,True,Security,All
DOC-0933,user_005,Principal Engineer,Read,True,Data Engineering,Project Gamma
DOC-0933,user_006,DevOps Engineer,Read,True,DevOps,Core Infrastructure
DOC-0933,user_007,Junior Developer,Read,True,Engineering,Project Delta
DOC-0933,user_008,Engineering Manager,Read,True,Engineering,All
DOC-0934,user_001,Engineer,None,False,Engineering,Project Alpha
DOC-0934,user_002,Senior Engineer,None,False,Platform,Project Beta
DOC-0934,user_003,Architect,Read,True,Architecture,All
DOC-0934,user_004,Security Engineer,Read,True,Security,All
DOC-0934,user_005,Principal Engineer,Read,True,Data Engineering,Project Gamma
DOC-0934,user_006,DevOps Engineer,None,False,DevOps,Core Infrastructure
DOC-0934,user_007,Junior Developer,None,False,Engineering,Project Delta
DOC-0934,user_008,Engineering Manager,None,False,Engineering,All
DOC-0935,user_001,Engineer,None,False,Engineering,Project Alpha
DOC-0935,user_002,Senior Engineer,None,False,Platform,Project Beta
DOC-0935,user_003,Architect,Read,True,Architecture,All
DOC-0935,user_004,Security Engineer,Read,True,Security,All
DOC-0935,user_005,Principal Engineer,None,False,Data Engineering,Project Gamma
DOC-0935,user_006,DevOps Engineer,Read,True,DevOps,Core Infrastructure
DOC-0935,user_007,Junior Developer,None,False,Engineering,Project Delta
DOC-0935,user_008,Engineering Manager,None,False,Engineering,All
DOC-0936,user_001,Engineer,Read,True,Engineering,Project Alpha
DOC-0936,user_002,Senior Engineer,None,False,Platform,Project Beta
DOC-0936,user_003,Architect,Read,True,Architecture,All
DOC-0936,user_004,Security Engineer,Read,True,Security,All
DOC-0936,user_005,Principal Engineer,None,False,Data Engineering,Project Gamma
DOC-0936,user_006,DevOps Engineer,None,False,DevOps,Core Infrastructure
DOC-0936,user_007,Junior Developer,None,False,Engineering,Project Delta
DOC-0936,user_008,Engineering Manager,None,False,Engineering,All
DOC-0937,user_001,Engineer,Read,True,Engineering,Project Alpha
DOC-0937,user_002,Senior Engineer,Read,True,Platform,Project Beta
DOC-0937,user_003,Architect,Read,True,Architecture,All
DOC-0937,user_004,Security Engineer,Read,True,Security,All
DOC-0937,user_005,Principal Engineer,Read,True,Data Engineering,Project Gamma
DOC-0937,user_006,DevOps Engineer,Read,True,DevOps,Core Infrastructure
DOC-0937,user_007,Junior Developer,Read,True,Engineering,Project Delta
DOC-0937,user_008,Engineering Manager,Read,True,Engineering,All
DOC-0938,user_001,Engineer,Read,True,Engineering,Project Alpha
DOC-0938,user_002,Senior Engineer,Read,True,Platform,Project Beta
DOC-0938,user_003,Architect,Read,True,Architecture,All
DOC-0938,user_004,Security Engineer,Read,True,Security,All
DOC-0938,user_005,Principal Engineer,Read,True,Data Engineering,Project Gamma
DOC-0938,user_006,DevOps Engineer,Read,True,DevOps,Core Infrastructure
DOC-0938,user_007,Junior Developer,Read,True,Engineering,Project Delta
DOC-0938,user_008,Engineering Manager,Read,True,Engineering,All
DOC-0939,user_001,Engineer,None,False,Engineering,Project Alpha
DOC-0939,user_002,Senior Engineer,None,False,Platform,Project Beta
DOC-0939,user_003,Architect,Read,True,Architecture,All
DOC-0939,user_004,Security Engineer,Read,True,Security,All
DOC-0939,user_005,Principal Engineer,None,False,Data Engineering,Project Gamma
DOC-0939,user_006,DevOps Engineer,None,False,DevOps,Core Infrastructure
DOC-0939,user_007,Junior Developer,None,False,Engineering,Project Delta
DOC-0939,user_008,Engineering Manager,None,False,Engineering,All
DOC-0940,user_001,Engineer,Read,True,Engineering,Project Alpha
DOC-0940,user_002,Senior Engineer,Read,True,Platform,Project Beta
DOC-0940,user_003,Architect,Read,True,Architecture,All
DOC-0940,user_004,Security Engineer,Read,True,Security,All
DOC-0940,user_005,Principal Engineer,Read,True,Data Engineering,Project Gamma
DOC-0940,user_006,DevOps Engineer,Read,True,DevOps,Core Infrastructure
DOC-0940,user_007,Junior Developer,Read,True,Engineering,Project Delta
DOC-0940,user_008,Engineering Manager,Read,True,Engineering,All
DOC-0941,user_001,Engineer,None,False,Engineering,Project Alpha
DOC-0941,user_002,Senior Engineer,None,False,Platform,Project Beta
DOC-0941,user_003,Architect,Read,True,Architecture,All
DOC-0941,user_004,Security Engineer,Read,True,Security,All
DOC-0941,user_005,Principal Engineer,None,False,Data Engineering,Project Gamma
DOC-0941,user_006,DevOps Engineer,None,False,DevOps,Core Infrastructure
DOC-0941,user_007,Junior Developer,Read,True,Engineering,Project Delta
DOC-0941,user_008,Engineering Manager,None,False,Engineering,All
DOC-0942,user_001,Engineer,Read,True,Engineering,Project Alpha
DOC-0942,user_002,Senior Engineer,Read,True,Platform,Project Beta
DOC-0942,user_003,Architect,Read,True,Architecture,All
DOC-0942,user_004,Security Engineer,Read,True,Security,All
DOC-0942,user_005,Principal Engineer,Read,True,Data Engineering,Project Gamma
DOC-0942,user_006,DevOps Engineer,Read,True,DevOps,Core Infrastructure
DOC-0942,user_007,Junior Developer,Read,True,Engineering,Project Delta
DOC-0942,user_008,Engineering Manager,Read,True,Engineering,All
DOC-0943,user_001,Engineer,None,False,Engineering,Project Alpha
DOC-0943,user_002,Senior Engineer,None,False,Platform,Project Beta
DOC-0943,user_003,Architect,Read,True,Architecture,All
DOC-0943,user_004,Security Engineer,Read,True,Security,All
DOC-0943,user_005,Principal Engineer,None,False,Data Engineering,Project Gamma
DOC-0943,user_006,DevOps Engineer,Read,True,DevOps,Core Infrastructure
DOC-0943,user_007,Junior Developer,None,False,Engineering,Project Delta
DOC-0943,user_008,Engineering Manager,None,False,Engineering,All
DOC-0944,user_001,Engineer,Read,True,Engineering,Project Alpha
DOC-0944,user_002,Senior Engineer,Read,True,Platform,Project Beta
DOC-0944,user_003,Architect,Read,True,Architecture,All
DOC-0944,user_004,Security Engineer,Read,True,Security,All
DOC-0944,user_005,Principal Engineer,Read,True,Data Engineering,Project Gamma
DOC-0944,user_006,DevOps Engineer,Read,True,DevOps,Core Infrastructure
DOC-0944,user_007,Junior Developer,Read,True,Engineering,Project Delta
DOC-0944,user_008,Engineering Manager,Read,True,Engineering,All
DOC-0945,user_001,Engineer,None,False,Engineering,Project Alpha
DOC-0945,user_002,Senior Engineer,None,False,Platform,Project Beta
DOC-0945,user_003,Architect,Read,True,Architecture,All
DOC-0945,user_004,Security Engineer,Read,True,Security,All
DOC-0945,user_005,Principal Engineer,None,False,Data Engineering,Project Gamma
DOC-0945,user_006,DevOps Engineer,None,False,DevOps,Core Infrastructure
DOC-0945,user_007,Junior Developer,None,False,Engineering,Project Delta
DOC-0945,user_008,Engineering Manager,None,False,Engineering,All
DOC-0946,user_001,Engineer,None,False,Engineering,Project Alpha
DOC-0946,user_002,Senior Engineer,None,False,Platform,Project Beta
DOC-0946,user_003,Architect,Read,True,Architecture,All
DOC-0946,user_004,Security Engineer,Read,True,Security,All
DOC-0946,user_005,Principal Engineer,None,False,Data Engineering,Project Gamma
DOC-0946,user_006,DevOps Engineer,None,False,DevOps,Core Infrastructure
DOC-0946,user_007,Junior Developer,Read,True,Engineering,Project Delta
DOC-0946,user_008,Engineering Manager,None,False,Engineering,All
DOC-0947,user_001,Engineer,Read,True,Engineering,Project Alpha
DOC-0947,user_002,Senior Engineer,Read,True,Platform,Project Beta
DOC-0947,user_003,Architect,Read,True,Architecture,All
DOC-0947,user_004,Security Engineer,Read,True,Security,All
DOC-0947,user_005,Principal Engineer,Read,True,Data Engineering,Project Gamma
DOC-0947,user_006,DevOps Engineer,Read,True,DevOps,Core Infrastructure
DOC-0947,user_007,Junior Developer,Read,True,Engineering,Project Delta
DOC-0947,user_008,Engineering Manager,Read,True,Engineering,All
DOC-0948,user_001,Engineer,Read,True,Engineering,Project Alpha
DOC-0948,user_002,Senior Engineer,Read,True,Platform,Project Beta
DOC-0948,user_003,Architect,Read,True,Architecture,All
DOC-0948,user_004,Security Engineer,Read,True,Security,All
DOC-0948,user_005,Principal Engineer,Read,True,Data Engineering,Project Gamma
DOC-0948,user_006,DevOps Engineer,Read,True,DevOps,Core Infrastructure
DOC-0948,user_007,Junior Developer,Read,True,Engineering,Project Delta
DOC-0948,user_008,Engineering Manager,Read,True,Engineering,All
DOC-0949,user_001,Engineer,None,False,Engineering,Project Alpha
DOC-0949,user_002,Senior Engineer,None,False,Platform,Project Beta
DOC-0949,user_003,Architect,Read,True,Architecture,All
DOC-0949,user_004,Security Engineer,Read,True,Security,All
DOC-0949,user_005,Principal Engineer,None,False,Data Engineering,Project Gamma
DOC-0949,user_006,DevOps Engineer,Read,True,DevOps,Core Infrastructure
DOC-0949,user_007,Junior Developer,None,False,Engineering,Project Delta
DOC-0949,user_008,Engineering Manager,None,False,Engineering,All
DOC-0950,user_001,Engineer,None,False,Engineering,Project Alpha
DOC-0950,user_002,Senior Engineer,None,False,Platform,Project Beta
DOC-0950,user_003,Architect,Read,True,Architecture,All
DOC-0950,user_004,Security Engineer,Read,True,Security,All
DOC-0950,user_005,Principal Engineer,Read,True,Data Engineering,Project Gamma
DOC-0950,user_006,DevOps Engineer,None,False,DevOps,Core Infrastructure
DOC-0950,user_007,Junior Developer,None,False,Engineering,Project Delta
DOC-0950,user_008,Engineering Manager,None,False,Engineering,All
DOC-0951,user_001,Engineer,Read,True,Engineering,Project Alpha
DOC-0951,user_002,Senior Engineer,Read,True,Platform,Project Beta
DOC-0951,user_003,Architect,Read,True,Architecture,All
DOC-0951,user_004,Security Engineer,Read,True,Security,All
DOC-0951,user_005,Principal Engineer,Read,True,Data Engineering,Project Gamma
DOC-0951,user_006,DevOps Engineer,Read,True,DevOps,Core Infrastructure
DOC-0951,user_007,Junior Developer,Read,True,Engineering,Project Delta
DOC-0951,user_008,Engineering Manager,Read,True,Engineering,All
DOC-0952,user_001,Engineer,None,False,Engineering,Project Alpha
DOC-0952,user_002,Senior Engineer,None,False,Platform,Project Beta
DOC-0952,user_003,Architect,Read,True,Architecture,All
DOC-0952,user_004,Security Engineer,Read,True,Security,All
DOC-0952,user_005,Principal Engineer,None,False,Data Engineering,Project Gamma
DOC-0952,user_006,DevOps Engineer,Read,True,DevOps,Core Infrastructure
DOC-0952,user_007,Junior Developer,None,False,Engineering,Project Delta
DOC-0952,user_008,Engineering Manager,None,False,Engineering,All
DOC-0953,user_001,Engineer,None,False,Engineering,Project Alpha
DOC-0953,user_002,Senior Engineer,None,False,Platform,Project Beta
DOC-0953,user_003,Architect,Read,True,Architecture,All
DOC-0953,user_004,Security Engineer,Read,True,Security,All
DOC-0953,user_005,Principal Engineer,None,False,Data Engineering,Project Gamma
DOC-0953,user_006,DevOps Engineer,None,False,DevOps,Core Infrastructure
DOC-0953,user_007,Junior Developer,None,False,Engineering,Project Delta
DOC-0953,user_008,Engineering Manager,None,False,Engineering,All
DOC-0954,user_001,Engineer,Read,True,Engineering,Project Alpha
DOC-0954,user_002,Senior Engineer,Read,True,Platform,Project Beta
DOC-0954,user_003,Architect,Read,True,Architecture,All
DOC-0954,user_004,Security Engineer,Read,True,Security,All
DOC-0954,user_005,Principal Engineer,Read,True,Data Engineering,Project Gamma
DOC-0954,user_006,DevOps Engineer,Read,True,DevOps,Core Infrastructure
DOC-0954,user_007,Junior Developer,Read,True,Engineering,Project Delta
DOC-0954,user_008,Engineering Manager,Read,True,Engineering,All
DOC-0955,user_001,Engineer,Read,True,Engineering,Project Alpha
DOC-0955,user_002,Senior Engineer,None,False,Platform,Project Beta
DOC-0955,user_003,Architect,Read,True,Architecture,All
DOC-0955,user_004,Security Engineer,Read,True,Security,All
DOC-0955,user_005,Principal Engineer,None,False,Data Engineering,Project Gamma
DOC-0955,user_006,DevOps Engineer,None,False,DevOps,Core Infrastructure
DOC-0955,user_007,Junior Developer,None,False,Engineering,Project Delta
DOC-0955,user_008,Engineering Manager,None,False,Engineering,All
DOC-0956,user_001,Engineer,None,False,Engineering,Project Alpha
DOC-0956,user_002,Senior Engineer,None,False,Platform,Project Beta
DOC-0956,user_003,Architect,Read,True,Architecture,All
DOC-0956,user_004,Security Engineer,Read,True,Security,All
DOC-0956,user_005,Principal Engineer,None,False,Data Engineering,Project Gamma
DOC-0956,user_006,DevOps Engineer,None,False,DevOps,Core Infrastructure
DOC-0956,user_007,Junior Developer,None,False,Engineering,Project Delta
DOC-0956,user_008,Engineering Manager,None,False,Engineering,All
DOC-0957,user_001,Engineer,None,False,Engineering,Project Alpha
DOC-0957,user_002,Senior Engineer,None,False,Platform,Project Beta
DOC-0957,user_003,Architect,Read,True,Architecture,All
DOC-0957,user_004,Security Engineer,Read,True,Security,All
DOC-0957,user_005,Principal Engineer,Read,True,Data Engineering,Project Gamma
DOC-0957,user_006,DevOps Engineer,None,False,DevOps,Core Infrastructure
DOC-0957,user_007,Junior Developer,None,False,Engineering,Project Delta
DOC-0957,user_008,Engineering Manager,None,False,Engineering,All
DOC-0958,user_001,Engineer,None,False,Engineering,Project Alpha
DOC-0958,user_002,Senior Engineer,Read,True,Platform,Project Beta
DOC-0958,user_003,Architect,Read,True,Architecture,All
DOC-0958,user_004,Security Engineer,Read,True,Security,All
DOC-0958,user_005,Principal Engineer,None,False,Data Engineering,Project Gamma
DOC-0958,user_006,DevOps Engineer,None,False,DevOps,Core Infrastructure
DOC-0958,user_007,Junior Developer,None,False,Engineering,Project Delta
DOC-0958,user_008,Engineering Manager,None,False,Engineering,All
DOC-0959,user_001,Engineer,None,False,Engineering,Project Alpha
DOC-0959,user_002,Senior Engineer,None,False,Platform,Project Beta
DOC-0959,user_003,Architect,Read,True,Architecture,All
DOC-0959,user_004,Security Engineer,Read,True,Security,All
DOC-0959,user_005,Principal Engineer,None,False,Data Engineering,Project Gamma
DOC-0959,user_006,DevOps Engineer,None,False,DevOps,Core Infrastructure
DOC-0959,user_007,Junior Developer,None,False,Engineering,Project Delta
DOC-0959,user_008,Engineering Manager,None,False,Engineering,All
DOC-0960,user_001,Engineer,None,False,Engineering,Project Alpha
DOC-0960,user_002,Senior Engineer,None,False,Platform,Project Beta
DOC-0960,user_003,Architect,Read,True,Architecture,All
DOC-0960,user_004,Security Engineer,Read,True,Security,All
DOC-0960,user_005,Principal Engineer,None,False,Data Engineering,Project Gamma
DOC-0960,user_006,DevOps Engineer,None,False,DevOps,Core Infrastructure
DOC-0960,user_007,Junior Developer,Read,True,Engineering,Project Delta
DOC-0960,user_008,Engineering Manager,None,False,Engineering,All
DOC-0961,user_001,Engineer,Read,True,Engineering,Project Alpha
DOC-0961,user_002,Senior Engineer,Read,True,Platform,Project Beta
DOC-0961,user_003,Architect,Read,True,Architecture,All
DOC-0961,user_004,Security Engineer,Read,True,Security,All
DOC-0961,user_005,Principal Engineer,Read,True,Data Engineering,Project Gamma
DOC-0961,user_006,DevOps Engineer,Read,True,DevOps,Core Infrastructure
DOC-0961,user_007,Junior Developer,Read,True,Engineering,Project Delta
DOC-0961,user_008,Engineering Manager,Read,True,Engineering,All
DOC-0962,user_001,Engineer,None,False,Engineering,Project Alpha
DOC-0962,user_002,Senior Engineer,None,False,Platform,Project Beta
DOC-0962,user_003,Architect,Read,True,Architecture,All
DOC-0962,user_004,Security Engineer,Read,True,Security,All
DOC-0962,user_005,Principal Engineer,None,False,Data Engineering,Project Gamma
DOC-0962,user_006,DevOps Engineer,None,False,DevOps,Core Infrastructure
DOC-0962,user_007,Junior Developer,None,False,Engineering,Project Delta
DOC-0962,user_008,Engineering Manager,None,False,Engineering,All
DOC-0963,user_001,Engineer,Read,True,Engineering,Project Alpha
DOC-0963,user_002,Senior Engineer,Read,True,Platform,Project Beta
DOC-0963,user_003,Architect,Read,True,Architecture,All
DOC-0963,user_004,Security Engineer,Read,True,Security,All
DOC-0963,user_005,Principal Engineer,Read,True,Data Engineering,Project Gamma
DOC-0963,user_006,DevOps Engineer,Read,True,DevOps,Core Infrastructure
DOC-0963,user_007,Junior Developer,Read,True,Engineering,Project Delta
DOC-0963,user_008,Engineering Manager,Read,True,Engineering,All
DOC-0964,user_001,Engineer,Read,True,Engineering,Project Alpha
DOC-0964,user_002,Senior Engineer,Read,True,Platform,Project Beta
DOC-0964,user_003,Architect,Read,True,Architecture,All
DOC-0964,user_004,Security Engineer,Read,True,Security,All
DOC-0964,user_005,Principal Engineer,Read,True,Data Engineering,Project Gamma
DOC-0964,user_006,DevOps Engineer,Read,True,DevOps,Core Infrastructure
DOC-0964,user_007,Junior Developer,Read,True,Engineering,Project Delta
DOC-0964,user_008,Engineering Manager,Read,True,Engineering,All
DOC-0965,user_001,Engineer,None,False,Engineering,Project Alpha
DOC-0965,user_002,Senior Engineer,None,False,Platform,Project Beta
DOC-0965,user_003,Architect,Read,True,Architecture,All
DOC-0965,user_004,Security Engineer,Read,True,Security,All
DOC-0965,user_005,Principal Engineer,None,False,Data Engineering,Project Gamma
DOC-0965,user_006,DevOps Engineer,None,False,DevOps,Core Infrastructure
DOC-0965,user_007,Junior Developer,None,False,Engineering,Project Delta
DOC-0965,user_008,Engineering Manager,None,False,Engineering,All
DOC-0966,user_001,Engineer,Read,True,Engineering,Project Alpha
DOC-0966,user_002,Senior Engineer,Read,True,Platform,Project Beta
DOC-0966,user_003,Architect,Read,True,Architecture,All
DOC-0966,user_004,Security Engineer,Read,True,Security,All
DOC-0966,user_005,Principal Engineer,Read,True,Data Engineering,Project Gamma
DOC-0966,user_006,DevOps Engineer,Read,True,DevOps,Core Infrastructure
DOC-0966,user_007,Junior Developer,Read,True,Engineering,Project Delta
DOC-0966,user_008,Engineering Manager,Read,True,Engineering,All
DOC-0967,user_001,Engineer,Read,True,Engineering,Project Alpha
DOC-0967,user_002,Senior Engineer,Read,True,Platform,Project Beta
DOC-0967,user_003,Architect,Read,True,Architecture,All
DOC-0967,user_004,Security Engineer,Read,True,Security,All
DOC-0967,user_005,Principal Engineer,Read,True,Data Engineering,Project Gamma
DOC-0967,user_006,DevOps Engineer,Read,True,DevOps,Core Infrastructure
DOC-0967,user_007,Junior Developer,Read,True,Engineering,Project Delta
DOC-0967,user_008,Engineering Manager,Read,True,Engineering,All
DOC-0968,user_001,Engineer,Read,True,Engineering,Project Alpha
DOC-0968,user_002,Senior Engineer,Read,True,Platform,Project Beta
DOC-0968,user_003,Architect,Read,True,Architecture,All
DOC-0968,user_004,Security Engineer,Read,True,Security,All
DOC-0968,user_005,Principal Engineer,Read,True,Data Engineering,Project Gamma
DOC-0968,user_006,DevOps Engineer,Read,True,DevOps,Core Infrastructure
DOC-0968,user_007,Junior Developer,Read,True,Engineering,Project Delta
DOC-0968,user_008,Engineering Manager,Read,True,Engineering,All
DOC-0969,user_001,Engineer,None,False,Engineering,Project Alpha
DOC-0969,user_002,Senior Engineer,None,False,Platform,Project Beta
DOC-0969,user_003,Architect,Read,True,Architecture,All
DOC-0969,user_004,Security Engineer,Read,True,Security,All
DOC-0969,user_005,Principal Engineer,None,False,Data Engineering,Project Gamma
DOC-0969,user_006,DevOps Engineer,None,False,DevOps,Core Infrastructure
DOC-0969,user_007,Junior Developer,Read,True,Engineering,Project Delta
DOC-0969,user_008,Engineering Manager,None,False,Engineering,All
DOC-0970,user_001,Engineer,None,False,Engineering,Project Alpha
DOC-0970,user_002,Senior Engineer,None,False,Platform,Project Beta
DOC-0970,user_003,Architect,Read,True,Architecture,All
DOC-0970,user_004,Security Engineer,Read,True,Security,All
DOC-0970,user_005,Principal Engineer,Read,True,Data Engineering,Project Gamma
DOC-0970,user_006,DevOps Engineer,None,False,DevOps,Core Infrastructure
DOC-0970,user_007,Junior Developer,None,False,Engineering,Project Delta
DOC-0970,user_008,Engineering Manager,None,False,Engineering,All
DOC-0971,user_001,Engineer,Read,True,Engineering,Project Alpha
DOC-0971,user_002,Senior Engineer,Read,True,Platform,Project Beta
DOC-0971,user_003,Architect,Read,True,Architecture,All
DOC-0971,user_004,Security Engineer,Read,True,Security,All
DOC-0971,user_005,Principal Engineer,Read,True,Data Engineering,Project Gamma
DOC-0971,user_006,DevOps Engineer,Read,True,DevOps,Core Infrastructure
DOC-0971,user_007,Junior Developer,Read,True,Engineering,Project Delta
DOC-0971,user_008,Engineering Manager,Read,True,Engineering,All
DOC-0972,user_001,Engineer,Read,True,Engineering,Project Alpha
DOC-0972,user_002,Senior Engineer,None,False,Platform,Project Beta
DOC-0972,user_003,Architect,Read,True,Architecture,All
DOC-0972,user_004,Security Engineer,Read,True,Security,All
DOC-0972,user_005,Principal Engineer,None,False,Data Engineering,Project Gamma
DOC-0972,user_006,DevOps Engineer,None,False,DevOps,Core Infrastructure
DOC-0972,user_007,Junior Developer,None,False,Engineering,Project Delta
DOC-0972,user_008,Engineering Manager,None,False,Engineering,All
DOC-0973,user_001,Engineer,Read,True,Engineering,Project Alpha
DOC-0973,user_002,Senior Engineer,Read,True,Platform,Project Beta
DOC-0973,user_003,Architect,Read,True,Architecture,All
DOC-0973,user_004,Security Engineer,Read,True,Security,All
DOC-0973,user_005,Principal Engineer,Read,True,Data Engineering,Project Gamma
DOC-0973,user_006,DevOps Engineer,Read,True,DevOps,Core Infrastructure
DOC-0973,user_007,Junior Developer,Read,True,Engineering,Project Delta
DOC-0973,user_008,Engineering Manager,Read,True,Engineering,All
DOC-0974,user_001,Engineer,Read,True,Engineering,Project Alpha
DOC-0974,user_002,Senior Engineer,Read,True,Platform,Project Beta
DOC-0974,user_003,Architect,Read,True,Architecture,All
DOC-0974,user_004,Security Engineer,Read,True,Security,All
DOC-0974,user_005,Principal Engineer,Read,True,Data Engineering,Project Gamma
DOC-0974,user_006,DevOps Engineer,Read,True,DevOps,Core Infrastructure
DOC-0974,user_007,Junior Developer,Read,True,Engineering,Project Delta
DOC-0974,user_008,Engineering Manager,Read,True,Engineering,All
DOC-0975,user_001,Engineer,Read,True,Engineering,Project Alpha
DOC-0975,user_002,Senior Engineer,Read,True,Platform,Project Beta
DOC-0975,user_003,Architect,Read,True,Architecture,All
DOC-0975,user_004,Security Engineer,Read,True,Security,All
DOC-0975,user_005,Principal Engineer,Read,True,Data Engineering,Project Gamma
DOC-0975,user_006,DevOps Engineer,Read,True,DevOps,Core Infrastructure
DOC-0975,user_007,Junior Developer,Read,True,Engineering,Project Delta
DOC-0975,user_008,Engineering Manager,Read,True,Engineering,All
DOC-0976,user_001,Engineer,Read,True,Engineering,Project Alpha
DOC-0976,user_002,Senior Engineer,Read,True,Platform,Project Beta
DOC-0976,user_003,Architect,Read,True,Architecture,All
DOC-0976,user_004,Security Engineer,Read,True,Security,All
DOC-0976,user_005,Principal Engineer,Read,True,Data Engineering,Project Gamma
DOC-0976,user_006,DevOps Engineer,Read,True,DevOps,Core Infrastructure
DOC-0976,user_007,Junior Developer,Read,True,Engineering,Project Delta
DOC-0976,user_008,Engineering Manager,Read,True,Engineering,All
DOC-0977,user_001,Engineer,Read,True,Engineering,Project Alpha
DOC-0977,user_002,Senior Engineer,Read,True,Platform,Project Beta
DOC-0977,user_003,Architect,Read,True,Architecture,All
DOC-0977,user_004,Security Engineer,Read,True,Security,All
DOC-0977,user_005,Principal Engineer,Read,True,Data Engineering,Project Gamma
DOC-0977,user_006,DevOps Engineer,Read,True,DevOps,Core Infrastructure
DOC-0977,user_007,Junior Developer,Read,True,Engineering,Project Delta
DOC-0977,user_008,Engineering Manager,Read,True,Engineering,All
DOC-0978,user_001,Engineer,Read,True,Engineering,Project Alpha
DOC-0978,user_002,Senior Engineer,Read,True,Platform,Project Beta
DOC-0978,user_003,Architect,Read,True,Architecture,All
DOC-0978,user_004,Security Engineer,Read,True,Security,All
DOC-0978,user_005,Principal Engineer,Read,True,Data Engineering,Project Gamma
DOC-0978,user_006,DevOps Engineer,Read,True,DevOps,Core Infrastructure
DOC-0978,user_007,Junior Developer,Read,True,Engineering,Project Delta
DOC-0978,user_008,Engineering Manager,Read,True,Engineering,All
DOC-0979,user_001,Engineer,Read,True,Engineering,Project Alpha
DOC-0979,user_002,Senior Engineer,Read,True,Platform,Project Beta
DOC-0979,user_003,Architect,Read,True,Architecture,All
DOC-0979,user_004,Security Engineer,Read,True,Security,All
DOC-0979,user_005,Principal Engineer,Read,True,Data Engineering,Project Gamma
DOC-0979,user_006,DevOps Engineer,Read,True,DevOps,Core Infrastructure
DOC-0979,user_007,Junior Developer,Read,True,Engineering,Project Delta
DOC-0979,user_008,Engineering Manager,Read,True,Engineering,All
DOC-0980,user_001,Engineer,Read,True,Engineering,Project Alpha
DOC-0980,user_002,Senior Engineer,Read,True,Platform,Project Beta
DOC-0980,user_003,Architect,Read,True,Architecture,All
DOC-0980,user_004,Security Engineer,Read,True,Security,All
DOC-0980,user_005,Principal Engineer,Read,True,Data Engineering,Project Gamma
DOC-0980,user_006,DevOps Engineer,Read,True,DevOps,Core Infrastructure
DOC-0980,user_007,Junior Developer,Read,True,Engineering,Project Delta
DOC-0980,user_008,Engineering Manager,Read,True,Engineering,All
DOC-0981,user_001,Engineer,None,False,Engineering,Project Alpha
DOC-0981,user_002,Senior Engineer,None,False,Platform,Project Beta
DOC-0981,user_003,Architect,Read,True,Architecture,All
DOC-0981,user_004,Security Engineer,Read,True,Security,All
DOC-0981,user_005,Principal Engineer,None,False,Data Engineering,Project Gamma
DOC-0981,user_006,DevOps Engineer,Read,True,DevOps,Core Infrastructure
DOC-0981,user_007,Junior Developer,None,False,Engineering,Project Delta
DOC-0981,user_008,Engineering Manager,None,False,Engineering,All
DOC-0982,user_001,Engineer,Read,True,Engineering,Project Alpha
DOC-0982,user_002,Senior Engineer,Read,True,Platform,Project Beta
DOC-0982,user_003,Architect,Read,True,Architecture,All
DOC-0982,user_004,Security Engineer,Read,True,Security,All
DOC-0982,user_005,Principal Engineer,Read,True,Data Engineering,Project Gamma
DOC-0982,user_006,DevOps Engineer,Read,True,DevOps,Core Infrastructure
DOC-0982,user_007,Junior Developer,Read,True,Engineering,Project Delta
DOC-0982,user_008,Engineering Manager,Read,True,Engineering,All
DOC-0983,user_001,Engineer,None,False,Engineering,Project Alpha
DOC-0983,user_002,Senior Engineer,None,False,Platform,Project Beta
DOC-0983,user_003,Architect,Read,True,Architecture,All
DOC-0983,user_004,Security Engineer,Read,True,Security,All
DOC-0983,user_005,Principal Engineer,None,False,Data Engineering,Project Gamma
DOC-0983,user_006,DevOps Engineer,None,False,DevOps,Core Infrastructure
DOC-0983,user_007,Junior Developer,None,False,Engineering,Project Delta
DOC-0983,user_008,Engineering Manager,None,False,Engineering,All
DOC-0984,user_001,Engineer,Read,True,Engineering,Project Alpha
DOC-0984,user_002,Senior Engineer,Read,True,Platform,Project Beta
DOC-0984,user_003,Architect,Read,True,Architecture,All
DOC-0984,user_004,Security Engineer,Read,True,Security,All
DOC-0984,user_005,Principal Engineer,Read,True,Data Engineering,Project Gamma
DOC-0984,user_006,DevOps Engineer,Read,True,DevOps,Core Infrastructure
DOC-0984,user_007,Junior Developer,Read,True,Engineering,Project Delta
DOC-0984,user_008,Engineering Manager,Read,True,Engineering,All
DOC-0985,user_001,Engineer,None,False,Engineering,Project Alpha
DOC-0985,user_002,Senior Engineer,None,False,Platform,Project Beta
DOC-0985,user_003,Architect,Read,True,Architecture,All
DOC-0985,user_004,Security Engineer,Read,True,Security,All
DOC-0985,user_005,Principal Engineer,Read,True,Data Engineering,Project Gamma
DOC-0985,user_006,DevOps Engineer,None,False,DevOps,Core Infrastructure
DOC-0985,user_007,Junior Developer,None,False,Engineering,Project Delta
DOC-0985,user_008,Engineering Manager,None,False,Engineering,All
DOC-0986,user_001,Engineer,None,False,Engineering,Project Alpha
DOC-0986,user_002,Senior Engineer,None,False,Platform,Project Beta
DOC-0986,user_003,Architect,Read,True,Architecture,All
DOC-0986,user_004,Security Engineer,Read,True,Security,All
DOC-0986,user_005,Principal Engineer,None,False,Data Engineering,Project Gamma
DOC-0986,user_006,DevOps Engineer,None,False,DevOps,Core Infrastructure
DOC-0986,user_007,Junior Developer,Read,True,Engineering,Project Delta
DOC-0986,user_008,Engineering Manager,None,False,Engineering,All
DOC-0987,user_001,Engineer,None,False,Engineering,Project Alpha
DOC-0987,user_002,Senior Engineer,Read,True,Platform,Project Beta
DOC-0987,user_003,Architect,Read,True,Architecture,All
DOC-0987,user_004,Security Engineer,Read,True,Security,All
DOC-0987,user_005,Principal Engineer,None,False,Data Engineering,Project Gamma
DOC-0987,user_006,DevOps Engineer,None,False,DevOps,Core Infrastructure
DOC-0987,user_007,Junior Developer,None,False,Engineering,Project Delta
DOC-0987,user_008,Engineering Manager,None,False,Engineering,All
DOC-0988,user_001,Engineer,Read,True,Engineering,Project Alpha
DOC-0988,user_002,Senior Engineer,Read,True,Platform,Project Beta
DOC-0988,user_003,Architect,Read,True,Architecture,All
DOC-0988,user_004,Security Engineer,Read,True,Security,All
DOC-0988,user_005,Principal Engineer,Read,True,Data Engineering,Project Gamma
DOC-0988,user_006,DevOps Engineer,Read,True,DevOps,Core Infrastructure
DOC-0988,user_007,Junior Developer,Read,True,Engineering,Project Delta
DOC-0988,user_008,Engineering Manager,Read,True,Engineering,All
DOC-0989,user_001,Engineer,None,False,Engineering,Project Alpha
DOC-0989,user_002,Senior Engineer,None,False,Platform,Project Beta
DOC-0989,user_003,Architect,Read,True,Architecture,All
DOC-0989,user_004,Security Engineer,Read,True,Security,All
DOC-0989,user_005,Principal Engineer,None,False,Data Engineering,Project Gamma
DOC-0989,user_006,DevOps Engineer,None,False,DevOps,Core Infrastructure
DOC-0989,user_007,Junior Developer,Read,True,Engineering,Project Delta
DOC-0989,user_008,Engineering Manager,None,False,Engineering,All
DOC-0990,user_001,Engineer,None,False,Engineering,Project Alpha
DOC-0990,user_002,Senior Engineer,None,False,Platform,Project Beta
DOC-0990,user_003,Architect,Read,True,Architecture,All
DOC-0990,user_004,Security Engineer,Read,True,Security,All
DOC-0990,user_005,Principal Engineer,None,False,Data Engineering,Project Gamma
DOC-0990,user_006,DevOps Engineer,None,False,DevOps,Core Infrastructure
DOC-0990,user_007,Junior Developer,None,False,Engineering,Project Delta
DOC-0990,user_008,Engineering Manager,None,False,Engineering,All
DOC-0991,user_001,Engineer,None,False,Engineering,Project Alpha
DOC-0991,user_002,Senior Engineer,Read,True,Platform,Project Beta
DOC-0991,user_003,Architect,Read,True,Architecture,All
DOC-0991,user_004,Security Engineer,Read,True,Security,All
DOC-0991,user_005,Principal Engineer,None,False,Data Engineering,Project Gamma
DOC-0991,user_006,DevOps Engineer,None,False,DevOps,Core Infrastructure
DOC-0991,user_007,Junior Developer,None,False,Engineering,Project Delta
DOC-0991,user_008,Engineering Manager,None,False,Engineering,All
DOC-0992,user_001,Engineer,None,False,Engineering,Project Alpha
DOC-0992,user_002,Senior Engineer,None,False,Platform,Project Beta
DOC-0992,user_003,Architect,Read,True,Architecture,All
DOC-0992,user_004,Security Engineer,Read,True,Security,All
DOC-0992,user_005,Principal Engineer,None,False,Data Engineering,Project Gamma
DOC-0992,user_006,DevOps Engineer,None,False,DevOps,Core Infrastructure
DOC-0992,user_007,Junior Developer,None,False,Engineering,Project Delta
DOC-0992,user_008,Engineering Manager,None,False,Engineering,All
DOC-0993,user_001,Engineer,Read,True,Engineering,Project Alpha
DOC-0993,user_002,Senior Engineer,None,False,Platform,Project Beta
DOC-0993,user_003,Architect,Read,True,Architecture,All
DOC-0993,user_004,Security Engineer,Read,True,Security,All
DOC-0993,user_005,Principal Engineer,None,False,Data Engineering,Project Gamma
DOC-0993,user_006,DevOps Engineer,None,False,DevOps,Core Infrastructure
DOC-0993,user_007,Junior Developer,None,False,Engineering,Project Delta
DOC-0993,user_008,Engineering Manager,None,False,Engineering,All
DOC-0994,user_001,Engineer,None,False,Engineering,Project Alpha
DOC-0994,user_002,Senior Engineer,None,False,Platform,Project Beta
DOC-0994,user_003,Architect,Read,True,Architecture,All
DOC-0994,user_004,Security Engineer,Read,True,Security,All
DOC-0994,user_005,Principal Engineer,None,False,Data Engineering,Project Gamma
DOC-0994,user_006,DevOps Engineer,None,False,DevOps,Core Infrastructure
DOC-0994,user_007,Junior Developer,Read,True,Engineering,Project Delta
DOC-0994,user_008,Engineering Manager,None,False,Engineering,All
DOC-0995,user_001,Engineer,Read,True,Engineering,Project Alpha
DOC-0995,user_002,Senior Engineer,Read,True,Platform,Project Beta
DOC-0995,user_003,Architect,Read,True,Architecture,All
DOC-0995,user_004,Security Engineer,Read,True,Security,All
DOC-0995,user_005,Principal Engineer,Read,True,Data Engineering,Project Gamma
DOC-0995,user_006,DevOps Engineer,Read,True,DevOps,Core Infrastructure
DOC-0995,user_007,Junior Developer,Read,True,Engineering,Project Delta
DOC-0995,user_008,Engineering Manager,Read,True,Engineering,All
DOC-0996,user_001,Engineer,None,False,Engineering,Project Alpha
DOC-0996,user_002,Senior Engineer,None,False,Platform,Project Beta
DOC-0996,user_003,Architect,Read,True,Architecture,All
DOC-0996,user_004,Security Engineer,Read,True,Security,All
DOC-0996,user_005,Principal Engineer,Read,True,Data Engineering,Project Gamma
DOC-0996,user_006,DevOps Engineer,None,False,DevOps,Core Infrastructure
DOC-0996,user_007,Junior Developer,None,False,Engineering,Project Delta
DOC-0996,user_008,Engineering Manager,None,False,Engineering,All
DOC-0997,user_001,Engineer,None,False,Engineering,Project Alpha
DOC-0997,user_002,Senior Engineer,None,False,Platform,Project Beta
DOC-0997,user_003,Architect,Read,True,Architecture,All
DOC-0997,user_004,Security Engineer,Read,True,Security,All
DOC-0997,user_005,Principal Engineer,None,False,Data Engineering,Project Gamma
DOC-0997,user_006,DevOps Engineer,None,False,DevOps,Core Infrastructure
DOC-0997,user_007,Junior Developer,Read,True,Engineering,Project Delta
DOC-0997,user_008,Engineering Manager,None,False,Engineering,All
DOC-0998,user_001,Engineer,Read,True,Engineering,Project Alpha
DOC-0998,user_002,Senior Engineer,None,False,Platform,Project Beta
DOC-0998,user_003,Architect,Read,True,Architecture,All
DOC-0998,user_004,Security Engineer,Read,True,Security,All
DOC-0998,user_005,Principal Engineer,None,False,Data Engineering,Project Gamma
DOC-0998,user_006,DevOps Engineer,None,False,DevOps,Core Infrastructure
DOC-0998,user_007,Junior Developer,None,False,Engineering,Project Delta
DOC-0998,user_008,Engineering Manager,None,False,Engineering,All
DOC-0999,user_001,Engineer,Read,True,Engineering,Project Alpha
DOC-0999,user_002,Senior Engineer,Read,True,Platform,Project Beta
DOC-0999,user_003,Architect,Read,True,Architecture,All
DOC-0999,user_004,Security Engineer,Read,True,Security,All
DOC-0999,user_005,Principal Engineer,Read,True,Data Engineering,Project Gamma
DOC-0999,user_006,DevOps Engineer,Read,True,DevOps,Core Infrastructure
DOC-0999,user_007,Junior Developer,Read,True,Engineering,Project Delta
DOC-0999,user_008,Engineering Manager,Read,True,Engineering,All
DOC-1000,user_001,Engineer,Read,True,Engineering,Project Alpha
DOC-1000,user_002,Senior Engineer,Read,True,Platform,Project Beta
DOC-1000,user_003,Architect,Read,True,Architecture,All
DOC-1000,user_004,Security Engineer,Read,True,Security,All
DOC-1000,user_005,Principal Engineer,Read,True,Data Engineering,Project Gamma
DOC-1000,user_006,DevOps Engineer,Read,True,DevOps,Core Infrastructure
DOC-1000,user_007,Junior Developer,Read,True,Engineering,Project Delta
DOC-1000,user_008,Engineering Manager,Read,True,Engineering,All
