revision_id,document_id,version,previous_version,revision_date,changed_by,change_type,change_summary,reason_for_change,approved_by,is_current
REV-ADR-001-v1,ADR-001,1.0,,2021-03-15,emp_102,Initial Creation,Initial baseline draft created.,Initial project requirement,emp_001,True
REV-ADR-002-v1,ADR-002,1.0,,2025-09-01,emp_003,Initial Creation,Initial baseline draft created.,Initial project requirement,emp_001,True
REV-DOC-0003-v1,DOC-0003,1.0,,2025-05-10,emp_004,Initial Creation,Initial baseline draft created.,Initial project requirement,emp_001,True
REV-DOC-0004-v1,DOC-0004,1.0,,2022-03-24,emp_130,Initial Creation,Initial baseline draft created.,Initial project requirement,emp_001,False
REV-DOC-0005-v1,DOC-0005,1.0,,2021-11-15,emp_448,Initial Creation,Initial baseline draft created.,Initial project requirement,emp_001,False
REV-DOC-0006-v1,DOC-0006,1.0,,2025-08-26,emp_665,Initial Creation,Initial baseline draft created.,Initial project requirement,,False
REV-DOC-0007-v1,DOC-0007,1.0,,2024-07-25,emp_384,Initial Creation,Initial baseline draft created.,Initial project requirement,,False
REV-DOC-0008-v1,DOC-0008,1.0,,2022-03-26,emp_755,Initial Creation,Initial baseline draft created.,Initial project requirement,,True
REV-DOC-0009-v1,DOC-0009,1.0,,2023-03-22,emp_771,Initial Creation,Initial baseline draft created.,Initial project requirement,,False
REV-DOC-0010-v1,DOC-0010,1.0,,2021-07-06,emp_621,Initial Creation,Initial baseline draft created.,Initial project requirement,emp_001,False
REV-DOC-0011-v1,DOC-0011,1.0,,2025-10-29,emp_357,Initial Creation,Initial baseline draft created.,Initial project requirement,,False
REV-DOC-0012-v1,DOC-0012,1.0,,2025-09-20,emp_208,Initial Creation,Initial baseline draft created.,Initial project requirement,,False
REV-DOC-0013-v1,DOC-0013,1.0,,2025-12-04,emp_159,Initial Creation,Initial baseline draft created.,Initial project requirement,emp_001,False
REV-DOC-0014-v1,DOC-0014,1.0,,2024-12-31,emp_652,Initial Creation,Initial baseline draft created.,Initial project requirement,,False
REV-DOC-0015-v1,DOC-0015,1.0,,2022-04-17,emp_702,Initial Creation,Initial baseline draft created.,Initial project requirement,,False
REV-DOC-0016-v1,DOC-0016,1.0,,2022-03-15,emp_785,Initial Creation,Initial baseline draft created.,Initial project requirement,,False
REV-DOC-0017-v1,DOC-0017,1.0,,2023-04-22,emp_462,Initial Creation,Initial baseline draft created.,Initial project requirement,emp_001,False
REV-DOC-0018-v1,DOC-0018,1.0,,2023-05-15,emp_559,Initial Creation,Initial baseline draft created.,Initial project requirement,,False
REV-DOC-0019-v1,DOC-0019,1.0,,2023-09-13,emp_516,Initial Creation,Initial baseline draft created.,Initial project requirement,emp_001,False
REV-DOC-0020-v1,DOC-0020,1.0,,2022-03-22,emp_294,Initial Creation,Initial baseline draft created.,Initial project requirement,emp_001,True
REV-ADR-021-v1,ADR-021,1.0,,2025-11-10,emp_001,Initial Creation,Initial baseline draft created.,Initial project requirement,emp_001,False
REV-DOC-0022-v1,DOC-0022,1.0,,2023-04-07,emp_791,Initial Creation,Initial baseline draft created.,Initial project requirement,emp_001,False
REV-DOC-0023-v1,DOC-0023,1.0,,2023-07-26,emp_787,Initial Creation,Initial baseline draft created.,Initial project requirement,emp_001,False
REV-DOC-0024-v1,DOC-0024,1.0,,2021-11-20,emp_478,Initial Creation,Initial baseline draft created.,Initial project requirement,,False
REV-DOC-0025-v1,DOC-0025,1.0,,2021-11-15,emp_209,Initial Creation,Initial baseline draft created.,Initial project requirement,,False
REV-DOC-0026-v1,DOC-0026,1.0,,2025-08-26,emp_749,Initial Creation,Initial baseline draft created.,Initial project requirement,emp_001,False
REV-DOC-0027-v1,DOC-0027,1.0,,01/23/2024,emp_807,Initial Creation,Initial baseline draft created.,Initial project requirement,,False
REV-DOC-0028-v1,DOC-0028,1.0,,2025-12-16,emp_462,Initial Creation,Initial baseline draft created.,Initial project requirement,,False
REV-DOC-0029-v1,DOC-0029,1.0,,2025-07-01,emp_901,Initial Creation,Initial baseline draft created.,Initial project requirement,,False
REV-DOC-0030-v1,DOC-0030,1.0,,2022-04-02,emp_412,Initial Creation,Initial baseline draft created.,Initial project requirement,,False
REV-DOC-0031-v1,DOC-0031,1.0,,2022-01-01,emp_218,Initial Creation,Initial baseline draft created.,Initial project requirement,,False
REV-DOC-0032-v1,DOC-0032,1.0,,2024-12-22,emp_360,Initial Creation,Initial baseline draft created.,Initial project requirement,emp_001,False
REV-DOC-0033-v1,DOC-0033,1.0,,2023-11-05,emp_837,Initial Creation,Initial baseline draft created.,Initial project requirement,,False
REV-DOC-0034-v1,DOC-0034,1.0,,2025-09-04,emp_515,Initial Creation,Initial baseline draft created.,Initial project requirement,,False
REV-DOC-0035-v1,DOC-0035,1.0,,2024-09-21,emp_390,Initial Creation,Initial baseline draft created.,Initial project requirement,,False
REV-DOC-0036-v1,DOC-0036,1.0,,2025-12-20,emp_566,Initial Creation,Initial baseline draft created.,Initial project requirement,,False
REV-DOC-0037-v1,DOC-0037,1.0,,2025-07-05,emp_324,Initial Creation,Initial baseline draft created.,Initial project requirement,,True
REV-DOC-0038-v1,DOC-0038,1.0,,2023-05-24,emp_727,Initial Creation,Initial baseline draft created.,Initial project requirement,,False
REV-DOC-0039-v1,DOC-0039,1.0,,2021-06-08,emp_381,Initial Creation,Initial baseline draft created.,Initial project requirement,,False
REV-DOC-0040-v1,DOC-0040,1.0,,2024-01-17,emp_517,Initial Creation,Initial baseline draft created.,Initial project requirement,,False
REV-DOC-0041-v1,DOC-0041,1.0,,10/14/2025,emp_871,Initial Creation,Initial baseline draft created.,Initial project requirement,,False
REV-DOC-0042-v1,DOC-0042,1.0,,2023-12-30,emp_230,Initial Creation,Initial baseline draft created.,Initial project requirement,,False
REV-DOC-0043-v1,DOC-0043,1.0,,2023-07-21,emp_435,Initial Creation,Initial baseline draft created.,Initial project requirement,,False
REV-DOC-0044-v1,DOC-0044,1.0,,2025-05-19,emp_329,Initial Creation,Initial baseline draft created.,Initial project requirement,emp_001,True
REV-DOC-0045-v1,DOC-0045,1.0,,2021-12-10,emp_885,Initial Creation,Initial baseline draft created.,Initial project requirement,emp_001,False
REV-DOC-0046-v1,DOC-0046,1.0,,2024-11-15,emp_177,Initial Creation,Initial baseline draft created.,Initial project requirement,emp_001,False
REV-DOC-0047-v1,DOC-0047,1.0,,2024-08-19,emp_170,Initial Creation,Initial baseline draft created.,Initial project requirement,emp_001,False
REV-DOC-0048-v1,DOC-0048,1.0,,2026-06-01,emp_851,Initial Creation,Initial baseline draft created.,Initial project requirement,,False
REV-DOC-0049-v1,DOC-0049,1.0,,05/15/2022,emp_385,Initial Creation,Initial baseline draft created.,Initial project requirement,,False
REV-DOC-0050-v1,DOC-0050,1.0,,2025-12-08,emp_448,Initial Creation,Initial baseline draft created.,Initial project requirement,,False
REV-DOC-0051-v1,DOC-0051,1.0,,2021-07-10,emp_558,Initial Creation,Initial baseline draft created.,Initial project requirement,,False
REV-DOC-0052-v1,DOC-0052,1.0,,2022-07-09,emp_819,Initial Creation,Initial baseline draft created.,Initial project requirement,,False
REV-DOC-0053-v1,DOC-0053,1.0,,2026-06-24,emp_841,Initial Creation,Initial baseline draft created.,Initial project requirement,,False
REV-DOC-0054-v1,DOC-0054,1.0,,2024-11-29,emp_666,Initial Creation,Initial baseline draft created.,Initial project requirement,,False
REV-DOC-0055-v1,DOC-0055,1.0,,2023-04-01,emp_941,Initial Creation,Initial baseline draft created.,Initial project requirement,emp_001,False
REV-DOC-0056-v1,DOC-0056,1.0,,2024-05-26,emp_882,Initial Creation,Initial baseline draft created.,Initial project requirement,,False
REV-DOC-0057-v1,DOC-0057,1.0,,2024-07-05,emp_881,Initial Creation,Initial baseline draft created.,Initial project requirement,,True
REV-DOC-0058-v1,DOC-0058,1.0,,2022-08-14,emp_133,Initial Creation,Initial baseline draft created.,Initial project requirement,,False
REV-DOC-0059-v1,DOC-0059,1.0,,2022-04-06,emp_217,Initial Creation,Initial baseline draft created.,Initial project requirement,,True
REV-DOC-0060-v1,DOC-0060,1.0,,2024-12-04,emp_805,Initial Creation,Initial baseline draft created.,Initial project requirement,,False
REV-DOC-0061-v1,DOC-0061,1.0,,2024-04-17,emp_334,Initial Creation,Initial baseline draft created.,Initial project requirement,,False
REV-DOC-0062-v1,DOC-0062,1.0,,2023-04-17,emp_581,Initial Creation,Initial baseline draft created.,Initial project requirement,,False
REV-DOC-0063-v1,DOC-0063,1.0,,2022-06-01,emp_190,Initial Creation,Initial baseline draft created.,Initial project requirement,emp_001,False
REV-DOC-0064-v1,DOC-0064,1.0,,2025-04-06,emp_740,Initial Creation,Initial baseline draft created.,Initial project requirement,,False
REV-DOC-0065-v1,DOC-0065,1.0,,2021-01-29,emp_418,Initial Creation,Initial baseline draft created.,Initial project requirement,emp_001,False
REV-DOC-0066-v1,DOC-0066,1.0,,2026-07-01,emp_954,Initial Creation,Initial baseline draft created.,Initial project requirement,,False
REV-DOC-0067-v1,DOC-0067,1.0,,2022-07-02,emp_448,Initial Creation,Initial baseline draft created.,Initial project requirement,,False
REV-DOC-0068-v1,DOC-0068,1.0,,2026-07-02,emp_429,Initial Creation,Initial baseline draft created.,Initial project requirement,,False
REV-DOC-0069-v1,DOC-0069,1.0,,10/26/2023,emp_137,Initial Creation,Initial baseline draft created.,Initial project requirement,,False
REV-DOC-0070-v1,DOC-0070,1.0,,2024-11-19,emp_446,Initial Creation,Initial baseline draft created.,Initial project requirement,emp_001,False
REV-DOC-0071-v1,DOC-0071,1.0,,2022-04-11,emp_340,Initial Creation,Initial baseline draft created.,Initial project requirement,emp_001,False
REV-DOC-0072-v1,DOC-0072,1.0,,2023-06-02,emp_467,Initial Creation,Initial baseline draft created.,Initial project requirement,,True
REV-DOC-0073-v1,DOC-0073,1.0,,2024-07-30,emp_337,Initial Creation,Initial baseline draft created.,Initial project requirement,,False
REV-DOC-0074-v1,DOC-0074,1.0,,2023-07-25,emp_806,Initial Creation,Initial baseline draft created.,Initial project requirement,,False
REV-DOC-0075-v1,DOC-0075,1.0,,2024-03-05,emp_381,Initial Creation,Initial baseline draft created.,Initial project requirement,emp_001,False
REV-DOC-0076-v1,DOC-0076,1.0,,2024-07-10,emp_794,Initial Creation,Initial baseline draft created.,Initial project requirement,emp_001,False
REV-DOC-0077-v1,DOC-0077,1.0,,2025-05-30,emp_305,Initial Creation,Initial baseline draft created.,Initial project requirement,,False
REV-DOC-0078-v1,DOC-0078,1.0,,2021-10-16,emp_579,Initial Creation,Initial baseline draft created.,Initial project requirement,,False
REV-DOC-0079-v1,DOC-0079,1.0,,2021-09-11,emp_370,Initial Creation,Initial baseline draft created.,Initial project requirement,,False
REV-DOC-0080-v1,DOC-0080,1.0,,2022-11-03,emp_734,Initial Creation,Initial baseline draft created.,Initial project requirement,,False
REV-DOC-0081-v1,DOC-0081,1.0,,2025-12-23,emp_199,Initial Creation,Initial baseline draft created.,Initial project requirement,,False
REV-DOC-0082-v1,DOC-0082,1.0,,2024-11-14,emp_386,Initial Creation,Initial baseline draft created.,Initial project requirement,,False
REV-DOC-0083-v1,DOC-0083,1.0,,2026-04-28,emp_294,Initial Creation,Initial baseline draft created.,Initial project requirement,emp_001,False
REV-DOC-0084-v1,DOC-0084,1.0,,2022-03-01,emp_949,Initial Creation,Initial baseline draft created.,Initial project requirement,,False
REV-DOC-0085-v1,DOC-0085,1.0,,08/14/2021,emp_356,Initial Creation,Initial baseline draft created.,Initial project requirement,emp_001,False
REV-DOC-0086-v1,DOC-0086,1.0,,2025-05-13,emp_587,Initial Creation,Initial baseline draft created.,Initial project requirement,emp_001,False
REV-DOC-0087-v1,DOC-0087,1.0,,2025-10-02,emp_162,Initial Creation,Initial baseline draft created.,Initial project requirement,,False
REV-DOC-0088-v1,DOC-0088,1.0,,2024-01-29,emp_739,Initial Creation,Initial baseline draft created.,Initial project requirement,,False
REV-DOC-0089-v1,DOC-0089,1.0,,2023-05-31,emp_838,Initial Creation,Initial baseline draft created.,Initial project requirement,,False
REV-DOC-0090-v1,DOC-0090,1.0,,2021-05-18,emp_803,Initial Creation,Initial baseline draft created.,Initial project requirement,emp_001,False
REV-DOC-0091-v1,DOC-0091,1.0,,2025-11-25,emp_520,Initial Creation,Initial baseline draft created.,Initial project requirement,,False
REV-DOC-0092-v1,DOC-0092,1.0,,2022-12-19,emp_329,Initial Creation,Initial baseline draft created.,Initial project requirement,,False
REV-DOC-0093-v1,DOC-0093,1.0,,2022-07-14,emp_129,Initial Creation,Initial baseline draft created.,Initial project requirement,,False
REV-DOC-0094-v1,DOC-0094,1.0,,2022-03-17,emp_864,Initial Creation,Initial baseline draft created.,Initial project requirement,,False
REV-DOC-0095-v1,DOC-0095,1.0,,2021-04-12,emp_261,Initial Creation,Initial baseline draft created.,Initial project requirement,emp_001,False
REV-DOC-0096-v1,DOC-0096,1.0,,2022-08-04,emp_540,Initial Creation,Initial baseline draft created.,Initial project requirement,,False
REV-DOC-0097-v1,DOC-0097,1.0,,2022-08-16,emp_882,Initial Creation,Initial baseline draft created.,Initial project requirement,emp_001,False
REV-DOC-0098-v1,DOC-0098,1.0,,2023-06-13,emp_506,Initial Creation,Initial baseline draft created.,Initial project requirement,,False
REV-DOC-0099-v1,DOC-0099,1.0,,2025-06-30,emp_432,Initial Creation,Initial baseline draft created.,Initial project requirement,,False
REV-DOC-0100-v1,DOC-0100,1.0,,2025-03-08,emp_991,Initial Creation,Initial baseline draft created.,Initial project requirement,,True
REV-DOC-0101-v1,DOC-0101,1.0,,2022-06-09,emp_205,Initial Creation,Initial baseline draft created.,Initial project requirement,,False
REV-DOC-0102-v1,DOC-0102,1.0,,2021-11-06,emp_984,Initial Creation,Initial baseline draft created.,Initial project requirement,emp_001,False
REV-DOC-0103-v1,DOC-0103,1.0,,2025-08-31,emp_158,Initial Creation,Initial baseline draft created.,Initial project requirement,emp_001,False
REV-DOC-0104-v1,DOC-0104,1.0,,2023-10-24,emp_719,Initial Creation,Initial baseline draft created.,Initial project requirement,emp_001,False
REV-DOC-0105-v1,DOC-0105,1.0,,2021-11-22,emp_635,Initial Creation,Initial baseline draft created.,Initial project requirement,,False
REV-DOC-0106-v1,DOC-0106,1.0,,2024-10-21,emp_196,Initial Creation,Initial baseline draft created.,Initial project requirement,,False
REV-DOC-0107-v1,DOC-0107,1.0,,2022-09-27,emp_709,Initial Creation,Initial baseline draft created.,Initial project requirement,,False
REV-DOC-0108-v1,DOC-0108,1.0,,2026-04-25,emp_319,Initial Creation,Initial baseline draft created.,Initial project requirement,,True
REV-DOC-0109-v1,DOC-0109,1.0,,2021-09-26,emp_997,Initial Creation,Initial baseline draft created.,Initial project requirement,,False
REV-DOC-0110-v1,DOC-0110,1.0,,2025-03-21,emp_725,Initial Creation,Initial baseline draft created.,Initial project requirement,,False
REV-DOC-0111-v1,DOC-0111,1.0,,2023-10-27,emp_896,Initial Creation,Initial baseline draft created.,Initial project requirement,,False
REV-DOC-0112-v1,DOC-0112,1.0,,2022-08-07,emp_971,Initial Creation,Initial baseline draft created.,Initial project requirement,,False
REV-DOC-0113-v1,DOC-0113,1.0,,2023-02-05,emp_505,Initial Creation,Initial baseline draft created.,Initial project requirement,,False
REV-DOC-0114-v1,DOC-0114,1.0,,2026-02-22,emp_139,Initial Creation,Initial baseline draft created.,Initial project requirement,,False
REV-DOC-0115-v1,DOC-0115,1.0,,2022-05-02,emp_894,Initial Creation,Initial baseline draft created.,Initial project requirement,emp_001,False
REV-DOC-0116-v1,DOC-0116,1.0,,2025-01-11,emp_688,Initial Creation,Initial baseline draft created.,Initial project requirement,,False
REV-DOC-0117-v1,DOC-0117,1.0,,2023-11-06,emp_638,Initial Creation,Initial baseline draft created.,Initial project requirement,emp_001,False
REV-DOC-0118-v1,DOC-0118,1.0,,2025-04-30,emp_346,Initial Creation,Initial baseline draft created.,Initial project requirement,,False
REV-DOC-0119-v1,DOC-0119,1.0,,2021-03-17,emp_833,Initial Creation,Initial baseline draft created.,Initial project requirement,,True
REV-DOC-0120-v1,DOC-0120,1.0,,2025-11-01,emp_392,Initial Creation,Initial baseline draft created.,Initial project requirement,,False
REV-DOC-0121-v1,DOC-0121,1.0,,2022-07-01,emp_476,Initial Creation,Initial baseline draft created.,Initial project requirement,,False
REV-DOC-0122-v1,DOC-0122,1.0,,2022-12-21,emp_270,Initial Creation,Initial baseline draft created.,Initial project requirement,emp_001,False
REV-DOC-0123-v1,DOC-0123,1.0,,2026-05-06,emp_625,Initial Creation,Initial baseline draft created.,Initial project requirement,,False
REV-DOC-0124-v1,DOC-0124,1.0,,2024-10-22,emp_719,Initial Creation,Initial baseline draft created.,Initial project requirement,,False
REV-DOC-0125-v1,DOC-0125,1.0,,2023-10-20,emp_853,Initial Creation,Initial baseline draft created.,Initial project requirement,,False
REV-DOC-0126-v1,DOC-0126,1.0,,2025-10-13,emp_225,Initial Creation,Initial baseline draft created.,Initial project requirement,,False
REV-DOC-0127-v1,DOC-0127,1.0,,2025-12-31,emp_655,Initial Creation,Initial baseline draft created.,Initial project requirement,,False
REV-DOC-0128-v1,DOC-0128,1.0,,2021-02-23,emp_909,Initial Creation,Initial baseline draft created.,Initial project requirement,,False
REV-DOC-0129-v1,DOC-0129,1.0,,2024-08-08,emp_228,Initial Creation,Initial baseline draft created.,Initial project requirement,,False
REV-DOC-0130-v1,DOC-0130,1.0,,2025-08-30,emp_614,Initial Creation,Initial baseline draft created.,Initial project requirement,,False
REV-DOC-0131-v1,DOC-0131,1.0,,2022-07-17,emp_750,Initial Creation,Initial baseline draft created.,Initial project requirement,,False
REV-DOC-0132-v1,DOC-0132,1.0,,2021-06-16,emp_945,Initial Creation,Initial baseline draft created.,Initial project requirement,,False
REV-DOC-0133-v1,DOC-0133,1.0,,2022-09-02,emp_924,Initial Creation,Initial baseline draft created.,Initial project requirement,emp_001,False
REV-DOC-0134-v1,DOC-0134,1.0,,2025-04-07,emp_508,Initial Creation,Initial baseline draft created.,Initial project requirement,emp_001,False
REV-DOC-0135-v1,DOC-0135,1.0,,2025-07-25,emp_986,Initial Creation,Initial baseline draft created.,Initial project requirement,,False
REV-DOC-0136-v1,DOC-0136,1.0,,2022-12-24,emp_320,Initial Creation,Initial baseline draft created.,Initial project requirement,,False
REV-DOC-0137-v1,DOC-0137,1.0,,2023-01-20,emp_882,Initial Creation,Initial baseline draft created.,Initial project requirement,,False
REV-DOC-0138-v1,DOC-0138,1.0,,2023-03-18,emp_231,Initial Creation,Initial baseline draft created.,Initial project requirement,,False
REV-DOC-0139-v1,DOC-0139,1.0,,2023-11-30,emp_923,Initial Creation,Initial baseline draft created.,Initial project requirement,,False
REV-DOC-0140-v1,DOC-0140,1.0,,2023-12-27,emp_619,Initial Creation,Initial baseline draft created.,Initial project requirement,,False
REV-DOC-0141-v1,DOC-0141,1.0,,2024-03-28,emp_371,Initial Creation,Initial baseline draft created.,Initial project requirement,emp_001,False
REV-DOC-0142-v1,DOC-0142,1.0,,2022-10-05,emp_119,Initial Creation,Initial baseline draft created.,Initial project requirement,,False
REV-DOC-0143-v1,DOC-0143,1.0,,2023-12-13,emp_432,Initial Creation,Initial baseline draft created.,Initial project requirement,,False
REV-DOC-0144-v1,DOC-0144,1.0,,2022-07-26,emp_296,Initial Creation,Initial baseline draft created.,Initial project requirement,,False
REV-DOC-0145-v1,DOC-0145,1.0,,2024-10-17,emp_224,Initial Creation,Initial baseline draft created.,Initial project requirement,,False
REV-DOC-0146-v1,DOC-0146,1.0,,2025-08-23,emp_319,Initial Creation,Initial baseline draft created.,Initial project requirement,,False
REV-DOC-0147-v1,DOC-0147,1.0,,2022-11-08,emp_202,Initial Creation,Initial baseline draft created.,Initial project requirement,emp_001,True
REV-DOC-0148-v1,DOC-0148,1.0,,2024-08-15,emp_428,Initial Creation,Initial baseline draft created.,Initial project requirement,emp_001,False
REV-DOC-0149-v1,DOC-0149,1.0,,2025-12-01,emp_290,Initial Creation,Initial baseline draft created.,Initial project requirement,emp_001,False
REV-DOC-0150-v1,DOC-0150,1.0,,2022-01-30,emp_579,Initial Creation,Initial baseline draft created.,Initial project requirement,,False
REV-DOC-0151-v1,DOC-0151,1.0,,2025-08-21,emp_725,Initial Creation,Initial baseline draft created.,Initial project requirement,,False
REV-DOC-0152-v1,DOC-0152,1.0,,2026-05-08,emp_557,Initial Creation,Initial baseline draft created.,Initial project requirement,,False
REV-DOC-0153-v1,DOC-0153,1.0,,2024-11-06,emp_263,Initial Creation,Initial baseline draft created.,Initial project requirement,,False
REV-DOC-0154-v1,DOC-0154,1.0,,2026-02-13,emp_525,Initial Creation,Initial baseline draft created.,Initial project requirement,,False
REV-DOC-0155-v1,DOC-0155,1.0,,2026-01-24,emp_948,Initial Creation,Initial baseline draft created.,Initial project requirement,,True
REV-DOC-0156-v1,DOC-0156,1.0,,2025-07-15,emp_622,Initial Creation,Initial baseline draft created.,Initial project requirement,,False
REV-DOC-0157-v1,DOC-0157,1.0,,2025-03-08,emp_936,Initial Creation,Initial baseline draft created.,Initial project requirement,emp_001,False
REV-DOC-0158-v1,DOC-0158,1.0,,2025-04-18,emp_284,Initial Creation,Initial baseline draft created.,Initial project requirement,,False
REV-DOC-0159-v1,DOC-0159,1.0,,2026-07-27,emp_221,Initial Creation,Initial baseline draft created.,Initial project requirement,,False
REV-DOC-0160-v1,DOC-0160,1.0,,05/22/2022,emp_488,Initial Creation,Initial baseline draft created.,Initial project requirement,,False
REV-DOC-0161-v1,DOC-0161,1.0,,2024-05-01,emp_168,Initial Creation,Initial baseline draft created.,Initial project requirement,,False
REV-DOC-0162-v1,DOC-0162,1.0,,2022-04-25,emp_615,Initial Creation,Initial baseline draft created.,Initial project requirement,,False
REV-DOC-0163-v1,DOC-0163,1.0,,02/15/2024,emp_381,Initial Creation,Initial baseline draft created.,Initial project requirement,,False
REV-DOC-0164-v1,DOC-0164,1.0,,2022-09-07,emp_518,Initial Creation,Initial baseline draft created.,Initial project requirement,,False
REV-DOC-0165-v1,DOC-0165,1.0,,2021-10-02,emp_670,Initial Creation,Initial baseline draft created.,Initial project requirement,,False
REV-DOC-0166-v1,DOC-0166,1.0,,2024-10-11,emp_374,Initial Creation,Initial baseline draft created.,Initial project requirement,emp_001,False
REV-DOC-0167-v1,DOC-0167,1.0,,2025-03-10,emp_859,Initial Creation,Initial baseline draft created.,Initial project requirement,,False
REV-DOC-0168-v1,DOC-0168,1.0,,2022-09-24,emp_646,Initial Creation,Initial baseline draft created.,Initial project requirement,,False
REV-DOC-0169-v1,DOC-0169,1.0,,2025-11-05,emp_146,Initial Creation,Initial baseline draft created.,Initial project requirement,,False
REV-DOC-0170-v1,DOC-0170,1.0,,2022-06-12,emp_663,Initial Creation,Initial baseline draft created.,Initial project requirement,,False
REV-DOC-0171-v1,DOC-0171,1.0,,2026-04-20,emp_134,Initial Creation,Initial baseline draft created.,Initial project requirement,emp_001,False
REV-DOC-0172-v1,DOC-0172,1.0,,02/13/2026,emp_732,Initial Creation,Initial baseline draft created.,Initial project requirement,,False
REV-DOC-0173-v1,DOC-0173,1.0,,2025-07-10,emp_932,Initial Creation,Initial baseline draft created.,Initial project requirement,emp_001,False
REV-DOC-0174-v1,DOC-0174,1.0,,2023-07-30,emp_482,Initial Creation,Initial baseline draft created.,Initial project requirement,,False
REV-DOC-0175-v1,DOC-0175,1.0,,2025-09-28,emp_184,Initial Creation,Initial baseline draft created.,Initial project requirement,,False
REV-DOC-0176-v1,DOC-0176,1.0,,2026-01-16,emp_800,Initial Creation,Initial baseline draft created.,Initial project requirement,emp_001,False
REV-DOC-0177-v1,DOC-0177,1.0,,2024-10-18,emp_680,Initial Creation,Initial baseline draft created.,Initial project requirement,,False
REV-DOC-0178-v1,DOC-0178,1.0,,2025-04-24,emp_448,Initial Creation,Initial baseline draft created.,Initial project requirement,,False
REV-DOC-0179-v1,DOC-0179,1.0,,2024-09-15,emp_290,Initial Creation,Initial baseline draft created.,Initial project requirement,emp_001,False
REV-DOC-0180-v1,DOC-0180,1.0,,2021-07-07,emp_469,Initial Creation,Initial baseline draft created.,Initial project requirement,,False
REV-DOC-0181-v1,DOC-0181,1.0,,2022-12-26,emp_126,Initial Creation,Initial baseline draft created.,Initial project requirement,emp_001,False
REV-DOC-0182-v1,DOC-0182,1.0,,2021-12-14,emp_273,Initial Creation,Initial baseline draft created.,Initial project requirement,,True
REV-DOC-0183-v1,DOC-0183,1.0,,2024-05-01,emp_352,Initial Creation,Initial baseline draft created.,Initial project requirement,,False
REV-DOC-0184-v1,DOC-0184,1.0,,2025-07-29,emp_442,Initial Creation,Initial baseline draft created.,Initial project requirement,,False
REV-DOC-0185-v1,DOC-0185,1.0,,2022-07-29,emp_433,Initial Creation,Initial baseline draft created.,Initial project requirement,,False
REV-DOC-0186-v1,DOC-0186,1.0,,2025-08-05,emp_951,Initial Creation,Initial baseline draft created.,Initial project requirement,,False
REV-DOC-0187-v1,DOC-0187,1.0,,2026-03-07,emp_647,Initial Creation,Initial baseline draft created.,Initial project requirement,emp_001,False
REV-DOC-0188-v1,DOC-0188,1.0,,2026-06-01,emp_870,Initial Creation,Initial baseline draft created.,Initial project requirement,,False
REV-DOC-0189-v1,DOC-0189,1.0,,2023-08-07,emp_483,Initial Creation,Initial baseline draft created.,Initial project requirement,,False
REV-DOC-0190-v1,DOC-0190,1.0,,2023-07-22,emp_419,Initial Creation,Initial baseline draft created.,Initial project requirement,,False
REV-DOC-0191-v1,DOC-0191,1.0,,2026-03-20,emp_793,Initial Creation,Initial baseline draft created.,Initial project requirement,,False
REV-DOC-0192-v1,DOC-0192,1.0,,2025-02-19,emp_505,Initial Creation,Initial baseline draft created.,Initial project requirement,,False
REV-DOC-0193-v1,DOC-0193,1.0,,2023-07-27,emp_433,Initial Creation,Initial baseline draft created.,Initial project requirement,,False
REV-DOC-0194-v1,DOC-0194,1.0,,2026-02-25,emp_933,Initial Creation,Initial baseline draft created.,Initial project requirement,emp_001,False
REV-DOC-0195-v1,DOC-0195,1.0,,2023-05-17,emp_688,Initial Creation,Initial baseline draft created.,Initial project requirement,,False
REV-DOC-0196-v1,DOC-0196,1.0,,2026-05-04,emp_986,Initial Creation,Initial baseline draft created.,Initial project requirement,,False
REV-DOC-0197-v1,DOC-0197,1.0,,2022-08-22,emp_914,Initial Creation,Initial baseline draft created.,Initial project requirement,,False
REV-DOC-0198-v1,DOC-0198,1.0,,2025-08-14,emp_374,Initial Creation,Initial baseline draft created.,Initial project requirement,emp_001,False
REV-DOC-0199-v1,DOC-0199,1.0,,2022-12-15,emp_560,Initial Creation,Initial baseline draft created.,Initial project requirement,,True
REV-DOC-0200-v1,DOC-0200,1.0,,2025-05-27,emp_730,Initial Creation,Initial baseline draft created.,Initial project requirement,,False
REV-DOC-0201-v1,DOC-0201,1.0,,2021-10-05,emp_795,Initial Creation,Initial baseline draft created.,Initial project requirement,,False
REV-DOC-0202-v1,DOC-0202,1.0,,2024-03-28,emp_601,Initial Creation,Initial baseline draft created.,Initial project requirement,,False
REV-DOC-0203-v1,DOC-0203,1.0,,2022-11-02,emp_565,Initial Creation,Initial baseline draft created.,Initial project requirement,emp_001,False
REV-DOC-0204-v1,DOC-0204,1.0,,2025-08-24,emp_374,Initial Creation,Initial baseline draft created.,Initial project requirement,,False
REV-DOC-0205-v1,DOC-0205,1.0,,2023-06-23,emp_227,Initial Creation,Initial baseline draft created.,Initial project requirement,emp_001,False
REV-DOC-0206-v1,DOC-0206,1.0,,2024-09-22,emp_184,Initial Creation,Initial baseline draft created.,Initial project requirement,,False
REV-DOC-0207-v1,DOC-0207,1.0,,2022-04-09,emp_235,Initial Creation,Initial baseline draft created.,Initial project requirement,,False
REV-DOC-0208-v1,DOC-0208,1.0,,2021-07-31,emp_191,Initial Creation,Initial baseline draft created.,Initial project requirement,,False
REV-DOC-0209-v1,DOC-0209,1.0,,2025-01-19,emp_550,Initial Creation,Initial baseline draft created.,Initial project requirement,,False
REV-DOC-0210-v1,DOC-0210,1.0,,2025-06-09,emp_539,Initial Creation,Initial baseline draft created.,Initial project requirement,,True
REV-DOC-0211-v1,DOC-0211,1.0,,2025-05-25,emp_402,Initial Creation,Initial baseline draft created.,Initial project requirement,,True
REV-DOC-0212-v1,DOC-0212,1.0,,05/12/2023,emp_981,Initial Creation,Initial baseline draft created.,Initial project requirement,,True
REV-DOC-0213-v1,DOC-0213,1.0,,2023-05-18,emp_885,Initial Creation,Initial baseline draft created.,Initial project requirement,emp_001,False
REV-DOC-0214-v1,DOC-0214,1.0,,2024-04-16,emp_434,Initial Creation,Initial baseline draft created.,Initial project requirement,emp_001,False
REV-DOC-0215-v1,DOC-0215,1.0,,2021-09-02,emp_782,Initial Creation,Initial baseline draft created.,Initial project requirement,,False
REV-DOC-0216-v1,DOC-0216,1.0,,2025-04-29,emp_850,Initial Creation,Initial baseline draft created.,Initial project requirement,,False
REV-DOC-0217-v1,DOC-0217,1.0,,2023-10-21,emp_468,Initial Creation,Initial baseline draft created.,Initial project requirement,,False
REV-DOC-0218-v1,DOC-0218,1.0,,2023-01-16,emp_147,Initial Creation,Initial baseline draft created.,Initial project requirement,,False
REV-DOC-0219-v1,DOC-0219,1.0,,2024-10-10,emp_222,Initial Creation,Initial baseline draft created.,Initial project requirement,,False
REV-DOC-0220-v1,DOC-0220,1.0,,2023-07-25,emp_188,Initial Creation,Initial baseline draft created.,Initial project requirement,,False
REV-DOC-0221-v1,DOC-0221,1.0,,2021-11-05,emp_878,Initial Creation,Initial baseline draft created.,Initial project requirement,,False
REV-DOC-0222-v1,DOC-0222,1.0,,2026-07-07,emp_310,Initial Creation,Initial baseline draft created.,Initial project requirement,,True
REV-DOC-0223-v1,DOC-0223,1.0,,2024-04-04,emp_865,Initial Creation,Initial baseline draft created.,Initial project requirement,,False
REV-DOC-0224-v1,DOC-0224,1.0,,2022-10-14,emp_817,Initial Creation,Initial baseline draft created.,Initial project requirement,,True
REV-DOC-0225-v1,DOC-0225,1.0,,2023-07-15,emp_466,Initial Creation,Initial baseline draft created.,Initial project requirement,,True
REV-DOC-0226-v1,DOC-0226,1.0,,2026-06-07,emp_193,Initial Creation,Initial baseline draft created.,Initial project requirement,,False
REV-DOC-0227-v1,DOC-0227,1.0,,2025-07-05,emp_573,Initial Creation,Initial baseline draft created.,Initial project requirement,emp_001,True
REV-DOC-0228-v1,DOC-0228,1.0,,02/09/2022,emp_122,Initial Creation,Initial baseline draft created.,Initial project requirement,,False
REV-DOC-0229-v1,DOC-0229,1.0,,2024-10-31,emp_130,Initial Creation,Initial baseline draft created.,Initial project requirement,,False
REV-DOC-0230-v1,DOC-0230,1.0,,2025-12-13,emp_610,Initial Creation,Initial baseline draft created.,Initial project requirement,,False
REV-DOC-0231-v1,DOC-0231,1.0,,2023-09-10,emp_900,Initial Creation,Initial baseline draft created.,Initial project requirement,,False
REV-DOC-0232-v1,DOC-0232,1.0,,2023-12-21,emp_928,Initial Creation,Initial baseline draft created.,Initial project requirement,,True
REV-DOC-0233-v1,DOC-0233,1.0,,2021-12-27,emp_959,Initial Creation,Initial baseline draft created.,Initial project requirement,,False
REV-DOC-0234-v1,DOC-0234,1.0,,12/26/2021,emp_655,Initial Creation,Initial baseline draft created.,Initial project requirement,emp_001,False
REV-DOC-0235-v1,DOC-0235,1.0,,2026-02-25,emp_834,Initial Creation,Initial baseline draft created.,Initial project requirement,emp_001,False
REV-DOC-0236-v1,DOC-0236,1.0,,2022-10-23,emp_444,Initial Creation,Initial baseline draft created.,Initial project requirement,,False
REV-DOC-0237-v1,DOC-0237,1.0,,2025-07-27,emp_781,Initial Creation,Initial baseline draft created.,Initial project requirement,,False
REV-DOC-0238-v1,DOC-0238,1.0,,2026-03-02,emp_716,Initial Creation,Initial baseline draft created.,Initial project requirement,emp_001,False
REV-DOC-0239-v1,DOC-0239,1.0,,03/06/2022,emp_111,Initial Creation,Initial baseline draft created.,Initial project requirement,emp_001,False
REV-DOC-0240-v1,DOC-0240,1.0,,2023-02-08,emp_459,Initial Creation,Initial baseline draft created.,Initial project requirement,,False
REV-DOC-0241-v1,DOC-0241,1.0,,2022-12-02,emp_207,Initial Creation,Initial baseline draft created.,Initial project requirement,,False
REV-DOC-0242-v1,DOC-0242,1.0,,2021-11-18,emp_721,Initial Creation,Initial baseline draft created.,Initial project requirement,emp_001,False
REV-DOC-0243-v1,DOC-0243,1.0,,2021-01-08,emp_155,Initial Creation,Initial baseline draft created.,Initial project requirement,emp_001,False
REV-DOC-0244-v1,DOC-0244,1.0,,2022-09-24,emp_964,Initial Creation,Initial baseline draft created.,Initial project requirement,,False
REV-DOC-0245-v1,DOC-0245,1.0,,2023-06-20,emp_145,Initial Creation,Initial baseline draft created.,Initial project requirement,,False
REV-DOC-0246-v1,DOC-0246,1.0,,2022-04-11,emp_523,Initial Creation,Initial baseline draft created.,Initial project requirement,emp_001,False
REV-DOC-0247-v1,DOC-0247,1.0,,2025-06-28,emp_684,Initial Creation,Initial baseline draft created.,Initial project requirement,,False
REV-DOC-0248-v1,DOC-0248,1.0,,2025-09-05,emp_306,Initial Creation,Initial baseline draft created.,Initial project requirement,,False
REV-DOC-0249-v1,DOC-0249,1.0,,2024-04-18,emp_905,Initial Creation,Initial baseline draft created.,Initial project requirement,,True
REV-DOC-0250-v1,DOC-0250,1.0,,2024-09-03,emp_370,Initial Creation,Initial baseline draft created.,Initial project requirement,,False
REV-DOC-0251-v1,DOC-0251,1.0,,2026-03-01,emp_150,Initial Creation,Initial baseline draft created.,Initial project requirement,,False
REV-DOC-0252-v1,DOC-0252,1.0,,2025-05-05,emp_407,Initial Creation,Initial baseline draft created.,Initial project requirement,,False
REV-DOC-0253-v1,DOC-0253,1.0,,2021-05-15,emp_627,Initial Creation,Initial baseline draft created.,Initial project requirement,,False
REV-DOC-0254-v1,DOC-0254,1.0,,2026-02-24,emp_567,Initial Creation,Initial baseline draft created.,Initial project requirement,,False
REV-DOC-0255-v1,DOC-0255,1.0,,2024-04-16,emp_281,Initial Creation,Initial baseline draft created.,Initial project requirement,,False
REV-DOC-0256-v1,DOC-0256,1.0,,2024-10-19,emp_762,Initial Creation,Initial baseline draft created.,Initial project requirement,,False
REV-DOC-0257-v1,DOC-0257,1.0,,2025-07-07,emp_358,Initial Creation,Initial baseline draft created.,Initial project requirement,,False
REV-DOC-0258-v1,DOC-0258,1.0,,2024-09-18,emp_107,Initial Creation,Initial baseline draft created.,Initial project requirement,,False
REV-DOC-0259-v1,DOC-0259,1.0,,2023-11-26,emp_292,Initial Creation,Initial baseline draft created.,Initial project requirement,,False
REV-DOC-0260-v1,DOC-0260,1.0,,2025-02-17,emp_514,Initial Creation,Initial baseline draft created.,Initial project requirement,,False
REV-DOC-0261-v1,DOC-0261,1.0,,2021-07-19,emp_285,Initial Creation,Initial baseline draft created.,Initial project requirement,,False
REV-DOC-0262-v1,DOC-0262,1.0,,2023-05-12,emp_862,Initial Creation,Initial baseline draft created.,Initial project requirement,,False
REV-DOC-0263-v1,DOC-0263,1.0,,2021-09-03,emp_299,Initial Creation,Initial baseline draft created.,Initial project requirement,,False
REV-DOC-0264-v1,DOC-0264,1.0,,05/15/2025,emp_983,Initial Creation,Initial baseline draft created.,Initial project requirement,,False
REV-DOC-0265-v1,DOC-0265,1.0,,2021-09-23,emp_904,Initial Creation,Initial baseline draft created.,Initial project requirement,,False
REV-DOC-0266-v1,DOC-0266,1.0,,2022-01-26,emp_875,Initial Creation,Initial baseline draft created.,Initial project requirement,emp_001,True
REV-DOC-0267-v1,DOC-0267,1.0,,2022-09-03,emp_943,Initial Creation,Initial baseline draft created.,Initial project requirement,,False
REV-DOC-0268-v1,DOC-0268,1.0,,2021-02-09,emp_268,Initial Creation,Initial baseline draft created.,Initial project requirement,,True
REV-DOC-0269-v1,DOC-0269,1.0,,2025-04-29,emp_997,Initial Creation,Initial baseline draft created.,Initial project requirement,emp_001,False
REV-DOC-0270-v1,DOC-0270,1.0,,2023-08-30,emp_660,Initial Creation,Initial baseline draft created.,Initial project requirement,,False
REV-DOC-0271-v1,DOC-0271,1.0,,2023-11-14,emp_950,Initial Creation,Initial baseline draft created.,Initial project requirement,emp_001,False
REV-DOC-0272-v1,DOC-0272,1.0,,01/28/2024,emp_264,Initial Creation,Initial baseline draft created.,Initial project requirement,,False
REV-DOC-0273-v1,DOC-0273,1.0,,2021-06-03,emp_192,Initial Creation,Initial baseline draft created.,Initial project requirement,emp_001,False
REV-DOC-0274-v1,DOC-0274,1.0,,2023-01-08,emp_972,Initial Creation,Initial baseline draft created.,Initial project requirement,,True
REV-DOC-0275-v1,DOC-0275,1.0,,2023-02-03,emp_999,Initial Creation,Initial baseline draft created.,Initial project requirement,,False
REV-DOC-0276-v1,DOC-0276,1.0,,2026-07-04,emp_235,Initial Creation,Initial baseline draft created.,Initial project requirement,,False
REV-DOC-0277-v1,DOC-0277,1.0,,12/23/2025,emp_599,Initial Creation,Initial baseline draft created.,Initial project requirement,,False
REV-DOC-0278-v1,DOC-0278,1.0,,2024-11-10,emp_631,Initial Creation,Initial baseline draft created.,Initial project requirement,,False
REV-DOC-0279-v1,DOC-0279,1.0,,2023-11-02,emp_758,Initial Creation,Initial baseline draft created.,Initial project requirement,,True
REV-DOC-0280-v1,DOC-0280,1.0,,2023-04-06,emp_758,Initial Creation,Initial baseline draft created.,Initial project requirement,emp_001,False
REV-DOC-0281-v1,DOC-0281,1.0,,2021-03-15,emp_513,Initial Creation,Initial baseline draft created.,Initial project requirement,emp_001,False
REV-DOC-0282-v1,DOC-0282,1.0,,2025-07-31,emp_945,Initial Creation,Initial baseline draft created.,Initial project requirement,,False
REV-DOC-0283-v1,DOC-0283,1.0,,08/27/2025,emp_449,Initial Creation,Initial baseline draft created.,Initial project requirement,,False
REV-DOC-0284-v1,DOC-0284,1.0,,2022-02-06,emp_360,Initial Creation,Initial baseline draft created.,Initial project requirement,emp_001,False
REV-DOC-0285-v1,DOC-0285,1.0,,2021-09-10,emp_748,Initial Creation,Initial baseline draft created.,Initial project requirement,,False
REV-DOC-0286-v1,DOC-0286,1.0,,2024-11-17,emp_899,Initial Creation,Initial baseline draft created.,Initial project requirement,,True
REV-DOC-0287-v1,DOC-0287,1.0,,2026-05-28,emp_380,Initial Creation,Initial baseline draft created.,Initial project requirement,,True
REV-DOC-0288-v1,DOC-0288,1.0,,2022-02-16,emp_747,Initial Creation,Initial baseline draft created.,Initial project requirement,,False
REV-DOC-0289-v1,DOC-0289,1.0,,2024-03-14,emp_591,Initial Creation,Initial baseline draft created.,Initial project requirement,,False
REV-DOC-0290-v1,DOC-0290,1.0,,2025-03-17,emp_304,Initial Creation,Initial baseline draft created.,Initial project requirement,,True
REV-DOC-0291-v1,DOC-0291,1.0,,2025-03-01,emp_985,Initial Creation,Initial baseline draft created.,Initial project requirement,,False
REV-DOC-0292-v1,DOC-0292,1.0,,2022-02-20,emp_861,Initial Creation,Initial baseline draft created.,Initial project requirement,,False
REV-DOC-0293-v1,DOC-0293,1.0,,2026-07-08,emp_559,Initial Creation,Initial baseline draft created.,Initial project requirement,emp_001,False
REV-DOC-0294-v1,DOC-0294,1.0,,2023-08-14,emp_105,Initial Creation,Initial baseline draft created.,Initial project requirement,emp_001,False
REV-DOC-0295-v1,DOC-0295,1.0,,2023-12-13,emp_902,Initial Creation,Initial baseline draft created.,Initial project requirement,,False
REV-DOC-0296-v1,DOC-0296,1.0,,2022-03-24,emp_469,Initial Creation,Initial baseline draft created.,Initial project requirement,,False
REV-DOC-0297-v1,DOC-0297,1.0,,2023-02-21,emp_798,Initial Creation,Initial baseline draft created.,Initial project requirement,,False
REV-DOC-0298-v1,DOC-0298,1.0,,2026-01-14,emp_144,Initial Creation,Initial baseline draft created.,Initial project requirement,,True
REV-DOC-0299-v1,DOC-0299,1.0,,2025-11-07,emp_786,Initial Creation,Initial baseline draft created.,Initial project requirement,emp_001,False
REV-DOC-0300-v1,DOC-0300,1.0,,2021-05-31,emp_138,Initial Creation,Initial baseline draft created.,Initial project requirement,,False
REV-DOC-0301-v1,DOC-0301,1.0,,2024-10-10,emp_117,Initial Creation,Initial baseline draft created.,Initial project requirement,emp_001,False
REV-DOC-0302-v1,DOC-0302,1.0,,2023-02-21,emp_388,Initial Creation,Initial baseline draft created.,Initial project requirement,emp_001,False
REV-DOC-0303-v1,DOC-0303,1.0,,2026-05-15,emp_793,Initial Creation,Initial baseline draft created.,Initial project requirement,,False
REV-DOC-0304-v1,DOC-0304,1.0,,2021-10-19,emp_522,Initial Creation,Initial baseline draft created.,Initial project requirement,,False
REV-DOC-0305-v1,DOC-0305,1.0,,2024-10-07,emp_174,Initial Creation,Initial baseline draft created.,Initial project requirement,,False
REV-DOC-0306-v1,DOC-0306,1.0,,2026-01-18,emp_734,Initial Creation,Initial baseline draft created.,Initial project requirement,,False
REV-DOC-0307-v1,DOC-0307,1.0,,2022-10-04,emp_272,Initial Creation,Initial baseline draft created.,Initial project requirement,,False
REV-DOC-0308-v1,DOC-0308,1.0,,2023-09-25,emp_893,Initial Creation,Initial baseline draft created.,Initial project requirement,,False
REV-DOC-0309-v1,DOC-0309,1.0,,2024-07-17,emp_969,Initial Creation,Initial baseline draft created.,Initial project requirement,,True
REV-DOC-0310-v1,DOC-0310,1.0,,2025-12-31,emp_501,Initial Creation,Initial baseline draft created.,Initial project requirement,,False
REV-DOC-0311-v1,DOC-0311,1.0,,2021-11-23,emp_243,Initial Creation,Initial baseline draft created.,Initial project requirement,,False
REV-DOC-0312-v1,DOC-0312,1.0,,2023-11-27,emp_784,Initial Creation,Initial baseline draft created.,Initial project requirement,,False
REV-DOC-0313-v1,DOC-0313,1.0,,2024-03-13,emp_692,Initial Creation,Initial baseline draft created.,Initial project requirement,,False
REV-DOC-0314-v1,DOC-0314,1.0,,2025-12-22,emp_598,Initial Creation,Initial baseline draft created.,Initial project requirement,emp_001,False
REV-DOC-0315-v1,DOC-0315,1.0,,2025-01-09,emp_470,Initial Creation,Initial baseline draft created.,Initial project requirement,,False
REV-DOC-0316-v1,DOC-0316,1.0,,2021-09-19,emp_349,Initial Creation,Initial baseline draft created.,Initial project requirement,,False
REV-DOC-0317-v1,DOC-0317,1.0,,2023-07-09,emp_187,Initial Creation,Initial baseline draft created.,Initial project requirement,,False
REV-DOC-0318-v1,DOC-0318,1.0,,03/04/2026,emp_841,Initial Creation,Initial baseline draft created.,Initial project requirement,emp_001,False
REV-DOC-0319-v1,DOC-0319,1.0,,2026-01-21,emp_281,Initial Creation,Initial baseline draft created.,Initial project requirement,emp_001,False
REV-DOC-0320-v1,DOC-0320,1.0,,2023-01-29,emp_634,Initial Creation,Initial baseline draft created.,Initial project requirement,,False
REV-DOC-0321-v1,DOC-0321,1.0,,2026-02-07,emp_588,Initial Creation,Initial baseline draft created.,Initial project requirement,,False
REV-DOC-0322-v1,DOC-0322,1.0,,2024-09-02,emp_107,Initial Creation,Initial baseline draft created.,Initial project requirement,,False
REV-DOC-0323-v1,DOC-0323,1.0,,2023-04-27,emp_873,Initial Creation,Initial baseline draft created.,Initial project requirement,,False
REV-DOC-0324-v1,DOC-0324,1.0,,2025-03-12,emp_975,Initial Creation,Initial baseline draft created.,Initial project requirement,,True
REV-DOC-0325-v1,DOC-0325,1.0,,2025-07-06,emp_498,Initial Creation,Initial baseline draft created.,Initial project requirement,,False
REV-DOC-0326-v1,DOC-0326,1.0,,2022-08-10,emp_728,Initial Creation,Initial baseline draft created.,Initial project requirement,,False
REV-DOC-0327-v1,DOC-0327,1.0,,2024-06-13,emp_628,Initial Creation,Initial baseline draft created.,Initial project requirement,emp_001,False
REV-DOC-0328-v1,DOC-0328,1.0,,2023-11-27,emp_700,Initial Creation,Initial baseline draft created.,Initial project requirement,emp_001,False
REV-DOC-0329-v1,DOC-0329,1.0,,2022-06-19,emp_688,Initial Creation,Initial baseline draft created.,Initial project requirement,,False
REV-DOC-0330-v1,DOC-0330,1.0,,2023-09-18,emp_486,Initial Creation,Initial baseline draft created.,Initial project requirement,,False
REV-DOC-0331-v1,DOC-0331,1.0,,2024-10-18,emp_748,Initial Creation,Initial baseline draft created.,Initial project requirement,,False
REV-DOC-0332-v1,DOC-0332,1.0,,2023-09-03,emp_667,Initial Creation,Initial baseline draft created.,Initial project requirement,,False
REV-DOC-0333-v1,DOC-0333,1.0,,2025-11-23,emp_853,Initial Creation,Initial baseline draft created.,Initial project requirement,,False
REV-DOC-0334-v1,DOC-0334,1.0,,2026-05-16,emp_882,Initial Creation,Initial baseline draft created.,Initial project requirement,,False
REV-DOC-0335-v1,DOC-0335,1.0,,2025-06-25,emp_155,Initial Creation,Initial baseline draft created.,Initial project requirement,,False
REV-DOC-0336-v1,DOC-0336,1.0,,2021-01-25,emp_805,Initial Creation,Initial baseline draft created.,Initial project requirement,,False
REV-DOC-0337-v1,DOC-0337,1.0,,2023-01-20,emp_727,Initial Creation,Initial baseline draft created.,Initial project requirement,,False
REV-DOC-0338-v1,DOC-0338,1.0,,2025-01-16,emp_933,Initial Creation,Initial baseline draft created.,Initial project requirement,,False
REV-DOC-0339-v1,DOC-0339,1.0,,2026-08-01,emp_611,Initial Creation,Initial baseline draft created.,Initial project requirement,,False
REV-DOC-0340-v1,DOC-0340,1.0,,2023-07-11,emp_959,Initial Creation,Initial baseline draft created.,Initial project requirement,,False
REV-DOC-0341-v1,DOC-0341,1.0,,2022-12-29,emp_278,Initial Creation,Initial baseline draft created.,Initial project requirement,,False
REV-DOC-0342-v1,DOC-0342,1.0,,2024-03-16,emp_746,Initial Creation,Initial baseline draft created.,Initial project requirement,emp_001,False
REV-DOC-0343-v1,DOC-0343,1.0,,2025-03-12,emp_555,Initial Creation,Initial baseline draft created.,Initial project requirement,,True
REV-DOC-0344-v1,DOC-0344,1.0,,2026-04-03,emp_197,Initial Creation,Initial baseline draft created.,Initial project requirement,emp_001,False
REV-DOC-0345-v1,DOC-0345,1.0,,2023-06-27,emp_353,Initial Creation,Initial baseline draft created.,Initial project requirement,,False
REV-DOC-0346-v1,DOC-0346,1.0,,2021-12-29,emp_814,Initial Creation,Initial baseline draft created.,Initial project requirement,,False
REV-DOC-0347-v1,DOC-0347,1.0,,2023-01-20,emp_552,Initial Creation,Initial baseline draft created.,Initial project requirement,,True
REV-DOC-0348-v1,DOC-0348,1.0,,2025-06-23,emp_109,Initial Creation,Initial baseline draft created.,Initial project requirement,,False
REV-DOC-0349-v1,DOC-0349,1.0,,2021-06-12,emp_325,Initial Creation,Initial baseline draft created.,Initial project requirement,,False
REV-DOC-0350-v1,DOC-0350,1.0,,2021-08-15,emp_239,Initial Creation,Initial baseline draft created.,Initial project requirement,,False
REV-DOC-0351-v1,DOC-0351,1.0,,09/14/2021,emp_388,Initial Creation,Initial baseline draft created.,Initial project requirement,,True
REV-DOC-0352-v1,DOC-0352,1.0,,2022-11-08,emp_574,Initial Creation,Initial baseline draft created.,Initial project requirement,,False
REV-DOC-0353-v1,DOC-0353,1.0,,2023-02-28,emp_886,Initial Creation,Initial baseline draft created.,Initial project requirement,,True
REV-DOC-0354-v1,DOC-0354,1.0,,2024-07-12,emp_430,Initial Creation,Initial baseline draft created.,Initial project requirement,emp_001,False
REV-DOC-0355-v1,DOC-0355,1.0,,2022-10-27,emp_341,Initial Creation,Initial baseline draft created.,Initial project requirement,,False
REV-DOC-0356-v1,DOC-0356,1.0,,2022-05-25,emp_480,Initial Creation,Initial baseline draft created.,Initial project requirement,,False
REV-DOC-0357-v1,DOC-0357,1.0,,07/04/2026,emp_338,Initial Creation,Initial baseline draft created.,Initial project requirement,,False
REV-DOC-0358-v1,DOC-0358,1.0,,2024-01-17,emp_672,Initial Creation,Initial baseline draft created.,Initial project requirement,,False
REV-DOC-0359-v1,DOC-0359,1.0,,2023-07-10,emp_643,Initial Creation,Initial baseline draft created.,Initial project requirement,,False
REV-DOC-0360-v1,DOC-0360,1.0,,2024-09-10,emp_838,Initial Creation,Initial baseline draft created.,Initial project requirement,,False
REV-DOC-0361-v1,DOC-0361,1.0,,2021-03-31,emp_774,Initial Creation,Initial baseline draft created.,Initial project requirement,,True
REV-DOC-0362-v1,DOC-0362,1.0,,12/07/2024,emp_638,Initial Creation,Initial baseline draft created.,Initial project requirement,emp_001,False
REV-DOC-0363-v1,DOC-0363,1.0,,2023-01-10,emp_920,Initial Creation,Initial baseline draft created.,Initial project requirement,,False
REV-DOC-0364-v1,DOC-0364,1.0,,2023-12-25,emp_842,Initial Creation,Initial baseline draft created.,Initial project requirement,,False
REV-DOC-0365-v1,DOC-0365,1.0,,2025-12-14,emp_819,Initial Creation,Initial baseline draft created.,Initial project requirement,,False
REV-DOC-0366-v1,DOC-0366,1.0,,2023-04-25,emp_432,Initial Creation,Initial baseline draft created.,Initial project requirement,,False
REV-DOC-0367-v1,DOC-0367,1.0,,2026-07-07,emp_100,Initial Creation,Initial baseline draft created.,Initial project requirement,emp_001,False
REV-DOC-0368-v1,DOC-0368,1.0,,2024-03-14,emp_623,Initial Creation,Initial baseline draft created.,Initial project requirement,,False
REV-DOC-0369-v1,DOC-0369,1.0,,2023-03-30,emp_194,Initial Creation,Initial baseline draft created.,Initial project requirement,,False
REV-DOC-0370-v1,DOC-0370,1.0,,2023-02-21,emp_848,Initial Creation,Initial baseline draft created.,Initial project requirement,emp_001,False
REV-DOC-0371-v1,DOC-0371,1.0,,2023-12-10,emp_155,Initial Creation,Initial baseline draft created.,Initial project requirement,,False
REV-DOC-0372-v1,DOC-0372,1.0,,2025-05-30,emp_542,Initial Creation,Initial baseline draft created.,Initial project requirement,,False
REV-DOC-0373-v1,DOC-0373,1.0,,2022-02-10,emp_592,Initial Creation,Initial baseline draft created.,Initial project requirement,,False
REV-DOC-0374-v1,DOC-0374,1.0,,2023-05-18,emp_787,Initial Creation,Initial baseline draft created.,Initial project requirement,,False
REV-DOC-0375-v1,DOC-0375,1.0,,2026-03-08,emp_551,Initial Creation,Initial baseline draft created.,Initial project requirement,,False
REV-DOC-0376-v1,DOC-0376,1.0,,2022-09-17,emp_451,Initial Creation,Initial baseline draft created.,Initial project requirement,,False
REV-DOC-0377-v1,DOC-0377,1.0,,2026-01-30,emp_485,Initial Creation,Initial baseline draft created.,Initial project requirement,emp_001,False
REV-DOC-0378-v1,DOC-0378,1.0,,2024-09-19,emp_497,Initial Creation,Initial baseline draft created.,Initial project requirement,,False
REV-DOC-0379-v1,DOC-0379,1.0,,2026-06-03,emp_303,Initial Creation,Initial baseline draft created.,Initial project requirement,emp_001,False
REV-DOC-0380-v1,DOC-0380,1.0,,2022-04-29,emp_740,Initial Creation,Initial baseline draft created.,Initial project requirement,emp_001,False
REV-DOC-0381-v1,DOC-0381,1.0,,2025-11-23,emp_633,Initial Creation,Initial baseline draft created.,Initial project requirement,,False
REV-DOC-0382-v1,DOC-0382,1.0,,2024-04-04,emp_768,Initial Creation,Initial baseline draft created.,Initial project requirement,,False
REV-DOC-0383-v1,DOC-0383,1.0,,2023-12-28,emp_169,Initial Creation,Initial baseline draft created.,Initial project requirement,emp_001,False
REV-DOC-0384-v1,DOC-0384,1.0,,2021-08-07,emp_255,Initial Creation,Initial baseline draft created.,Initial project requirement,,False
REV-DOC-0385-v1,DOC-0385,1.0,,2021-10-02,emp_181,Initial Creation,Initial baseline draft created.,Initial project requirement,,False
REV-DOC-0386-v1,DOC-0386,1.0,,2022-04-01,emp_376,Initial Creation,Initial baseline draft created.,Initial project requirement,,True
REV-DOC-0387-v1,DOC-0387,1.0,,2024-05-30,emp_514,Initial Creation,Initial baseline draft created.,Initial project requirement,,False
REV-DOC-0388-v1,DOC-0388,1.0,,2023-11-24,emp_671,Initial Creation,Initial baseline draft created.,Initial project requirement,emp_001,False
REV-DOC-0389-v1,DOC-0389,1.0,,2025-08-27,emp_245,Initial Creation,Initial baseline draft created.,Initial project requirement,,False
REV-DOC-0390-v1,DOC-0390,1.0,,2022-01-02,emp_561,Initial Creation,Initial baseline draft created.,Initial project requirement,,False
REV-DOC-0391-v1,DOC-0391,1.0,,2024-07-22,emp_216,Initial Creation,Initial baseline draft created.,Initial project requirement,emp_001,False
REV-DOC-0392-v1,DOC-0392,1.0,,2022-01-02,emp_989,Initial Creation,Initial baseline draft created.,Initial project requirement,emp_001,False
REV-DOC-0393-v1,DOC-0393,1.0,,2025-10-18,emp_569,Initial Creation,Initial baseline draft created.,Initial project requirement,emp_001,False
REV-DOC-0394-v1,DOC-0394,1.0,,06/23/2024,emp_660,Initial Creation,Initial baseline draft created.,Initial project requirement,,True
REV-DOC-0395-v1,DOC-0395,1.0,,2021-08-12,emp_189,Initial Creation,Initial baseline draft created.,Initial project requirement,,False
REV-DOC-0396-v1,DOC-0396,1.0,,2025-08-07,emp_477,Initial Creation,Initial baseline draft created.,Initial project requirement,,False
REV-DOC-0397-v1,DOC-0397,1.0,,2024-06-07,emp_314,Initial Creation,Initial baseline draft created.,Initial project requirement,emp_001,False
REV-DOC-0398-v1,DOC-0398,1.0,,2026-07-31,emp_638,Initial Creation,Initial baseline draft created.,Initial project requirement,,False
REV-DOC-0399-v1,DOC-0399,1.0,,2021-02-19,emp_101,Initial Creation,Initial baseline draft created.,Initial project requirement,emp_001,False
REV-DOC-0400-v1,DOC-0400,1.0,,2024-11-14,emp_755,Initial Creation,Initial baseline draft created.,Initial project requirement,,False
REV-DOC-0401-v1,DOC-0401,1.0,,2025-09-04,emp_298,Initial Creation,Initial baseline draft created.,Initial project requirement,,False
REV-DOC-0402-v1,DOC-0402,1.0,,2022-09-06,emp_955,Initial Creation,Initial baseline draft created.,Initial project requirement,,True
REV-DOC-0403-v1,DOC-0403,1.0,,2024-07-07,emp_447,Initial Creation,Initial baseline draft created.,Initial project requirement,,False
REV-DOC-0404-v1,DOC-0404,1.0,,2025-12-02,emp_188,Initial Creation,Initial baseline draft created.,Initial project requirement,,False
REV-DOC-0405-v1,DOC-0405,1.0,,2025-06-25,emp_618,Initial Creation,Initial baseline draft created.,Initial project requirement,,False
REV-DOC-0406-v1,DOC-0406,1.0,,2023-07-30,emp_841,Initial Creation,Initial baseline draft created.,Initial project requirement,emp_001,False
REV-DOC-0407-v1,DOC-0407,1.0,,2024-08-01,emp_691,Initial Creation,Initial baseline draft created.,Initial project requirement,,False
REV-DOC-0408-v1,DOC-0408,1.0,,2024-02-21,emp_115,Initial Creation,Initial baseline draft created.,Initial project requirement,emp_001,False
REV-DOC-0409-v1,DOC-0409,1.0,,2026-01-02,emp_418,Initial Creation,Initial baseline draft created.,Initial project requirement,,False
REV-DOC-0410-v1,DOC-0410,1.0,,2025-08-02,emp_419,Initial Creation,Initial baseline draft created.,Initial project requirement,emp_001,False
REV-DOC-0411-v1,DOC-0411,1.0,,2026-04-25,emp_581,Initial Creation,Initial baseline draft created.,Initial project requirement,,False
REV-DOC-0412-v1,DOC-0412,1.0,,2021-05-14,emp_599,Initial Creation,Initial baseline draft created.,Initial project requirement,emp_001,False
REV-DOC-0413-v1,DOC-0413,1.0,,2024-08-23,emp_433,Initial Creation,Initial baseline draft created.,Initial project requirement,,False
REV-DOC-0414-v1,DOC-0414,1.0,,2023-06-02,emp_313,Initial Creation,Initial baseline draft created.,Initial project requirement,,True
REV-DOC-0415-v1,DOC-0415,1.0,,2025-08-11,emp_668,Initial Creation,Initial baseline draft created.,Initial project requirement,,False
REV-DOC-0416-v1,DOC-0416,1.0,,2025-12-23,emp_322,Initial Creation,Initial baseline draft created.,Initial project requirement,emp_001,False
REV-DOC-0417-v1,DOC-0417,1.0,,2025-06-15,emp_406,Initial Creation,Initial baseline draft created.,Initial project requirement,,False
REV-DOC-0418-v1,DOC-0418,1.0,,2026-01-20,emp_163,Initial Creation,Initial baseline draft created.,Initial project requirement,emp_001,False
REV-DOC-0419-v1,DOC-0419,1.0,,2023-04-12,emp_828,Initial Creation,Initial baseline draft created.,Initial project requirement,,False
REV-DOC-0420-v1,DOC-0420,1.0,,2021-10-03,emp_993,Initial Creation,Initial baseline draft created.,Initial project requirement,emp_001,False
REV-DOC-0421-v1,DOC-0421,1.0,,2026-03-21,emp_907,Initial Creation,Initial baseline draft created.,Initial project requirement,,False
REV-DOC-0422-v1,DOC-0422,1.0,,2022-07-06,emp_829,Initial Creation,Initial baseline draft created.,Initial project requirement,,False
REV-DOC-0423-v1,DOC-0423,1.0,,2023-08-11,emp_979,Initial Creation,Initial baseline draft created.,Initial project requirement,emp_001,False
REV-DOC-0424-v1,DOC-0424,1.0,,2025-05-14,emp_451,Initial Creation,Initial baseline draft created.,Initial project requirement,,False
REV-DOC-0425-v1,DOC-0425,1.0,,2022-06-18,emp_844,Initial Creation,Initial baseline draft created.,Initial project requirement,,False
REV-DOC-0426-v1,DOC-0426,1.0,,2022-06-01,emp_178,Initial Creation,Initial baseline draft created.,Initial project requirement,,False
REV-DOC-0427-v1,DOC-0427,1.0,,2023-09-21,emp_367,Initial Creation,Initial baseline draft created.,Initial project requirement,emp_001,True
REV-DOC-0428-v1,DOC-0428,1.0,,2022-03-08,emp_843,Initial Creation,Initial baseline draft created.,Initial project requirement,,False
REV-DOC-0429-v1,DOC-0429,1.0,,2023-08-30,emp_799,Initial Creation,Initial baseline draft created.,Initial project requirement,,False
REV-DOC-0430-v1,DOC-0430,1.0,,2026-05-13,emp_644,Initial Creation,Initial baseline draft created.,Initial project requirement,,False
REV-DOC-0431-v1,DOC-0431,1.0,,2022-10-04,emp_445,Initial Creation,Initial baseline draft created.,Initial project requirement,emp_001,True
REV-DOC-0432-v1,DOC-0432,1.0,,2021-02-18,emp_297,Initial Creation,Initial baseline draft created.,Initial project requirement,emp_001,False
REV-DOC-0433-v1,DOC-0433,1.0,,2025-07-03,emp_772,Initial Creation,Initial baseline draft created.,Initial project requirement,emp_001,False
REV-DOC-0434-v1,DOC-0434,1.0,,2025-05-18,emp_363,Initial Creation,Initial baseline draft created.,Initial project requirement,,False
REV-DOC-0435-v1,DOC-0435,1.0,,2023-03-16,emp_305,Initial Creation,Initial baseline draft created.,Initial project requirement,,False
REV-DOC-0436-v1,DOC-0436,1.0,,2024-03-16,emp_174,Initial Creation,Initial baseline draft created.,Initial project requirement,,False
REV-DOC-0437-v1,DOC-0437,1.0,,2026-01-27,emp_816,Initial Creation,Initial baseline draft created.,Initial project requirement,emp_001,False
REV-DOC-0438-v1,DOC-0438,1.0,,2021-09-06,emp_805,Initial Creation,Initial baseline draft created.,Initial project requirement,,False
REV-DOC-0439-v1,DOC-0439,1.0,,2021-12-28,emp_763,Initial Creation,Initial baseline draft created.,Initial project requirement,emp_001,False
REV-DOC-0440-v1,DOC-0440,1.0,,2025-02-14,emp_747,Initial Creation,Initial baseline draft created.,Initial project requirement,,False
REV-DOC-0441-v1,DOC-0441,1.0,,2026-06-03,emp_954,Initial Creation,Initial baseline draft created.,Initial project requirement,emp_001,False
REV-DOC-0442-v1,DOC-0442,1.0,,2022-04-23,emp_252,Initial Creation,Initial baseline draft created.,Initial project requirement,emp_001,False
REV-DOC-0443-v1,DOC-0443,1.0,,2026-01-27,emp_276,Initial Creation,Initial baseline draft created.,Initial project requirement,emp_001,False
REV-DOC-0444-v1,DOC-0444,1.0,,2023-05-23,emp_923,Initial Creation,Initial baseline draft created.,Initial project requirement,,False
REV-DOC-0445-v1,DOC-0445,1.0,,2022-07-15,emp_164,Initial Creation,Initial baseline draft created.,Initial project requirement,,False
REV-DOC-0446-v1,DOC-0446,1.0,,2021-06-15,emp_116,Initial Creation,Initial baseline draft created.,Initial project requirement,emp_001,False
REV-DOC-0447-v1,DOC-0447,1.0,,2023-12-08,emp_755,Initial Creation,Initial baseline draft created.,Initial project requirement,,False
REV-DOC-0448-v1,DOC-0448,1.0,,2024-02-17,emp_528,Initial Creation,Initial baseline draft created.,Initial project requirement,,False
REV-DOC-0449-v1,DOC-0449,1.0,,2021-08-19,emp_154,Initial Creation,Initial baseline draft created.,Initial project requirement,,False
REV-DOC-0450-v1,DOC-0450,1.0,,2022-11-16,emp_545,Initial Creation,Initial baseline draft created.,Initial project requirement,,False
REV-DOC-0451-v1,DOC-0451,1.0,,2022-10-30,emp_706,Initial Creation,Initial baseline draft created.,Initial project requirement,,False
REV-DOC-0452-v1,DOC-0452,1.0,,2024-04-13,emp_175,Initial Creation,Initial baseline draft created.,Initial project requirement,emp_001,True
REV-DOC-0453-v1,DOC-0453,1.0,,2021-09-18,emp_307,Initial Creation,Initial baseline draft created.,Initial project requirement,emp_001,False
REV-DOC-0454-v1,DOC-0454,1.0,,2025-10-18,emp_691,Initial Creation,Initial baseline draft created.,Initial project requirement,emp_001,False
REV-DOC-0455-v1,DOC-0455,1.0,,06/09/2023,emp_353,Initial Creation,Initial baseline draft created.,Initial project requirement,,False
REV-DOC-0456-v1,DOC-0456,1.0,,2023-07-16,emp_929,Initial Creation,Initial baseline draft created.,Initial project requirement,,False
REV-DOC-0457-v1,DOC-0457,1.0,,2021-11-28,emp_591,Initial Creation,Initial baseline draft created.,Initial project requirement,,False
REV-DOC-0458-v1,DOC-0458,1.0,,2024-07-07,emp_908,Initial Creation,Initial baseline draft created.,Initial project requirement,emp_001,False
REV-DOC-0459-v1,DOC-0459,1.0,,2025-02-15,emp_735,Initial Creation,Initial baseline draft created.,Initial project requirement,,False
REV-DOC-0460-v1,DOC-0460,1.0,,2021-10-11,emp_826,Initial Creation,Initial baseline draft created.,Initial project requirement,,False
REV-DOC-0461-v1,DOC-0461,1.0,,2023-02-03,emp_155,Initial Creation,Initial baseline draft created.,Initial project requirement,,False
REV-DOC-0462-v1,DOC-0462,1.0,,2021-06-28,emp_292,Initial Creation,Initial baseline draft created.,Initial project requirement,,False
REV-DOC-0463-v1,DOC-0463,1.0,,2022-08-24,emp_742,Initial Creation,Initial baseline draft created.,Initial project requirement,,False
REV-DOC-0464-v1,DOC-0464,1.0,,2024-09-04,emp_692,Initial Creation,Initial baseline draft created.,Initial project requirement,,False
REV-DOC-0465-v1,DOC-0465,1.0,,2026-06-12,emp_595,Initial Creation,Initial baseline draft created.,Initial project requirement,emp_001,False
REV-DOC-0466-v1,DOC-0466,1.0,,2021-08-28,emp_265,Initial Creation,Initial baseline draft created.,Initial project requirement,,False
REV-DOC-0467-v1,DOC-0467,1.0,,2024-01-11,emp_481,Initial Creation,Initial baseline draft created.,Initial project requirement,,False
REV-DOC-0468-v1,DOC-0468,1.0,,2026-06-09,emp_585,Initial Creation,Initial baseline draft created.,Initial project requirement,,False
REV-DOC-0469-v1,DOC-0469,1.0,,2024-06-18,emp_125,Initial Creation,Initial baseline draft created.,Initial project requirement,,False
REV-DOC-0470-v1,DOC-0470,1.0,,2024-10-18,emp_969,Initial Creation,Initial baseline draft created.,Initial project requirement,,False
REV-DOC-0471-v1,DOC-0471,1.0,,2021-01-25,emp_495,Initial Creation,Initial baseline draft created.,Initial project requirement,,False
REV-DOC-0472-v1,DOC-0472,1.0,,2025-02-01,emp_925,Initial Creation,Initial baseline draft created.,Initial project requirement,,False
REV-DOC-0473-v1,DOC-0473,1.0,,2024-08-01,emp_106,Initial Creation,Initial baseline draft created.,Initial project requirement,,False
REV-DOC-0474-v1,DOC-0474,1.0,,2022-09-15,emp_954,Initial Creation,Initial baseline draft created.,Initial project requirement,,True
REV-DOC-0475-v1,DOC-0475,1.0,,2026-02-01,emp_283,Initial Creation,Initial baseline draft created.,Initial project requirement,,False
REV-DOC-0476-v1,DOC-0476,1.0,,2023-02-04,emp_810,Initial Creation,Initial baseline draft created.,Initial project requirement,emp_001,False
REV-DOC-0477-v1,DOC-0477,1.0,,2024-07-27,emp_469,Initial Creation,Initial baseline draft created.,Initial project requirement,emp_001,False
REV-DOC-0478-v1,DOC-0478,1.0,,2025-08-21,emp_430,Initial Creation,Initial baseline draft created.,Initial project requirement,,False
REV-DOC-0479-v1,DOC-0479,1.0,,2023-04-24,emp_897,Initial Creation,Initial baseline draft created.,Initial project requirement,,False
REV-DOC-0480-v1,DOC-0480,1.0,,2021-08-27,emp_571,Initial Creation,Initial baseline draft created.,Initial project requirement,,False
REV-DOC-0481-v1,DOC-0481,1.0,,2021-02-28,emp_826,Initial Creation,Initial baseline draft created.,Initial project requirement,emp_001,False
REV-DOC-0482-v1,DOC-0482,1.0,,2025-04-01,emp_119,Initial Creation,Initial baseline draft created.,Initial project requirement,,False
REV-DOC-0483-v1,DOC-0483,1.0,,02/28/2026,emp_901,Initial Creation,Initial baseline draft created.,Initial project requirement,,True
REV-DOC-0484-v1,DOC-0484,1.0,,2025-05-19,emp_975,Initial Creation,Initial baseline draft created.,Initial project requirement,,True
REV-DOC-0485-v1,DOC-0485,1.0,,2025-10-10,emp_319,Initial Creation,Initial baseline draft created.,Initial project requirement,,False
REV-DOC-0486-v1,DOC-0486,1.0,,2021-09-11,emp_215,Initial Creation,Initial baseline draft created.,Initial project requirement,emp_001,False
REV-DOC-0487-v1,DOC-0487,1.0,,2025-02-16,emp_567,Initial Creation,Initial baseline draft created.,Initial project requirement,,False
REV-DOC-0488-v1,DOC-0488,1.0,,2024-10-08,emp_790,Initial Creation,Initial baseline draft created.,Initial project requirement,,False
REV-DOC-0489-v1,DOC-0489,1.0,,2022-11-25,emp_472,Initial Creation,Initial baseline draft created.,Initial project requirement,,False
REV-DOC-0490-v1,DOC-0490,1.0,,2026-04-30,emp_587,Initial Creation,Initial baseline draft created.,Initial project requirement,,False
REV-DOC-0491-v1,DOC-0491,1.0,,2025-08-28,emp_855,Initial Creation,Initial baseline draft created.,Initial project requirement,,False
REV-DOC-0492-v1,DOC-0492,1.0,,2024-09-17,emp_306,Initial Creation,Initial baseline draft created.,Initial project requirement,,False
REV-DOC-0493-v1,DOC-0493,1.0,,2023-06-26,emp_973,Initial Creation,Initial baseline draft created.,Initial project requirement,emp_001,False
REV-DOC-0494-v1,DOC-0494,1.0,,2024-03-11,emp_882,Initial Creation,Initial baseline draft created.,Initial project requirement,,False
REV-DOC-0495-v1,DOC-0495,1.0,,06/17/2024,emp_705,Initial Creation,Initial baseline draft created.,Initial project requirement,,False
REV-DOC-0496-v1,DOC-0496,1.0,,2023-05-27,emp_489,Initial Creation,Initial baseline draft created.,Initial project requirement,,False
REV-DOC-0497-v1,DOC-0497,1.0,,2021-12-14,emp_217,Initial Creation,Initial baseline draft created.,Initial project requirement,,False
REV-DOC-0498-v1,DOC-0498,1.0,,2021-07-20,emp_430,Initial Creation,Initial baseline draft created.,Initial project requirement,,False
REV-DOC-0499-v1,DOC-0499,1.0,,2023-10-15,emp_546,Initial Creation,Initial baseline draft created.,Initial project requirement,emp_001,False
REV-DOC-0500-v1,DOC-0500,1.0,,2021-07-14,emp_834,Initial Creation,Initial baseline draft created.,Initial project requirement,,False
REV-DOC-0501-v1,DOC-0501,1.0,,2023-06-06,emp_923,Initial Creation,Initial baseline draft created.,Initial project requirement,,False
REV-DOC-0502-v1,DOC-0502,1.0,,2022-07-03,emp_318,Initial Creation,Initial baseline draft created.,Initial project requirement,,False
REV-DOC-0503-v1,DOC-0503,1.0,,2025-10-28,emp_520,Initial Creation,Initial baseline draft created.,Initial project requirement,,False
REV-DOC-0504-v1,DOC-0504,1.0,,2025-06-21,emp_128,Initial Creation,Initial baseline draft created.,Initial project requirement,,False
REV-DOC-0505-v1,DOC-0505,1.0,,2026-05-28,emp_280,Initial Creation,Initial baseline draft created.,Initial project requirement,emp_001,False
REV-DOC-0506-v1,DOC-0506,1.0,,2022-04-29,emp_959,Initial Creation,Initial baseline draft created.,Initial project requirement,emp_001,False
REV-DOC-0507-v1,DOC-0507,1.0,,2025-02-18,emp_952,Initial Creation,Initial baseline draft created.,Initial project requirement,,True
REV-DOC-0508-v1,DOC-0508,1.0,,2024-12-03,emp_646,Initial Creation,Initial baseline draft created.,Initial project requirement,,False
REV-DOC-0509-v1,DOC-0509,1.0,,2021-03-13,emp_121,Initial Creation,Initial baseline draft created.,Initial project requirement,emp_001,False
REV-DOC-0510-v1,DOC-0510,1.0,,2025-10-23,emp_987,Initial Creation,Initial baseline draft created.,Initial project requirement,,False
REV-DOC-0511-v1,DOC-0511,1.0,,2025-12-07,emp_746,Initial Creation,Initial baseline draft created.,Initial project requirement,,False
REV-DOC-0512-v1,DOC-0512,1.0,,2023-11-03,emp_815,Initial Creation,Initial baseline draft created.,Initial project requirement,,False
REV-DOC-0513-v1,DOC-0513,1.0,,2021-01-07,emp_910,Initial Creation,Initial baseline draft created.,Initial project requirement,,False
REV-DOC-0514-v1,DOC-0514,1.0,,2025-11-24,emp_562,Initial Creation,Initial baseline draft created.,Initial project requirement,,False
REV-DOC-0515-v1,DOC-0515,1.0,,2022-04-05,emp_954,Initial Creation,Initial baseline draft created.,Initial project requirement,emp_001,False
REV-DOC-0516-v1,DOC-0516,1.0,,05/29/2023,emp_510,Initial Creation,Initial baseline draft created.,Initial project requirement,,False
REV-DOC-0517-v1,DOC-0517,1.0,,2022-01-26,emp_329,Initial Creation,Initial baseline draft created.,Initial project requirement,,False
REV-DOC-0518-v1,DOC-0518,1.0,,2025-06-11,emp_284,Initial Creation,Initial baseline draft created.,Initial project requirement,emp_001,False
REV-DOC-0519-v1,DOC-0519,1.0,,2025-11-20,emp_580,Initial Creation,Initial baseline draft created.,Initial project requirement,,False
REV-DOC-0520-v1,DOC-0520,1.0,,2026-02-04,emp_340,Initial Creation,Initial baseline draft created.,Initial project requirement,emp_001,False
REV-DOC-0521-v1,DOC-0521,1.0,,2023-10-29,emp_366,Initial Creation,Initial baseline draft created.,Initial project requirement,,True
REV-DOC-0522-v1,DOC-0522,1.0,,2025-03-12,emp_611,Initial Creation,Initial baseline draft created.,Initial project requirement,,False
REV-DOC-0523-v1,DOC-0523,1.0,,2021-04-19,emp_669,Initial Creation,Initial baseline draft created.,Initial project requirement,,True
REV-DOC-0524-v1,DOC-0524,1.0,,2023-09-21,emp_465,Initial Creation,Initial baseline draft created.,Initial project requirement,,False
REV-DOC-0525-v1,DOC-0525,1.0,,2024-02-28,emp_942,Initial Creation,Initial baseline draft created.,Initial project requirement,,False
REV-DOC-0526-v1,DOC-0526,1.0,,2023-03-19,emp_391,Initial Creation,Initial baseline draft created.,Initial project requirement,emp_001,True
REV-DOC-0527-v1,DOC-0527,1.0,,2024-09-05,emp_437,Initial Creation,Initial baseline draft created.,Initial project requirement,,False
REV-DOC-0528-v1,DOC-0528,1.0,,02/21/2023,emp_660,Initial Creation,Initial baseline draft created.,Initial project requirement,,False
REV-DOC-0529-v1,DOC-0529,1.0,,2023-10-03,emp_223,Initial Creation,Initial baseline draft created.,Initial project requirement,,False
REV-DOC-0530-v1,DOC-0530,1.0,,2024-02-28,emp_587,Initial Creation,Initial baseline draft created.,Initial project requirement,,False
REV-DOC-0531-v1,DOC-0531,1.0,,2026-03-22,emp_763,Initial Creation,Initial baseline draft created.,Initial project requirement,emp_001,False
REV-DOC-0532-v1,DOC-0532,1.0,,2024-03-10,emp_537,Initial Creation,Initial baseline draft created.,Initial project requirement,emp_001,False
REV-DOC-0533-v1,DOC-0533,1.0,,2025-04-24,emp_699,Initial Creation,Initial baseline draft created.,Initial project requirement,emp_001,False
REV-DOC-0534-v1,DOC-0534,1.0,,2025-04-01,emp_701,Initial Creation,Initial baseline draft created.,Initial project requirement,,False
REV-DOC-0535-v1,DOC-0535,1.0,,2021-01-12,emp_647,Initial Creation,Initial baseline draft created.,Initial project requirement,emp_001,False
REV-DOC-0536-v1,DOC-0536,1.0,,2025-07-06,emp_807,Initial Creation,Initial baseline draft created.,Initial project requirement,emp_001,True
REV-DOC-0537-v1,DOC-0537,1.0,,2024-08-23,emp_764,Initial Creation,Initial baseline draft created.,Initial project requirement,,False
REV-DOC-0538-v1,DOC-0538,1.0,,2026-05-28,emp_256,Initial Creation,Initial baseline draft created.,Initial project requirement,,False
REV-DOC-0539-v1,DOC-0539,1.0,,06/29/2026,emp_745,Initial Creation,Initial baseline draft created.,Initial project requirement,,False
REV-DOC-0540-v1,DOC-0540,1.0,,2023-12-18,emp_831,Initial Creation,Initial baseline draft created.,Initial project requirement,,False
REV-DOC-0541-v1,DOC-0541,1.0,,2021-02-12,emp_814,Initial Creation,Initial baseline draft created.,Initial project requirement,,False
REV-DOC-0542-v1,DOC-0542,1.0,,2026-05-20,emp_400,Initial Creation,Initial baseline draft created.,Initial project requirement,,False
REV-DOC-0543-v1,DOC-0543,1.0,,2023-10-05,emp_260,Initial Creation,Initial baseline draft created.,Initial project requirement,,False
REV-DOC-0544-v1,DOC-0544,1.0,,2021-03-07,emp_278,Initial Creation,Initial baseline draft created.,Initial project requirement,,False
REV-DOC-0545-v1,DOC-0545,1.0,,2025-10-14,emp_373,Initial Creation,Initial baseline draft created.,Initial project requirement,emp_001,False
REV-DOC-0546-v1,DOC-0546,1.0,,2021-08-04,emp_142,Initial Creation,Initial baseline draft created.,Initial project requirement,emp_001,False
REV-DOC-0547-v1,DOC-0547,1.0,,2022-11-17,emp_762,Initial Creation,Initial baseline draft created.,Initial project requirement,emp_001,False
REV-DOC-0548-v1,DOC-0548,1.0,,2025-01-04,emp_372,Initial Creation,Initial baseline draft created.,Initial project requirement,,True
REV-DOC-0549-v1,DOC-0549,1.0,,2026-04-17,emp_913,Initial Creation,Initial baseline draft created.,Initial project requirement,,False
REV-DOC-0550-v1,DOC-0550,1.0,,2026-01-23,emp_776,Initial Creation,Initial baseline draft created.,Initial project requirement,emp_001,False
REV-DOC-0551-v1,DOC-0551,1.0,,2026-01-18,emp_108,Initial Creation,Initial baseline draft created.,Initial project requirement,,False
REV-DOC-0552-v1,DOC-0552,1.0,,2025-12-10,emp_894,Initial Creation,Initial baseline draft created.,Initial project requirement,emp_001,False
REV-DOC-0553-v1,DOC-0553,1.0,,2021-02-17,emp_448,Initial Creation,Initial baseline draft created.,Initial project requirement,,False
REV-DOC-0554-v1,DOC-0554,1.0,,2021-04-08,emp_462,Initial Creation,Initial baseline draft created.,Initial project requirement,emp_001,False
REV-DOC-0555-v1,DOC-0555,1.0,,2024-09-27,emp_406,Initial Creation,Initial baseline draft created.,Initial project requirement,,False
REV-DOC-0556-v1,DOC-0556,1.0,,2024-12-28,emp_200,Initial Creation,Initial baseline draft created.,Initial project requirement,,False
REV-DOC-0557-v1,DOC-0557,1.0,,2025-11-21,emp_631,Initial Creation,Initial baseline draft created.,Initial project requirement,,False
REV-DOC-0558-v1,DOC-0558,1.0,,2021-09-22,emp_828,Initial Creation,Initial baseline draft created.,Initial project requirement,emp_001,False
REV-DOC-0559-v1,DOC-0559,1.0,,2024-03-16,emp_223,Initial Creation,Initial baseline draft created.,Initial project requirement,emp_001,False
REV-DOC-0560-v1,DOC-0560,1.0,,05/14/2023,emp_902,Initial Creation,Initial baseline draft created.,Initial project requirement,,True
REV-DOC-0561-v1,DOC-0561,1.0,,2024-03-04,emp_686,Initial Creation,Initial baseline draft created.,Initial project requirement,,False
REV-DOC-0562-v1,DOC-0562,1.0,,2021-07-02,emp_987,Initial Creation,Initial baseline draft created.,Initial project requirement,,False
REV-DOC-0563-v1,DOC-0563,1.0,,2024-02-24,emp_685,Initial Creation,Initial baseline draft created.,Initial project requirement,emp_001,True
REV-DOC-0564-v1,DOC-0564,1.0,,2022-07-18,emp_284,Initial Creation,Initial baseline draft created.,Initial project requirement,,False
REV-DOC-0565-v1,DOC-0565,1.0,,2022-01-05,emp_448,Initial Creation,Initial baseline draft created.,Initial project requirement,emp_001,False
REV-DOC-0566-v1,DOC-0566,1.0,,2021-11-12,emp_361,Initial Creation,Initial baseline draft created.,Initial project requirement,,False
REV-DOC-0567-v1,DOC-0567,1.0,,2022-06-13,emp_522,Initial Creation,Initial baseline draft created.,Initial project requirement,emp_001,False
REV-DOC-0568-v1,DOC-0568,1.0,,2023-04-14,emp_575,Initial Creation,Initial baseline draft created.,Initial project requirement,,False
REV-DOC-0569-v1,DOC-0569,1.0,,2023-07-03,emp_681,Initial Creation,Initial baseline draft created.,Initial project requirement,,False
REV-DOC-0570-v1,DOC-0570,1.0,,2026-05-23,emp_932,Initial Creation,Initial baseline draft created.,Initial project requirement,,False
REV-DOC-0571-v1,DOC-0571,1.0,,2021-11-27,emp_388,Initial Creation,Initial baseline draft created.,Initial project requirement,emp_001,False
REV-DOC-0572-v1,DOC-0572,1.0,,2026-06-30,emp_750,Initial Creation,Initial baseline draft created.,Initial project requirement,,False
REV-DOC-0573-v1,DOC-0573,1.0,,2024-10-09,emp_104,Initial Creation,Initial baseline draft created.,Initial project requirement,,False
REV-DOC-0574-v1,DOC-0574,1.0,,2025-08-22,emp_932,Initial Creation,Initial baseline draft created.,Initial project requirement,,False
REV-DOC-0575-v1,DOC-0575,1.0,,2022-01-28,emp_796,Initial Creation,Initial baseline draft created.,Initial project requirement,,True
REV-DOC-0576-v1,DOC-0576,1.0,,2021-08-16,emp_300,Initial Creation,Initial baseline draft created.,Initial project requirement,,False
REV-DOC-0577-v1,DOC-0577,1.0,,2025-03-08,emp_702,Initial Creation,Initial baseline draft created.,Initial project requirement,,False
REV-DOC-0578-v1,DOC-0578,1.0,,2026-04-05,emp_564,Initial Creation,Initial baseline draft created.,Initial project requirement,emp_001,False
REV-DOC-0579-v1,DOC-0579,1.0,,2026-02-24,emp_148,Initial Creation,Initial baseline draft created.,Initial project requirement,,False
REV-DOC-0580-v1,DOC-0580,1.0,,2021-12-03,emp_355,Initial Creation,Initial baseline draft created.,Initial project requirement,emp_001,True
REV-DOC-0581-v1,DOC-0581,1.0,,2022-05-04,emp_210,Initial Creation,Initial baseline draft created.,Initial project requirement,emp_001,False
REV-DOC-0582-v1,DOC-0582,1.0,,2023-02-12,emp_162,Initial Creation,Initial baseline draft created.,Initial project requirement,emp_001,False
REV-DOC-0583-v1,DOC-0583,1.0,,2025-10-07,emp_153,Initial Creation,Initial baseline draft created.,Initial project requirement,emp_001,False
REV-DOC-0584-v1,DOC-0584,1.0,,2023-07-19,emp_766,Initial Creation,Initial baseline draft created.,Initial project requirement,,True
REV-DOC-0585-v1,DOC-0585,1.0,,2025-01-24,emp_531,Initial Creation,Initial baseline draft created.,Initial project requirement,,True
REV-DOC-0586-v1,DOC-0586,1.0,,2021-10-29,emp_894,Initial Creation,Initial baseline draft created.,Initial project requirement,,False
REV-DOC-0587-v1,DOC-0587,1.0,,2026-06-23,emp_452,Initial Creation,Initial baseline draft created.,Initial project requirement,,False
REV-DOC-0588-v1,DOC-0588,1.0,,2021-11-29,emp_528,Initial Creation,Initial baseline draft created.,Initial project requirement,,False
REV-DOC-0589-v1,DOC-0589,1.0,,07/12/2025,emp_592,Initial Creation,Initial baseline draft created.,Initial project requirement,,True
REV-DOC-0590-v1,DOC-0590,1.0,,2026-02-13,emp_299,Initial Creation,Initial baseline draft created.,Initial project requirement,emp_001,True
REV-DOC-0591-v1,DOC-0591,1.0,,2021-12-27,emp_300,Initial Creation,Initial baseline draft created.,Initial project requirement,emp_001,False
REV-DOC-0592-v1,DOC-0592,1.0,,2024-09-15,emp_478,Initial Creation,Initial baseline draft created.,Initial project requirement,,True
REV-DOC-0593-v1,DOC-0593,1.0,,2023-05-30,emp_425,Initial Creation,Initial baseline draft created.,Initial project requirement,emp_001,False
REV-DOC-0594-v1,DOC-0594,1.0,,2026-06-07,emp_971,Initial Creation,Initial baseline draft created.,Initial project requirement,,False
REV-DOC-0595-v1,DOC-0595,1.0,,2022-01-02,emp_631,Initial Creation,Initial baseline draft created.,Initial project requirement,,False
REV-DOC-0596-v1,DOC-0596,1.0,,2023-07-15,emp_324,Initial Creation,Initial baseline draft created.,Initial project requirement,,False
REV-DOC-0597-v1,DOC-0597,1.0,,2022-12-22,emp_555,Initial Creation,Initial baseline draft created.,Initial project requirement,emp_001,False
REV-DOC-0598-v1,DOC-0598,1.0,,2022-01-03,emp_491,Initial Creation,Initial baseline draft created.,Initial project requirement,,False
REV-DOC-0599-v1,DOC-0599,1.0,,2021-05-27,emp_200,Initial Creation,Initial baseline draft created.,Initial project requirement,emp_001,False
REV-DOC-0600-v1,DOC-0600,1.0,,2026-02-12,emp_975,Initial Creation,Initial baseline draft created.,Initial project requirement,emp_001,False
REV-DOC-0601-v1,DOC-0601,1.0,,2025-01-21,emp_333,Initial Creation,Initial baseline draft created.,Initial project requirement,,False
REV-DOC-0602-v1,DOC-0602,1.0,,2022-03-06,emp_888,Initial Creation,Initial baseline draft created.,Initial project requirement,emp_001,False
REV-DOC-0603-v1,DOC-0603,1.0,,2024-11-05,emp_529,Initial Creation,Initial baseline draft created.,Initial project requirement,,False
REV-DOC-0604-v1,DOC-0604,1.0,,2021-05-11,emp_309,Initial Creation,Initial baseline draft created.,Initial project requirement,,False
REV-DOC-0605-v1,DOC-0605,1.0,,2023-09-28,emp_946,Initial Creation,Initial baseline draft created.,Initial project requirement,,False
REV-DOC-0606-v1,DOC-0606,1.0,,2022-11-01,emp_111,Initial Creation,Initial baseline draft created.,Initial project requirement,,False
REV-DOC-0607-v1,DOC-0607,1.0,,2021-11-22,emp_542,Initial Creation,Initial baseline draft created.,Initial project requirement,,False
REV-DOC-0608-v1,DOC-0608,1.0,,2026-02-08,emp_638,Initial Creation,Initial baseline draft created.,Initial project requirement,,False
REV-DOC-0609-v1,DOC-0609,1.0,,2023-05-01,emp_727,Initial Creation,Initial baseline draft created.,Initial project requirement,,False
REV-DOC-0610-v1,DOC-0610,1.0,,2022-07-15,emp_991,Initial Creation,Initial baseline draft created.,Initial project requirement,,False
REV-DOC-0611-v1,DOC-0611,1.0,,04/20/2023,emp_616,Initial Creation,Initial baseline draft created.,Initial project requirement,,False
REV-DOC-0612-v1,DOC-0612,1.0,,2025-10-19,emp_863,Initial Creation,Initial baseline draft created.,Initial project requirement,,False
REV-DOC-0613-v1,DOC-0613,1.0,,2025-01-01,emp_772,Initial Creation,Initial baseline draft created.,Initial project requirement,,False
REV-DOC-0614-v1,DOC-0614,1.0,,2024-10-19,emp_179,Initial Creation,Initial baseline draft created.,Initial project requirement,,True
REV-DOC-0615-v1,DOC-0615,1.0,,2023-06-29,emp_806,Initial Creation,Initial baseline draft created.,Initial project requirement,emp_001,False
REV-DOC-0616-v1,DOC-0616,1.0,,10/24/2024,emp_445,Initial Creation,Initial baseline draft created.,Initial project requirement,emp_001,False
REV-DOC-0617-v1,DOC-0617,1.0,,2026-04-07,emp_654,Initial Creation,Initial baseline draft created.,Initial project requirement,emp_001,False
REV-DOC-0618-v1,DOC-0618,1.0,,2024-09-09,emp_325,Initial Creation,Initial baseline draft created.,Initial project requirement,,False
REV-DOC-0619-v1,DOC-0619,1.0,,2022-10-27,emp_197,Initial Creation,Initial baseline draft created.,Initial project requirement,,False
REV-DOC-0620-v1,DOC-0620,1.0,,2024-05-31,emp_443,Initial Creation,Initial baseline draft created.,Initial project requirement,,False
REV-DOC-0621-v1,DOC-0621,1.0,,2025-03-31,emp_342,Initial Creation,Initial baseline draft created.,Initial project requirement,emp_001,False
REV-DOC-0622-v1,DOC-0622,1.0,,2022-10-13,emp_237,Initial Creation,Initial baseline draft created.,Initial project requirement,emp_001,False
REV-DOC-0623-v1,DOC-0623,1.0,,2025-06-30,emp_155,Initial Creation,Initial baseline draft created.,Initial project requirement,,False
REV-DOC-0624-v1,DOC-0624,1.0,,2026-04-06,emp_153,Initial Creation,Initial baseline draft created.,Initial project requirement,emp_001,False
REV-DOC-0625-v1,DOC-0625,1.0,,2024-05-25,emp_534,Initial Creation,Initial baseline draft created.,Initial project requirement,,False
REV-DOC-0626-v1,DOC-0626,1.0,,2023-05-16,emp_582,Initial Creation,Initial baseline draft created.,Initial project requirement,,False
REV-DOC-0627-v1,DOC-0627,1.0,,2022-06-11,emp_844,Initial Creation,Initial baseline draft created.,Initial project requirement,,False
REV-DOC-0628-v1,DOC-0628,1.0,,2025-02-04,emp_113,Initial Creation,Initial baseline draft created.,Initial project requirement,,False
REV-DOC-0629-v1,DOC-0629,1.0,,2021-11-29,emp_494,Initial Creation,Initial baseline draft created.,Initial project requirement,,False
REV-DOC-0630-v1,DOC-0630,1.0,,2021-03-12,emp_348,Initial Creation,Initial baseline draft created.,Initial project requirement,,False
REV-DOC-0631-v1,DOC-0631,1.0,,2025-04-28,emp_112,Initial Creation,Initial baseline draft created.,Initial project requirement,,False
REV-DOC-0632-v1,DOC-0632,1.0,,2024-04-15,emp_645,Initial Creation,Initial baseline draft created.,Initial project requirement,,False
REV-DOC-0633-v1,DOC-0633,1.0,,2024-12-02,emp_866,Initial Creation,Initial baseline draft created.,Initial project requirement,emp_001,False
REV-DOC-0634-v1,DOC-0634,1.0,,2023-02-07,emp_274,Initial Creation,Initial baseline draft created.,Initial project requirement,,False
REV-DOC-0635-v1,DOC-0635,1.0,,2023-06-22,emp_365,Initial Creation,Initial baseline draft created.,Initial project requirement,,False
REV-DOC-0636-v1,DOC-0636,1.0,,2022-06-29,emp_109,Initial Creation,Initial baseline draft created.,Initial project requirement,emp_001,False
REV-DOC-0637-v1,DOC-0637,1.0,,2024-10-28,emp_444,Initial Creation,Initial baseline draft created.,Initial project requirement,,False
REV-DOC-0638-v1,DOC-0638,1.0,,2025-01-25,emp_567,Initial Creation,Initial baseline draft created.,Initial project requirement,emp_001,False
REV-DOC-0639-v1,DOC-0639,1.0,,2021-02-04,emp_103,Initial Creation,Initial baseline draft created.,Initial project requirement,,False
REV-DOC-0640-v1,DOC-0640,1.0,,2025-02-12,emp_587,Initial Creation,Initial baseline draft created.,Initial project requirement,,False
REV-DOC-0641-v1,DOC-0641,1.0,,2023-09-15,emp_556,Initial Creation,Initial baseline draft created.,Initial project requirement,,False
REV-DOC-0642-v1,DOC-0642,1.0,,2024-09-25,emp_325,Initial Creation,Initial baseline draft created.,Initial project requirement,,False
REV-DOC-0643-v1,DOC-0643,1.0,,2024-09-01,emp_486,Initial Creation,Initial baseline draft created.,Initial project requirement,,False
REV-DOC-0644-v1,DOC-0644,1.0,,2021-09-18,emp_686,Initial Creation,Initial baseline draft created.,Initial project requirement,,False
REV-DOC-0645-v1,DOC-0645,1.0,,2025-06-22,emp_889,Initial Creation,Initial baseline draft created.,Initial project requirement,,False
REV-DOC-0646-v1,DOC-0646,1.0,,2021-10-29,emp_611,Initial Creation,Initial baseline draft created.,Initial project requirement,,False
REV-DOC-0647-v1,DOC-0647,1.0,,2024-12-13,emp_606,Initial Creation,Initial baseline draft created.,Initial project requirement,emp_001,False
REV-DOC-0648-v1,DOC-0648,1.0,,2025-01-29,emp_977,Initial Creation,Initial baseline draft created.,Initial project requirement,,False
REV-DOC-0649-v1,DOC-0649,1.0,,2025-01-28,emp_173,Initial Creation,Initial baseline draft created.,Initial project requirement,,False
REV-DOC-0650-v1,DOC-0650,1.0,,2024-03-28,emp_568,Initial Creation,Initial baseline draft created.,Initial project requirement,,False
REV-DOC-0651-v1,DOC-0651,1.0,,2024-10-23,emp_485,Initial Creation,Initial baseline draft created.,Initial project requirement,emp_001,False
REV-DOC-0652-v1,DOC-0652,1.0,,2021-09-01,emp_350,Initial Creation,Initial baseline draft created.,Initial project requirement,,False
REV-DOC-0653-v1,DOC-0653,1.0,,01/23/2023,emp_381,Initial Creation,Initial baseline draft created.,Initial project requirement,emp_001,False
REV-DOC-0654-v1,DOC-0654,1.0,,2024-08-13,emp_493,Initial Creation,Initial baseline draft created.,Initial project requirement,,False
REV-DOC-0655-v1,DOC-0655,1.0,,2025-05-24,emp_669,Initial Creation,Initial baseline draft created.,Initial project requirement,,False
REV-DOC-0656-v1,DOC-0656,1.0,,2025-06-28,emp_668,Initial Creation,Initial baseline draft created.,Initial project requirement,emp_001,False
REV-DOC-0657-v1,DOC-0657,1.0,,2023-05-17,emp_657,Initial Creation,Initial baseline draft created.,Initial project requirement,,False
REV-DOC-0658-v1,DOC-0658,1.0,,2022-05-01,emp_778,Initial Creation,Initial baseline draft created.,Initial project requirement,,True
REV-DOC-0659-v1,DOC-0659,1.0,,2023-03-31,emp_490,Initial Creation,Initial baseline draft created.,Initial project requirement,emp_001,False
REV-DOC-0660-v1,DOC-0660,1.0,,05/23/2024,emp_677,Initial Creation,Initial baseline draft created.,Initial project requirement,,False
REV-DOC-0661-v1,DOC-0661,1.0,,2022-11-06,emp_516,Initial Creation,Initial baseline draft created.,Initial project requirement,,False
REV-DOC-0662-v1,DOC-0662,1.0,,2024-04-20,emp_639,Initial Creation,Initial baseline draft created.,Initial project requirement,,False
REV-DOC-0663-v1,DOC-0663,1.0,,2024-02-04,emp_453,Initial Creation,Initial baseline draft created.,Initial project requirement,,False
REV-DOC-0664-v1,DOC-0664,1.0,,2024-12-19,emp_154,Initial Creation,Initial baseline draft created.,Initial project requirement,,False
REV-DOC-0665-v1,DOC-0665,1.0,,2026-04-25,emp_750,Initial Creation,Initial baseline draft created.,Initial project requirement,,False
REV-DOC-0666-v1,DOC-0666,1.0,,2024-02-09,emp_861,Initial Creation,Initial baseline draft created.,Initial project requirement,,False
REV-DOC-0667-v1,DOC-0667,1.0,,2022-01-25,emp_114,Initial Creation,Initial baseline draft created.,Initial project requirement,emp_001,False
REV-DOC-0668-v1,DOC-0668,1.0,,2026-01-25,emp_272,Initial Creation,Initial baseline draft created.,Initial project requirement,,False
REV-DOC-0669-v1,DOC-0669,1.0,,2025-08-31,emp_795,Initial Creation,Initial baseline draft created.,Initial project requirement,emp_001,False
REV-DOC-0670-v1,DOC-0670,1.0,,2026-03-31,emp_945,Initial Creation,Initial baseline draft created.,Initial project requirement,,False
REV-DOC-0671-v1,DOC-0671,1.0,,2021-07-27,emp_463,Initial Creation,Initial baseline draft created.,Initial project requirement,,False
REV-DOC-0672-v1,DOC-0672,1.0,,2023-02-06,emp_581,Initial Creation,Initial baseline draft created.,Initial project requirement,,False
REV-DOC-0673-v1,DOC-0673,1.0,,2025-12-15,emp_105,Initial Creation,Initial baseline draft created.,Initial project requirement,,False
REV-DOC-0674-v1,DOC-0674,1.0,,2021-09-01,emp_781,Initial Creation,Initial baseline draft created.,Initial project requirement,,False
REV-DOC-0675-v1,DOC-0675,1.0,,2025-06-12,emp_212,Initial Creation,Initial baseline draft created.,Initial project requirement,,False
REV-DOC-0676-v1,DOC-0676,1.0,,2022-08-01,emp_591,Initial Creation,Initial baseline draft created.,Initial project requirement,emp_001,False
REV-DOC-0677-v1,DOC-0677,1.0,,2022-02-11,emp_782,Initial Creation,Initial baseline draft created.,Initial project requirement,emp_001,False
REV-DOC-0678-v1,DOC-0678,1.0,,2021-03-20,emp_235,Initial Creation,Initial baseline draft created.,Initial project requirement,,False
REV-DOC-0679-v1,DOC-0679,1.0,,2023-09-09,emp_444,Initial Creation,Initial baseline draft created.,Initial project requirement,,False
REV-DOC-0680-v1,DOC-0680,1.0,,2021-04-17,emp_141,Initial Creation,Initial baseline draft created.,Initial project requirement,,False
REV-DOC-0681-v1,DOC-0681,1.0,,2024-10-30,emp_199,Initial Creation,Initial baseline draft created.,Initial project requirement,,False
REV-DOC-0682-v1,DOC-0682,1.0,,2021-09-04,emp_744,Initial Creation,Initial baseline draft created.,Initial project requirement,,False
REV-DOC-0683-v1,DOC-0683,1.0,,2021-03-31,emp_838,Initial Creation,Initial baseline draft created.,Initial project requirement,,False
REV-DOC-0684-v1,DOC-0684,1.0,,06/08/2025,emp_636,Initial Creation,Initial baseline draft created.,Initial project requirement,,False
REV-DOC-0685-v1,DOC-0685,1.0,,2025-11-18,emp_801,Initial Creation,Initial baseline draft created.,Initial project requirement,,False
REV-DOC-0686-v1,DOC-0686,1.0,,2023-07-22,emp_909,Initial Creation,Initial baseline draft created.,Initial project requirement,,False
REV-DOC-0687-v1,DOC-0687,1.0,,2026-04-14,emp_754,Initial Creation,Initial baseline draft created.,Initial project requirement,,False
REV-DOC-0688-v1,DOC-0688,1.0,,2026-04-23,emp_432,Initial Creation,Initial baseline draft created.,Initial project requirement,,False
REV-DOC-0689-v1,DOC-0689,1.0,,2026-06-13,emp_280,Initial Creation,Initial baseline draft created.,Initial project requirement,emp_001,False
REV-DOC-0690-v1,DOC-0690,1.0,,2022-02-22,emp_432,Initial Creation,Initial baseline draft created.,Initial project requirement,,False
REV-DOC-0691-v1,DOC-0691,1.0,,2022-01-22,emp_935,Initial Creation,Initial baseline draft created.,Initial project requirement,,False
REV-DOC-0692-v1,DOC-0692,1.0,,2022-05-18,emp_173,Initial Creation,Initial baseline draft created.,Initial project requirement,,False
REV-DOC-0693-v1,DOC-0693,1.0,,2025-04-27,emp_235,Initial Creation,Initial baseline draft created.,Initial project requirement,,False
REV-DOC-0694-v1,DOC-0694,1.0,,2025-04-05,emp_242,Initial Creation,Initial baseline draft created.,Initial project requirement,,False
REV-DOC-0695-v1,DOC-0695,1.0,,2021-07-30,emp_944,Initial Creation,Initial baseline draft created.,Initial project requirement,,False
REV-DOC-0696-v1,DOC-0696,1.0,,2024-11-07,emp_331,Initial Creation,Initial baseline draft created.,Initial project requirement,,True
REV-DOC-0697-v1,DOC-0697,1.0,,2024-05-23,emp_186,Initial Creation,Initial baseline draft created.,Initial project requirement,,False
REV-DOC-0698-v1,DOC-0698,1.0,,2022-07-10,emp_996,Initial Creation,Initial baseline draft created.,Initial project requirement,,False
REV-DOC-0699-v1,DOC-0699,1.0,,2025-07-27,emp_557,Initial Creation,Initial baseline draft created.,Initial project requirement,emp_001,False
REV-DOC-0700-v1,DOC-0700,1.0,,2023-09-13,emp_606,Initial Creation,Initial baseline draft created.,Initial project requirement,,False
REV-DOC-0701-v1,DOC-0701,1.0,,2025-01-04,emp_185,Initial Creation,Initial baseline draft created.,Initial project requirement,,False
REV-DOC-0702-v1,DOC-0702,1.0,,2023-01-10,emp_161,Initial Creation,Initial baseline draft created.,Initial project requirement,,False
REV-DOC-0703-v1,DOC-0703,1.0,,2024-11-26,emp_850,Initial Creation,Initial baseline draft created.,Initial project requirement,,False
REV-DOC-0704-v1,DOC-0704,1.0,,2021-06-07,emp_180,Initial Creation,Initial baseline draft created.,Initial project requirement,,False
REV-DOC-0705-v1,DOC-0705,1.0,,2022-08-11,emp_900,Initial Creation,Initial baseline draft created.,Initial project requirement,,False
REV-DOC-0706-v1,DOC-0706,1.0,,2023-05-18,emp_413,Initial Creation,Initial baseline draft created.,Initial project requirement,,False
REV-DOC-0707-v1,DOC-0707,1.0,,2025-07-31,emp_719,Initial Creation,Initial baseline draft created.,Initial project requirement,,False
REV-DOC-0708-v1,DOC-0708,1.0,,2021-06-09,emp_211,Initial Creation,Initial baseline draft created.,Initial project requirement,,False
REV-DOC-0709-v1,DOC-0709,1.0,,2021-06-24,emp_346,Initial Creation,Initial baseline draft created.,Initial project requirement,emp_001,False
REV-DOC-0710-v1,DOC-0710,1.0,,2022-10-07,emp_612,Initial Creation,Initial baseline draft created.,Initial project requirement,,False
REV-DOC-0711-v1,DOC-0711,1.0,,2023-09-04,emp_701,Initial Creation,Initial baseline draft created.,Initial project requirement,,False
REV-DOC-0712-v1,DOC-0712,1.0,,2026-07-26,emp_613,Initial Creation,Initial baseline draft created.,Initial project requirement,,False
REV-DOC-0713-v1,DOC-0713,1.0,,2024-05-27,emp_313,Initial Creation,Initial baseline draft created.,Initial project requirement,,False
REV-DOC-0714-v1,DOC-0714,1.0,,2022-10-05,emp_196,Initial Creation,Initial baseline draft created.,Initial project requirement,,False
REV-DOC-0715-v1,DOC-0715,1.0,,2026-04-09,emp_765,Initial Creation,Initial baseline draft created.,Initial project requirement,,False
REV-DOC-0716-v1,DOC-0716,1.0,,2023-11-03,emp_185,Initial Creation,Initial baseline draft created.,Initial project requirement,,False
REV-DOC-0717-v1,DOC-0717,1.0,,2024-03-13,emp_484,Initial Creation,Initial baseline draft created.,Initial project requirement,emp_001,False
REV-DOC-0718-v1,DOC-0718,1.0,,2026-02-22,emp_284,Initial Creation,Initial baseline draft created.,Initial project requirement,,False
REV-DOC-0719-v1,DOC-0719,1.0,,2021-03-20,emp_385,Initial Creation,Initial baseline draft created.,Initial project requirement,,False
REV-DOC-0720-v1,DOC-0720,1.0,,2026-06-28,emp_908,Initial Creation,Initial baseline draft created.,Initial project requirement,,False
REV-DOC-0721-v1,DOC-0721,1.0,,2025-11-25,emp_183,Initial Creation,Initial baseline draft created.,Initial project requirement,,False
REV-DOC-0722-v1,DOC-0722,1.0,,2026-04-14,emp_303,Initial Creation,Initial baseline draft created.,Initial project requirement,,False
REV-DOC-0723-v1,DOC-0723,1.0,,06/16/2024,emp_840,Initial Creation,Initial baseline draft created.,Initial project requirement,,False
REV-DOC-0724-v1,DOC-0724,1.0,,2022-06-23,emp_911,Initial Creation,Initial baseline draft created.,Initial project requirement,emp_001,False
REV-DOC-0725-v1,DOC-0725,1.0,,2025-05-05,emp_813,Initial Creation,Initial baseline draft created.,Initial project requirement,,True
REV-DOC-0726-v1,DOC-0726,1.0,,2023-04-28,emp_764,Initial Creation,Initial baseline draft created.,Initial project requirement,,False
REV-DOC-0727-v1,DOC-0727,1.0,,2022-08-07,emp_546,Initial Creation,Initial baseline draft created.,Initial project requirement,,False
REV-DOC-0728-v1,DOC-0728,1.0,,2025-03-16,emp_206,Initial Creation,Initial baseline draft created.,Initial project requirement,emp_001,False
REV-DOC-0729-v1,DOC-0729,1.0,,02/05/2022,emp_490,Initial Creation,Initial baseline draft created.,Initial project requirement,emp_001,False
REV-DOC-0730-v1,DOC-0730,1.0,,10/10/2024,emp_414,Initial Creation,Initial baseline draft created.,Initial project requirement,emp_001,False
REV-DOC-0731-v1,DOC-0731,1.0,,2026-07-27,emp_274,Initial Creation,Initial baseline draft created.,Initial project requirement,,False
REV-DOC-0732-v1,DOC-0732,1.0,,2023-11-26,emp_512,Initial Creation,Initial baseline draft created.,Initial project requirement,,False
REV-DOC-0733-v1,DOC-0733,1.0,,2021-07-11,emp_308,Initial Creation,Initial baseline draft created.,Initial project requirement,,False
REV-DOC-0734-v1,DOC-0734,1.0,,2022-01-18,emp_564,Initial Creation,Initial baseline draft created.,Initial project requirement,,False
REV-DOC-0735-v1,DOC-0735,1.0,,2026-03-14,emp_213,Initial Creation,Initial baseline draft created.,Initial project requirement,emp_001,False
REV-DOC-0736-v1,DOC-0736,1.0,,2023-09-24,emp_523,Initial Creation,Initial baseline draft created.,Initial project requirement,,False
REV-DOC-0737-v1,DOC-0737,1.0,,2023-09-19,emp_451,Initial Creation,Initial baseline draft created.,Initial project requirement,,False
REV-DOC-0738-v1,DOC-0738,1.0,,2022-11-02,emp_322,Initial Creation,Initial baseline draft created.,Initial project requirement,,False
REV-DOC-0739-v1,DOC-0739,1.0,,2023-06-13,emp_863,Initial Creation,Initial baseline draft created.,Initial project requirement,,False
REV-DOC-0740-v1,DOC-0740,1.0,,2023-05-18,emp_543,Initial Creation,Initial baseline draft created.,Initial project requirement,,False
REV-DOC-0741-v1,DOC-0741,1.0,,2022-06-03,emp_134,Initial Creation,Initial baseline draft created.,Initial project requirement,,False
REV-DOC-0742-v1,DOC-0742,1.0,,2022-03-17,emp_351,Initial Creation,Initial baseline draft created.,Initial project requirement,,False
REV-DOC-0743-v1,DOC-0743,1.0,,2023-03-01,emp_675,Initial Creation,Initial baseline draft created.,Initial project requirement,,False
REV-DOC-0744-v1,DOC-0744,1.0,,2022-02-10,emp_425,Initial Creation,Initial baseline draft created.,Initial project requirement,emp_001,False
REV-DOC-0745-v1,DOC-0745,1.0,,08/07/2022,emp_690,Initial Creation,Initial baseline draft created.,Initial project requirement,emp_001,False
REV-DOC-0746-v1,DOC-0746,1.0,,2025-08-27,emp_581,Initial Creation,Initial baseline draft created.,Initial project requirement,,False
REV-DOC-0747-v1,DOC-0747,1.0,,2025-09-23,emp_605,Initial Creation,Initial baseline draft created.,Initial project requirement,emp_001,True
REV-DOC-0748-v1,DOC-0748,1.0,,2025-07-30,emp_841,Initial Creation,Initial baseline draft created.,Initial project requirement,emp_001,False
REV-DOC-0749-v1,DOC-0749,1.0,,2026-03-10,emp_815,Initial Creation,Initial baseline draft created.,Initial project requirement,emp_001,False
REV-DOC-0750-v1,DOC-0750,1.0,,2025-05-02,emp_387,Initial Creation,Initial baseline draft created.,Initial project requirement,,False
REV-DOC-0751-v1,DOC-0751,1.0,,2021-05-04,emp_176,Initial Creation,Initial baseline draft created.,Initial project requirement,emp_001,False
REV-DOC-0752-v1,DOC-0752,1.0,,2024-09-04,emp_825,Initial Creation,Initial baseline draft created.,Initial project requirement,emp_001,False
REV-DOC-0753-v1,DOC-0753,1.0,,2023-05-17,emp_170,Initial Creation,Initial baseline draft created.,Initial project requirement,,False
REV-DOC-0754-v1,DOC-0754,1.0,,2023-09-03,emp_373,Initial Creation,Initial baseline draft created.,Initial project requirement,,False
REV-DOC-0755-v1,DOC-0755,1.0,,2023-01-28,emp_551,Initial Creation,Initial baseline draft created.,Initial project requirement,emp_001,False
REV-DOC-0756-v1,DOC-0756,1.0,,2024-10-27,emp_543,Initial Creation,Initial baseline draft created.,Initial project requirement,,True
REV-DOC-0757-v1,DOC-0757,1.0,,2024-12-03,emp_331,Initial Creation,Initial baseline draft created.,Initial project requirement,,False
REV-DOC-0758-v1,DOC-0758,1.0,,2021-07-13,emp_851,Initial Creation,Initial baseline draft created.,Initial project requirement,,False
REV-DOC-0759-v1,DOC-0759,1.0,,2023-05-27,emp_782,Initial Creation,Initial baseline draft created.,Initial project requirement,emp_001,False
REV-DOC-0760-v1,DOC-0760,1.0,,2023-08-26,emp_994,Initial Creation,Initial baseline draft created.,Initial project requirement,emp_001,False
REV-DOC-0761-v1,DOC-0761,1.0,,2023-07-16,emp_411,Initial Creation,Initial baseline draft created.,Initial project requirement,,False
REV-DOC-0762-v1,DOC-0762,1.0,,2023-09-19,emp_893,Initial Creation,Initial baseline draft created.,Initial project requirement,,False
REV-DOC-0763-v1,DOC-0763,1.0,,2024-03-28,emp_131,Initial Creation,Initial baseline draft created.,Initial project requirement,,False
REV-DOC-0764-v1,DOC-0764,1.0,,2026-02-08,emp_279,Initial Creation,Initial baseline draft created.,Initial project requirement,,False
REV-DOC-0765-v1,DOC-0765,1.0,,2024-03-06,emp_543,Initial Creation,Initial baseline draft created.,Initial project requirement,,False
REV-DOC-0766-v1,DOC-0766,1.0,,2021-05-13,emp_598,Initial Creation,Initial baseline draft created.,Initial project requirement,,True
REV-DOC-0767-v1,DOC-0767,1.0,,2021-04-13,emp_776,Initial Creation,Initial baseline draft created.,Initial project requirement,,False
REV-DOC-0768-v1,DOC-0768,1.0,,2021-03-07,emp_397,Initial Creation,Initial baseline draft created.,Initial project requirement,,False
REV-DOC-0769-v1,DOC-0769,1.0,,2024-10-22,emp_677,Initial Creation,Initial baseline draft created.,Initial project requirement,,False
REV-DOC-0770-v1,DOC-0770,1.0,,2025-05-22,emp_287,Initial Creation,Initial baseline draft created.,Initial project requirement,,False
REV-DOC-0771-v1,DOC-0771,1.0,,2023-08-03,emp_530,Initial Creation,Initial baseline draft created.,Initial project requirement,emp_001,False
REV-DOC-0772-v1,DOC-0772,1.0,,2026-01-18,emp_735,Initial Creation,Initial baseline draft created.,Initial project requirement,,False
REV-DOC-0773-v1,DOC-0773,1.0,,2025-08-27,emp_156,Initial Creation,Initial baseline draft created.,Initial project requirement,emp_001,False
REV-DOC-0774-v1,DOC-0774,1.0,,2024-02-26,emp_628,Initial Creation,Initial baseline draft created.,Initial project requirement,,False
REV-DOC-0775-v1,DOC-0775,1.0,,2021-11-10,emp_168,Initial Creation,Initial baseline draft created.,Initial project requirement,emp_001,False
REV-DOC-0776-v1,DOC-0776,1.0,,2025-09-20,emp_288,Initial Creation,Initial baseline draft created.,Initial project requirement,,False
REV-DOC-0777-v1,DOC-0777,1.0,,2022-02-15,emp_623,Initial Creation,Initial baseline draft created.,Initial project requirement,,False
REV-DOC-0778-v1,DOC-0778,1.0,,2021-10-31,emp_526,Initial Creation,Initial baseline draft created.,Initial project requirement,,False
REV-DOC-0779-v1,DOC-0779,1.0,,2023-08-17,emp_463,Initial Creation,Initial baseline draft created.,Initial project requirement,,False
REV-DOC-0780-v1,DOC-0780,1.0,,2022-11-26,emp_460,Initial Creation,Initial baseline draft created.,Initial project requirement,,False
REV-DOC-0781-v1,DOC-0781,1.0,,2022-06-15,emp_894,Initial Creation,Initial baseline draft created.,Initial project requirement,,False
REV-DOC-0782-v1,DOC-0782,1.0,,2022-10-25,emp_795,Initial Creation,Initial baseline draft created.,Initial project requirement,,False
REV-DOC-0783-v1,DOC-0783,1.0,,2023-06-24,emp_138,Initial Creation,Initial baseline draft created.,Initial project requirement,,False
REV-DOC-0784-v1,DOC-0784,1.0,,2022-04-07,emp_548,Initial Creation,Initial baseline draft created.,Initial project requirement,,False
REV-DOC-0785-v1,DOC-0785,1.0,,2025-05-05,emp_105,Initial Creation,Initial baseline draft created.,Initial project requirement,emp_001,False
REV-DOC-0786-v1,DOC-0786,1.0,,2025-06-30,emp_973,Initial Creation,Initial baseline draft created.,Initial project requirement,,False
REV-DOC-0787-v1,DOC-0787,1.0,,2022-11-09,emp_715,Initial Creation,Initial baseline draft created.,Initial project requirement,,False
REV-DOC-0788-v1,DOC-0788,1.0,,2022-10-02,emp_725,Initial Creation,Initial baseline draft created.,Initial project requirement,emp_001,False
REV-DOC-0789-v1,DOC-0789,1.0,,2022-11-17,emp_367,Initial Creation,Initial baseline draft created.,Initial project requirement,,False
REV-DOC-0790-v1,DOC-0790,1.0,,2024-05-10,emp_172,Initial Creation,Initial baseline draft created.,Initial project requirement,emp_001,False
REV-DOC-0791-v1,DOC-0791,1.0,,2025-05-20,emp_589,Initial Creation,Initial baseline draft created.,Initial project requirement,,True
REV-DOC-0792-v1,DOC-0792,1.0,,2023-03-04,emp_593,Initial Creation,Initial baseline draft created.,Initial project requirement,,False
REV-DOC-0793-v1,DOC-0793,1.0,,2022-05-03,emp_547,Initial Creation,Initial baseline draft created.,Initial project requirement,emp_001,False
REV-DOC-0794-v1,DOC-0794,1.0,,2022-01-05,emp_229,Initial Creation,Initial baseline draft created.,Initial project requirement,emp_001,False
REV-DOC-0795-v1,DOC-0795,1.0,,2026-04-06,emp_178,Initial Creation,Initial baseline draft created.,Initial project requirement,,False
REV-DOC-0796-v1,DOC-0796,1.0,,2022-10-16,emp_639,Initial Creation,Initial baseline draft created.,Initial project requirement,emp_001,False
REV-DOC-0797-v1,DOC-0797,1.0,,2022-03-08,emp_859,Initial Creation,Initial baseline draft created.,Initial project requirement,,True
REV-DOC-0798-v1,DOC-0798,1.0,,2024-04-19,emp_376,Initial Creation,Initial baseline draft created.,Initial project requirement,,True
REV-DOC-0799-v1,DOC-0799,1.0,,2022-02-26,emp_145,Initial Creation,Initial baseline draft created.,Initial project requirement,,False
REV-DOC-0800-v1,DOC-0800,1.0,,2022-03-20,emp_929,Initial Creation,Initial baseline draft created.,Initial project requirement,,False
REV-DOC-0801-v1,DOC-0801,1.0,,2023-08-08,emp_979,Initial Creation,Initial baseline draft created.,Initial project requirement,,False
REV-DOC-0802-v1,DOC-0802,1.0,,2024-03-15,emp_402,Initial Creation,Initial baseline draft created.,Initial project requirement,emp_001,False
REV-DOC-0803-v1,DOC-0803,1.0,,10/02/2025,emp_956,Initial Creation,Initial baseline draft created.,Initial project requirement,,False
REV-DOC-0804-v1,DOC-0804,1.0,,2026-04-07,emp_159,Initial Creation,Initial baseline draft created.,Initial project requirement,,False
REV-DOC-0805-v1,DOC-0805,1.0,,2021-10-28,emp_332,Initial Creation,Initial baseline draft created.,Initial project requirement,emp_001,False
REV-DOC-0806-v1,DOC-0806,1.0,,2026-06-21,emp_831,Initial Creation,Initial baseline draft created.,Initial project requirement,emp_001,False
REV-DOC-0807-v1,DOC-0807,1.0,,02/22/2022,emp_179,Initial Creation,Initial baseline draft created.,Initial project requirement,,False
REV-DOC-0808-v1,DOC-0808,1.0,,2021-03-05,emp_401,Initial Creation,Initial baseline draft created.,Initial project requirement,,False
REV-DOC-0809-v1,DOC-0809,1.0,,2021-03-08,emp_487,Initial Creation,Initial baseline draft created.,Initial project requirement,,False
REV-DOC-0810-v1,DOC-0810,1.0,,2025-10-02,emp_850,Initial Creation,Initial baseline draft created.,Initial project requirement,emp_001,False
REV-DOC-0811-v1,DOC-0811,1.0,,2022-04-18,emp_918,Initial Creation,Initial baseline draft created.,Initial project requirement,,False
REV-DOC-0812-v1,DOC-0812,1.0,,2026-02-17,emp_617,Initial Creation,Initial baseline draft created.,Initial project requirement,,False
REV-DOC-0813-v1,DOC-0813,1.0,,2025-06-18,emp_720,Initial Creation,Initial baseline draft created.,Initial project requirement,,False
REV-DOC-0814-v1,DOC-0814,1.0,,2021-02-01,emp_997,Initial Creation,Initial baseline draft created.,Initial project requirement,emp_001,False
REV-DOC-0815-v1,DOC-0815,1.0,,2023-11-21,emp_174,Initial Creation,Initial baseline draft created.,Initial project requirement,,False
REV-DOC-0816-v1,DOC-0816,1.0,,2021-06-01,emp_839,Initial Creation,Initial baseline draft created.,Initial project requirement,,False
REV-DOC-0817-v1,DOC-0817,1.0,,2026-01-09,emp_185,Initial Creation,Initial baseline draft created.,Initial project requirement,,False
REV-DOC-0818-v1,DOC-0818,1.0,,2022-11-30,emp_404,Initial Creation,Initial baseline draft created.,Initial project requirement,,False
REV-DOC-0819-v1,DOC-0819,1.0,,2022-08-07,emp_201,Initial Creation,Initial baseline draft created.,Initial project requirement,emp_001,False
REV-DOC-0820-v1,DOC-0820,1.0,,2021-10-16,emp_782,Initial Creation,Initial baseline draft created.,Initial project requirement,,False
REV-DOC-0821-v1,DOC-0821,1.0,,2023-01-27,emp_600,Initial Creation,Initial baseline draft created.,Initial project requirement,,False
REV-DOC-0822-v1,DOC-0822,1.0,,2022-06-23,emp_542,Initial Creation,Initial baseline draft created.,Initial project requirement,,False
REV-DOC-0823-v1,DOC-0823,1.0,,2022-07-20,emp_619,Initial Creation,Initial baseline draft created.,Initial project requirement,emp_001,False
REV-DOC-0824-v1,DOC-0824,1.0,,2024-04-15,emp_351,Initial Creation,Initial baseline draft created.,Initial project requirement,,False
REV-DOC-0825-v1,DOC-0825,1.0,,01/07/2021,emp_628,Initial Creation,Initial baseline draft created.,Initial project requirement,emp_001,False
REV-DOC-0826-v1,DOC-0826,1.0,,2024-09-07,emp_595,Initial Creation,Initial baseline draft created.,Initial project requirement,,False
REV-DOC-0827-v1,DOC-0827,1.0,,2021-08-19,emp_198,Initial Creation,Initial baseline draft created.,Initial project requirement,,False
REV-DOC-0828-v1,DOC-0828,1.0,,2024-12-14,emp_813,Initial Creation,Initial baseline draft created.,Initial project requirement,,False
REV-DOC-0829-v1,DOC-0829,1.0,,2022-06-20,emp_675,Initial Creation,Initial baseline draft created.,Initial project requirement,,False
REV-DOC-0830-v1,DOC-0830,1.0,,2023-04-20,emp_415,Initial Creation,Initial baseline draft created.,Initial project requirement,,False
REV-DOC-0831-v1,DOC-0831,1.0,,2021-05-10,emp_461,Initial Creation,Initial baseline draft created.,Initial project requirement,,True
REV-DOC-0832-v1,DOC-0832,1.0,,2026-04-10,emp_666,Initial Creation,Initial baseline draft created.,Initial project requirement,emp_001,False
REV-DOC-0833-v1,DOC-0833,1.0,,2025-03-16,emp_134,Initial Creation,Initial baseline draft created.,Initial project requirement,,False
REV-DOC-0834-v1,DOC-0834,1.0,,2024-05-23,emp_115,Initial Creation,Initial baseline draft created.,Initial project requirement,emp_001,False
REV-DOC-0835-v1,DOC-0835,1.0,,2026-06-09,emp_202,Initial Creation,Initial baseline draft created.,Initial project requirement,,False
REV-DOC-0836-v1,DOC-0836,1.0,,2025-01-30,emp_117,Initial Creation,Initial baseline draft created.,Initial project requirement,,False
REV-DOC-0837-v1,DOC-0837,1.0,,2021-08-12,emp_588,Initial Creation,Initial baseline draft created.,Initial project requirement,,False
REV-DOC-0838-v1,DOC-0838,1.0,,2025-09-13,emp_512,Initial Creation,Initial baseline draft created.,Initial project requirement,,False
REV-DOC-0839-v1,DOC-0839,1.0,,2025-03-27,emp_374,Initial Creation,Initial baseline draft created.,Initial project requirement,,False
REV-DOC-0840-v1,DOC-0840,1.0,,2023-02-09,emp_535,Initial Creation,Initial baseline draft created.,Initial project requirement,emp_001,False
REV-DOC-0841-v1,DOC-0841,1.0,,2023-09-25,emp_741,Initial Creation,Initial baseline draft created.,Initial project requirement,,False
REV-DOC-0842-v1,DOC-0842,1.0,,2021-10-17,emp_677,Initial Creation,Initial baseline draft created.,Initial project requirement,,False
REV-DOC-0843-v1,DOC-0843,1.0,,2021-01-21,emp_636,Initial Creation,Initial baseline draft created.,Initial project requirement,,False
REV-DOC-0844-v1,DOC-0844,1.0,,2023-08-18,emp_162,Initial Creation,Initial baseline draft created.,Initial project requirement,emp_001,False
REV-DOC-0845-v1,DOC-0845,1.0,,2025-04-20,emp_476,Initial Creation,Initial baseline draft created.,Initial project requirement,,False
REV-DOC-0846-v1,DOC-0846,1.0,,2024-04-17,emp_229,Initial Creation,Initial baseline draft created.,Initial project requirement,,False
REV-DOC-0847-v1,DOC-0847,1.0,,2026-07-19,emp_102,Initial Creation,Initial baseline draft created.,Initial project requirement,emp_001,False
REV-DOC-0848-v1,DOC-0848,1.0,,2023-05-22,emp_926,Initial Creation,Initial baseline draft created.,Initial project requirement,,True
REV-DOC-0849-v1,DOC-0849,1.0,,2025-09-21,emp_180,Initial Creation,Initial baseline draft created.,Initial project requirement,,False
REV-DOC-0850-v1,DOC-0850,1.0,,2024-08-28,emp_671,Initial Creation,Initial baseline draft created.,Initial project requirement,,False
REV-DOC-0851-v1,DOC-0851,1.0,,2022-02-06,emp_865,Initial Creation,Initial baseline draft created.,Initial project requirement,,False
REV-DOC-0852-v1,DOC-0852,1.0,,2024-08-07,emp_762,Initial Creation,Initial baseline draft created.,Initial project requirement,,False
REV-DOC-0853-v1,DOC-0853,1.0,,2023-08-28,emp_602,Initial Creation,Initial baseline draft created.,Initial project requirement,emp_001,False
REV-DOC-0854-v1,DOC-0854,1.0,,2022-10-06,emp_554,Initial Creation,Initial baseline draft created.,Initial project requirement,,False
REV-DOC-0855-v1,DOC-0855,1.0,,2023-05-03,emp_114,Initial Creation,Initial baseline draft created.,Initial project requirement,emp_001,False
REV-DOC-0856-v1,DOC-0856,1.0,,2022-09-30,emp_750,Initial Creation,Initial baseline draft created.,Initial project requirement,,False
REV-DOC-0857-v1,DOC-0857,1.0,,2024-07-07,emp_425,Initial Creation,Initial baseline draft created.,Initial project requirement,,False
REV-DOC-0858-v1,DOC-0858,1.0,,2023-02-16,emp_417,Initial Creation,Initial baseline draft created.,Initial project requirement,,False
REV-DOC-0859-v1,DOC-0859,1.0,,2023-10-01,emp_370,Initial Creation,Initial baseline draft created.,Initial project requirement,,False
REV-DOC-0860-v1,DOC-0860,1.0,,2022-03-08,emp_650,Initial Creation,Initial baseline draft created.,Initial project requirement,,False
REV-DOC-0861-v1,DOC-0861,1.0,,2022-06-13,emp_625,Initial Creation,Initial baseline draft created.,Initial project requirement,,False
REV-DOC-0862-v1,DOC-0862,1.0,,2024-07-13,emp_430,Initial Creation,Initial baseline draft created.,Initial project requirement,emp_001,False
REV-DOC-0863-v1,DOC-0863,1.0,,2023-06-19,emp_290,Initial Creation,Initial baseline draft created.,Initial project requirement,,False
REV-DOC-0864-v1,DOC-0864,1.0,,2025-04-12,emp_998,Initial Creation,Initial baseline draft created.,Initial project requirement,emp_001,False
REV-DOC-0865-v1,DOC-0865,1.0,,2025-06-03,emp_233,Initial Creation,Initial baseline draft created.,Initial project requirement,emp_001,False
REV-DOC-0866-v1,DOC-0866,1.0,,2022-01-14,emp_414,Initial Creation,Initial baseline draft created.,Initial project requirement,,False
REV-DOC-0867-v1,DOC-0867,1.0,,2024-02-01,emp_202,Initial Creation,Initial baseline draft created.,Initial project requirement,,False
REV-DOC-0868-v1,DOC-0868,1.0,,2026-01-14,emp_509,Initial Creation,Initial baseline draft created.,Initial project requirement,,False
REV-DOC-0869-v1,DOC-0869,1.0,,2022-11-28,emp_477,Initial Creation,Initial baseline draft created.,Initial project requirement,emp_001,False
REV-DOC-0870-v1,DOC-0870,1.0,,2023-05-22,emp_493,Initial Creation,Initial baseline draft created.,Initial project requirement,,False
REV-DOC-0871-v1,DOC-0871,1.0,,2022-12-11,emp_925,Initial Creation,Initial baseline draft created.,Initial project requirement,,True
REV-DOC-0872-v1,DOC-0872,1.0,,2022-09-13,emp_532,Initial Creation,Initial baseline draft created.,Initial project requirement,,False
REV-DOC-0873-v1,DOC-0873,1.0,,2026-07-02,emp_904,Initial Creation,Initial baseline draft created.,Initial project requirement,,True
REV-DOC-0874-v1,DOC-0874,1.0,,2022-07-31,emp_149,Initial Creation,Initial baseline draft created.,Initial project requirement,emp_001,False
REV-DOC-0875-v1,DOC-0875,1.0,,2022-01-02,emp_655,Initial Creation,Initial baseline draft created.,Initial project requirement,,False
REV-DOC-0876-v1,DOC-0876,1.0,,2024-01-01,emp_279,Initial Creation,Initial baseline draft created.,Initial project requirement,,False
REV-DOC-0877-v1,DOC-0877,1.0,,2021-03-25,emp_682,Initial Creation,Initial baseline draft created.,Initial project requirement,,False
REV-DOC-0878-v1,DOC-0878,1.0,,2022-01-12,emp_510,Initial Creation,Initial baseline draft created.,Initial project requirement,emp_001,False
REV-DOC-0879-v1,DOC-0879,1.0,,2023-08-27,emp_483,Initial Creation,Initial baseline draft created.,Initial project requirement,,False
REV-DOC-0880-v1,DOC-0880,1.0,,2022-03-01,emp_105,Initial Creation,Initial baseline draft created.,Initial project requirement,,False
REV-DOC-0881-v1,DOC-0881,1.0,,2022-03-29,emp_826,Initial Creation,Initial baseline draft created.,Initial project requirement,,False
REV-DOC-0882-v1,DOC-0882,1.0,,2022-12-11,emp_448,Initial Creation,Initial baseline draft created.,Initial project requirement,,False
REV-DOC-0883-v1,DOC-0883,1.0,,2024-02-24,emp_746,Initial Creation,Initial baseline draft created.,Initial project requirement,emp_001,False
REV-DOC-0884-v1,DOC-0884,1.0,,2024-03-02,emp_739,Initial Creation,Initial baseline draft created.,Initial project requirement,,False
REV-DOC-0885-v1,DOC-0885,1.0,,2022-03-09,emp_505,Initial Creation,Initial baseline draft created.,Initial project requirement,,False
REV-DOC-0886-v1,DOC-0886,1.0,,2024-07-14,emp_888,Initial Creation,Initial baseline draft created.,Initial project requirement,,False
REV-DOC-0887-v1,DOC-0887,1.0,,2023-03-31,emp_994,Initial Creation,Initial baseline draft created.,Initial project requirement,emp_001,False
REV-DOC-0888-v1,DOC-0888,1.0,,2024-06-21,emp_293,Initial Creation,Initial baseline draft created.,Initial project requirement,,False
REV-DOC-0889-v1,DOC-0889,1.0,,2025-03-02,emp_479,Initial Creation,Initial baseline draft created.,Initial project requirement,,False
REV-DOC-0890-v1,DOC-0890,1.0,,2026-01-06,emp_400,Initial Creation,Initial baseline draft created.,Initial project requirement,,False
REV-DOC-0891-v1,DOC-0891,1.0,,2022-05-17,emp_993,Initial Creation,Initial baseline draft created.,Initial project requirement,emp_001,False
REV-DOC-0892-v1,DOC-0892,1.0,,2021-09-05,emp_833,Initial Creation,Initial baseline draft created.,Initial project requirement,emp_001,False
REV-DOC-0893-v1,DOC-0893,1.0,,2021-08-01,emp_906,Initial Creation,Initial baseline draft created.,Initial project requirement,,False
REV-DOC-0894-v1,DOC-0894,1.0,,2022-11-07,emp_370,Initial Creation,Initial baseline draft created.,Initial project requirement,emp_001,False
REV-DOC-0895-v1,DOC-0895,1.0,,2024-05-02,emp_681,Initial Creation,Initial baseline draft created.,Initial project requirement,,False
REV-DOC-0896-v1,DOC-0896,1.0,,2024-10-10,emp_586,Initial Creation,Initial baseline draft created.,Initial project requirement,,False
REV-DOC-0897-v1,DOC-0897,1.0,,2021-10-31,emp_697,Initial Creation,Initial baseline draft created.,Initial project requirement,emp_001,False
REV-DOC-0898-v1,DOC-0898,1.0,,2025-11-08,emp_483,Initial Creation,Initial baseline draft created.,Initial project requirement,,False
REV-DOC-0899-v1,DOC-0899,1.0,,2022-07-24,emp_329,Initial Creation,Initial baseline draft created.,Initial project requirement,,False
REV-DOC-0900-v1,DOC-0900,1.0,,2023-03-28,emp_780,Initial Creation,Initial baseline draft created.,Initial project requirement,,False
REV-DOC-0901-v1,DOC-0901,1.0,,2024-11-13,emp_916,Initial Creation,Initial baseline draft created.,Initial project requirement,,False
REV-DOC-0902-v1,DOC-0902,1.0,,2022-09-13,emp_235,Initial Creation,Initial baseline draft created.,Initial project requirement,,False
REV-DOC-0903-v1,DOC-0903,1.0,,2023-06-25,emp_589,Initial Creation,Initial baseline draft created.,Initial project requirement,,False
REV-DOC-0904-v1,DOC-0904,1.0,,2024-04-21,emp_896,Initial Creation,Initial baseline draft created.,Initial project requirement,,False
REV-DOC-0905-v1,DOC-0905,1.0,,2022-05-25,emp_370,Initial Creation,Initial baseline draft created.,Initial project requirement,,False
REV-DOC-0906-v1,DOC-0906,1.0,,2021-12-01,emp_581,Initial Creation,Initial baseline draft created.,Initial project requirement,emp_001,False
REV-DOC-0907-v1,DOC-0907,1.0,,2025-04-12,emp_897,Initial Creation,Initial baseline draft created.,Initial project requirement,,False
REV-DOC-0908-v1,DOC-0908,1.0,,2025-04-19,emp_260,Initial Creation,Initial baseline draft created.,Initial project requirement,,False
REV-DOC-0909-v1,DOC-0909,1.0,,2023-08-25,emp_334,Initial Creation,Initial baseline draft created.,Initial project requirement,,False
REV-DOC-0910-v1,DOC-0910,1.0,,04/24/2021,emp_105,Initial Creation,Initial baseline draft created.,Initial project requirement,,False
REV-DOC-0911-v1,DOC-0911,1.0,,2021-02-18,emp_952,Initial Creation,Initial baseline draft created.,Initial project requirement,,False
REV-DOC-0912-v1,DOC-0912,1.0,,2022-10-29,emp_348,Initial Creation,Initial baseline draft created.,Initial project requirement,,False
REV-DOC-0913-v1,DOC-0913,1.0,,2024-08-02,emp_203,Initial Creation,Initial baseline draft created.,Initial project requirement,,False
REV-DOC-0914-v1,DOC-0914,1.0,,2024-04-22,emp_994,Initial Creation,Initial baseline draft created.,Initial project requirement,emp_001,False
REV-DOC-0915-v1,DOC-0915,1.0,,2026-01-28,emp_973,Initial Creation,Initial baseline draft created.,Initial project requirement,,False
REV-DOC-0916-v1,DOC-0916,1.0,,05/26/2023,emp_222,Initial Creation,Initial baseline draft created.,Initial project requirement,,False
REV-DOC-0917-v1,DOC-0917,1.0,,2024-03-23,emp_603,Initial Creation,Initial baseline draft created.,Initial project requirement,emp_001,False
REV-DOC-0918-v1,DOC-0918,1.0,,2025-08-02,emp_885,Initial Creation,Initial baseline draft created.,Initial project requirement,,False
REV-DOC-0919-v1,DOC-0919,1.0,,2022-08-25,emp_511,Initial Creation,Initial baseline draft created.,Initial project requirement,,False
REV-DOC-0920-v1,DOC-0920,1.0,,2025-04-26,emp_568,Initial Creation,Initial baseline draft created.,Initial project requirement,,False
REV-DOC-0921-v1,DOC-0921,1.0,,2025-05-16,emp_716,Initial Creation,Initial baseline draft created.,Initial project requirement,,False
REV-DOC-0922-v1,DOC-0922,1.0,,2021-02-25,emp_890,Initial Creation,Initial baseline draft created.,Initial project requirement,,False
REV-DOC-0923-v1,DOC-0923,1.0,,2022-02-26,emp_508,Initial Creation,Initial baseline draft created.,Initial project requirement,,True
REV-DOC-0924-v1,DOC-0924,1.0,,2023-01-04,emp_600,Initial Creation,Initial baseline draft created.,Initial project requirement,,False
REV-DOC-0925-v1,DOC-0925,1.0,,2022-12-28,emp_509,Initial Creation,Initial baseline draft created.,Initial project requirement,,False
REV-DOC-0926-v1,DOC-0926,1.0,,2025-02-03,emp_116,Initial Creation,Initial baseline draft created.,Initial project requirement,emp_001,True
REV-DOC-0927-v1,DOC-0927,1.0,,2023-02-01,emp_987,Initial Creation,Initial baseline draft created.,Initial project requirement,,False
REV-DOC-0928-v1,DOC-0928,1.0,,02/22/2022,emp_130,Initial Creation,Initial baseline draft created.,Initial project requirement,,False
REV-DOC-0929-v1,DOC-0929,1.0,,2023-02-12,emp_147,Initial Creation,Initial baseline draft created.,Initial project requirement,,False
REV-DOC-0930-v1,DOC-0930,1.0,,2025-10-21,emp_550,Initial Creation,Initial baseline draft created.,Initial project requirement,,False
REV-DOC-0931-v1,DOC-0931,1.0,,2022-02-06,emp_604,Initial Creation,Initial baseline draft created.,Initial project requirement,,True
REV-DOC-0932-v1,DOC-0932,1.0,,2025-02-04,emp_356,Initial Creation,Initial baseline draft created.,Initial project requirement,,False
REV-DOC-0933-v1,DOC-0933,1.0,,2024-07-18,emp_865,Initial Creation,Initial baseline draft created.,Initial project requirement,,True
REV-DOC-0934-v1,DOC-0934,1.0,,2022-01-20,emp_978,Initial Creation,Initial baseline draft created.,Initial project requirement,,False
REV-DOC-0935-v1,DOC-0935,1.0,,2022-11-30,emp_290,Initial Creation,Initial baseline draft created.,Initial project requirement,,False
REV-DOC-0936-v1,DOC-0936,1.0,,2025-08-27,emp_332,Initial Creation,Initial baseline draft created.,Initial project requirement,emp_001,False
REV-DOC-0937-v1,DOC-0937,1.0,,2022-02-04,emp_939,Initial Creation,Initial baseline draft created.,Initial project requirement,emp_001,False
REV-DOC-0938-v1,DOC-0938,1.0,,2021-12-08,emp_335,Initial Creation,Initial baseline draft created.,Initial project requirement,,False
REV-DOC-0939-v1,DOC-0939,1.0,,2026-05-19,emp_385,Initial Creation,Initial baseline draft created.,Initial project requirement,,False
REV-DOC-0940-v1,DOC-0940,1.0,,2022-03-04,emp_784,Initial Creation,Initial baseline draft created.,Initial project requirement,emp_001,False
REV-DOC-0941-v1,DOC-0941,1.0,,2022-02-01,emp_500,Initial Creation,Initial baseline draft created.,Initial project requirement,,False
REV-DOC-0942-v1,DOC-0942,1.0,,2025-04-07,emp_788,Initial Creation,Initial baseline draft created.,Initial project requirement,emp_001,False
REV-DOC-0943-v1,DOC-0943,1.0,,2023-07-20,emp_654,Initial Creation,Initial baseline draft created.,Initial project requirement,emp_001,False
REV-DOC-0944-v1,DOC-0944,1.0,,2025-11-30,emp_699,Initial Creation,Initial baseline draft created.,Initial project requirement,,False
REV-DOC-0945-v1,DOC-0945,1.0,,2023-05-14,emp_956,Initial Creation,Initial baseline draft created.,Initial project requirement,emp_001,False
REV-DOC-0946-v1,DOC-0946,1.0,,2021-07-27,emp_185,Initial Creation,Initial baseline draft created.,Initial project requirement,,False
REV-DOC-0947-v1,DOC-0947,1.0,,2021-03-28,emp_991,Initial Creation,Initial baseline draft created.,Initial project requirement,emp_001,False
REV-DOC-0948-v1,DOC-0948,1.0,,2022-12-13,emp_835,Initial Creation,Initial baseline draft created.,Initial project requirement,,False
REV-DOC-0949-v1,DOC-0949,1.0,,2022-01-06,emp_321,Initial Creation,Initial baseline draft created.,Initial project requirement,,False
REV-DOC-0950-v1,DOC-0950,1.0,,2022-10-27,emp_556,Initial Creation,Initial baseline draft created.,Initial project requirement,,True
REV-DOC-0951-v1,DOC-0951,1.0,,2024-01-08,emp_460,Initial Creation,Initial baseline draft created.,Initial project requirement,,False
REV-DOC-0952-v1,DOC-0952,1.0,,12/20/2022,emp_371,Initial Creation,Initial baseline draft created.,Initial project requirement,,True
REV-DOC-0953-v1,DOC-0953,1.0,,2023-03-27,emp_651,Initial Creation,Initial baseline draft created.,Initial project requirement,,False
REV-DOC-0954-v1,DOC-0954,1.0,,2025-09-27,emp_494,Initial Creation,Initial baseline draft created.,Initial project requirement,emp_001,False
REV-DOC-0955-v1,DOC-0955,1.0,,2023-06-21,emp_351,Initial Creation,Initial baseline draft created.,Initial project requirement,,True
REV-DOC-0956-v1,DOC-0956,1.0,,2024-04-04,emp_968,Initial Creation,Initial baseline draft created.,Initial project requirement,,False
REV-DOC-0957-v1,DOC-0957,1.0,,2022-10-21,emp_809,Initial Creation,Initial baseline draft created.,Initial project requirement,,False
REV-DOC-0958-v1,DOC-0958,1.0,,2023-08-11,emp_940,Initial Creation,Initial baseline draft created.,Initial project requirement,emp_001,False
REV-DOC-0959-v1,DOC-0959,1.0,,2021-05-11,emp_588,Initial Creation,Initial baseline draft created.,Initial project requirement,emp_001,False
REV-DOC-0960-v1,DOC-0960,1.0,,2022-09-27,emp_320,Initial Creation,Initial baseline draft created.,Initial project requirement,,False
REV-DOC-0961-v1,DOC-0961,1.0,,2024-04-18,emp_829,Initial Creation,Initial baseline draft created.,Initial project requirement,emp_001,False
REV-DOC-0962-v1,DOC-0962,1.0,,2025-02-01,emp_130,Initial Creation,Initial baseline draft created.,Initial project requirement,,False
REV-DOC-0963-v1,DOC-0963,1.0,,2022-12-29,emp_198,Initial Creation,Initial baseline draft created.,Initial project requirement,,False
REV-DOC-0964-v1,DOC-0964,1.0,,2023-12-09,emp_562,Initial Creation,Initial baseline draft created.,Initial project requirement,emp_001,False
REV-DOC-0965-v1,DOC-0965,1.0,,2021-02-26,emp_493,Initial Creation,Initial baseline draft created.,Initial project requirement,,True
REV-DOC-0966-v1,DOC-0966,1.0,,2025-12-31,emp_687,Initial Creation,Initial baseline draft created.,Initial project requirement,,False
REV-DOC-0967-v1,DOC-0967,1.0,,2024-04-23,emp_457,Initial Creation,Initial baseline draft created.,Initial project requirement,,False
REV-DOC-0968-v1,DOC-0968,1.0,,2021-05-15,emp_219,Initial Creation,Initial baseline draft created.,Initial project requirement,,False
REV-DOC-0969-v1,DOC-0969,1.0,,2026-02-11,emp_193,Initial Creation,Initial baseline draft created.,Initial project requirement,,False
REV-DOC-0970-v1,DOC-0970,1.0,,2021-06-18,emp_545,Initial Creation,Initial baseline draft created.,Initial project requirement,emp_001,False
REV-DOC-0971-v1,DOC-0971,1.0,,2022-01-21,emp_951,Initial Creation,Initial baseline draft created.,Initial project requirement,,False
REV-DOC-0972-v1,DOC-0972,1.0,,2026-05-29,emp_292,Initial Creation,Initial baseline draft created.,Initial project requirement,,False
REV-DOC-0973-v1,DOC-0973,1.0,,05/30/2021,emp_829,Initial Creation,Initial baseline draft created.,Initial project requirement,,False
REV-DOC-0974-v1,DOC-0974,1.0,,2025-08-20,emp_281,Initial Creation,Initial baseline draft created.,Initial project requirement,,False
REV-DOC-0975-v1,DOC-0975,1.0,,2023-04-19,emp_999,Initial Creation,Initial baseline draft created.,Initial project requirement,,False
REV-DOC-0976-v1,DOC-0976,1.0,,2021-09-21,emp_812,Initial Creation,Initial baseline draft created.,Initial project requirement,,True
REV-DOC-0977-v1,DOC-0977,1.0,,2022-08-07,emp_797,Initial Creation,Initial baseline draft created.,Initial project requirement,,False
REV-DOC-0978-v1,DOC-0978,1.0,,2026-08-01,emp_230,Initial Creation,Initial baseline draft created.,Initial project requirement,,True
REV-DOC-0979-v1,DOC-0979,1.0,,2023-06-25,emp_856,Initial Creation,Initial baseline draft created.,Initial project requirement,,False
REV-DOC-0980-v1,DOC-0980,1.0,,2023-03-13,emp_759,Initial Creation,Initial baseline draft created.,Initial project requirement,,False
REV-DOC-0981-v1,DOC-0981,1.0,,2024-05-17,emp_171,Initial Creation,Initial baseline draft created.,Initial project requirement,,False
REV-DOC-0982-v1,DOC-0982,1.0,,2023-01-29,emp_841,Initial Creation,Initial baseline draft created.,Initial project requirement,,False
REV-DOC-0983-v1,DOC-0983,1.0,,2024-02-29,emp_880,Initial Creation,Initial baseline draft created.,Initial project requirement,emp_001,False
REV-DOC-0984-v1,DOC-0984,1.0,,2023-09-09,emp_453,Initial Creation,Initial baseline draft created.,Initial project requirement,,False
REV-DOC-0985-v1,DOC-0985,1.0,,2021-10-22,emp_542,Initial Creation,Initial baseline draft created.,Initial project requirement,,False
REV-DOC-0986-v1,DOC-0986,1.0,,2023-06-29,emp_851,Initial Creation,Initial baseline draft created.,Initial project requirement,,False
REV-DOC-0987-v1,DOC-0987,1.0,,2023-01-15,emp_994,Initial Creation,Initial baseline draft created.,Initial project requirement,,False
REV-DOC-0988-v1,DOC-0988,1.0,,2022-11-23,emp_304,Initial Creation,Initial baseline draft created.,Initial project requirement,,False
REV-DOC-0989-v1,DOC-0989,1.0,,2025-04-25,emp_863,Initial Creation,Initial baseline draft created.,Initial project requirement,,True
REV-DOC-0990-v1,DOC-0990,1.0,,2024-10-16,emp_852,Initial Creation,Initial baseline draft created.,Initial project requirement,emp_001,True
REV-DOC-0991-v1,DOC-0991,1.0,,2023-01-14,emp_414,Initial Creation,Initial baseline draft created.,Initial project requirement,,False
REV-DOC-0992-v1,DOC-0992,1.0,,2021-08-31,emp_267,Initial Creation,Initial baseline draft created.,Initial project requirement,,False
REV-DOC-0993-v1,DOC-0993,1.0,,2021-10-05,emp_199,Initial Creation,Initial baseline draft created.,Initial project requirement,,True
REV-DOC-0994-v1,DOC-0994,1.0,,2025-12-21,emp_447,Initial Creation,Initial baseline draft created.,Initial project requirement,emp_001,False
REV-DOC-0995-v1,DOC-0995,1.0,,2022-12-28,emp_828,Initial Creation,Initial baseline draft created.,Initial project requirement,,False
REV-DOC-0996-v1,DOC-0996,1.0,,2021-04-17,emp_426,Initial Creation,Initial baseline draft created.,Initial project requirement,,False
REV-DOC-0997-v1,DOC-0997,1.0,,2021-09-25,emp_664,Initial Creation,Initial baseline draft created.,Initial project requirement,emp_001,False
REV-DOC-0998-v1,DOC-0998,1.0,,2025-07-03,emp_443,Initial Creation,Initial baseline draft created.,Initial project requirement,,False
REV-DOC-0999-v1,DOC-0999,1.0,,2025-07-08,emp_787,Initial Creation,Initial baseline draft created.,Initial project requirement,,True
REV-DOC-1000-v1,DOC-1000,1.0,,2025-05-15,emp_685,Initial Creation,Initial baseline draft created.,Initial project requirement,emp_001,False
